quaternary,reserve_study,available__gra2_m3_a,recharge__gwr_m3_a,reserve__gwr_m3_a,abstracted__warms_m3_a,surplus__gra2_m3_a,surplus__gwr_m3_a
E10A,1,3 797 140,30 120 000,5 440 000,123 420,3 673 720,24 556 580
E10B,1,5 302 850,37 170 000,6 790 000,12 050 080,-6 747 230,18 329 920
E10C,1,3 596 190,24 790 000,5 660 000,991 600,2 604 590,18 138 400
E10D,1,2 737 390,24 350 000,5 740 000,0,2 737 390,18 610 000
E10E,1,2 361 910,30 670 000,7 490 000,2 091 128,270 782,21 088 872
E10F,1,2 236 760,28 280 000,5 140 000,822 403,1 414 357,22 317 597
E10G,1,2 993 090,26 880 000,4 230 000,1 474 620,1 518 470,21 175 380
E10H,1,1 914 920,9 620 000,1 510 000,255 000,1 659 920,7 855 000
E10J,1,802 408,19 320 000,1 680 000,11 559 316,-10 756 908,6 080 684
E10K,1,572 035,6 670 000,360 000,712 100,- 140 065,5 597 900
E21A,1,2 793 380,14 140 000,1 510 000,2 371 005,422 375,10 258 995
E21B,1,1 976 490,8 870 000,10 000,5 049 746,-3 073 256,3 810 254
E21C,1,1 589 430,8 700 000,70 000,684 524,904 906,7 945 476
E21D,1,3 854 040,18 210 000,1 930 000,3 581 667,272 373,12 698 333
E21E,1,646 065,8 440 000,100 000,1 648 000,-1 001 935,6 692 000
E21F,1,299 506,8 760 000,150 000,3 884,295 623,8 606 117
E21G,1,2 099 100,18 950 000,2 090 000,6 241 017,-4 141 917,10 618 983
E21H,1,1 616 290,31 200 000,16 660 000,1 021 394,594 896,13 518 606
E21J,1,128 272,16 070 000,320 000,189 330,-61 058,15 560 670
E21K,1,272 567,11 620 000,180 000,0,272 567,11 440 000
E21L,1,260 781,2 530 000,140 000,0,260 781,2 390 000
E22A,1,1 597 610,7 530 000,400 000,40 000,1 557 610,7 090 000
E22B,1,1 187 760,6 330 000,430 000,461 535,726 225,5 438 465
E22C,1,2 531 170,4 430 000,360 000,3 600 400,-1 069 230,469 600
E22D,1,676 569,4 210 000,260 000,66 375,610 194,3 883 625
E22E,1,1 670 340,9 850 000,1 780 000,59 000,1 611 340,8 011 000
E22F,1,422 689,1 300 000,210 000,0,422 689,1 090 000
E22G,1,182 416,1 270 000,430 000,0,182 416,840 000
E23A,1,2 337 100,5 810 000,1 050 000,139 846,2 197 254,4 620 154
E23B,1,1 769 910,5 080 000,970 000,27 792,1 742 118,4 082 208
E23C,1,625 246,2 030 000,440 000,0,625 246,1 590 000
E23D,1,1 169 080,3 290 000,1 030 000,0,1 169 080,2 260 000
E23E,1,1 556 340,2 990 000,600 000,12 000,1 544 340,2 378 000
E23F,1,117 987,950 000,510 000,0,117 987,440 000
E23G,1,874 350,2 840 000,800 000,165 358,708 992,1 874 642
E23H,1,1 026 630,2 710 000,910 000,0,1 026 630,1 800 000
E23J,1,548 363,1 870 000,960 000,0,548 363,910 000
E23K,1,70 635,1 080 000,610 000,0,70 635,470 000
E24A,1,1 785 390,6 010 000,480 000,0,1 785 390,5 530 000
E24B,1,1 372 600,5 090 000,860 000,2 821 766,-1 449 166,1 408 234
E24C,1,1 252 430,3 680 000,750 000,0,1 252 430,2 930 000
E24D,1,565 484,1 770 000,960 000,26 000,539 484,784 000
E24E,1,810 070,2 740 000,1 850 000,0,810 070,890 000
E24F,1,706 764,2 230 000,1 070 000,38 880,667 884,1 121 120
E24G,1,540 552,2 200 000,1 160 000,0,540 552,1 040 000
E24H,1,362 386,920 000,560 000,27 500,334 886,332 500
E24J,1,2 851 980,5 130 000,1 240 000,375 979,2 476 001,3 514 021
E24K,1,653 588,3 220 000,750 000,0,653 588,2 470 000
E24L,1,801 693,9 010 000,1 010 000,2 663 954,-1 862 261,5 336 046
E24M,1,779 997,8 410 000,710 000,1 690 000,- 910 003,6 010 000
E31A,1,295 344,1 200 000,20 000,40 000,255 344,1 140 000
E31B,1,413 739,2 230 000,90 000,0,413 739,2 140 000
E31C,1,243 296,890 000,90 000,157 577,85 719,642 423
E31D,1,67 214,480 000,50 000,0,67 214,430 000
E31E,1,23 992,380 000,30 000,298 334,- 274 342,51 666
E31F,1,110 397,920 000,60 000,88 732,21 665,771 268
E31G,1,1 169,680 000,70 000,0,1 169,610 000
E31H,1,21 901,1 090 000,70 000,0,21 901,1 020 000
E32A,1,941 150,4 630 000,400 000,222 588,718 562,4 007 412
E32B,1,170 922,1 520 000,300 000,0,170 922,1 220 000
E32C,1,793 048,2 900 000,230 000,48 634,744 414,2 621 366
E32D,1,277 335,1 080 000,220 000,280 489,-3 154,579 511
E32E,1,93 740,3 860 000,360 000,60 720,33 020,3 439 280
E33A,1,4 085,1 840 000,80 000,21 222,-17 137,1 738 778
E33B,1,88 659,800 000,60 000,0,88 659,740 000
E33C,1,539 718,1 370 000,0,0,539 718,1 370 000
E33D,1,181 402,230 000,140 000,365 000,- 183 598,- 275 000
E33E,1,119 568,1 590 000,70 000,0,119 568,1 520 000
E33F,1,1 138 860,15 870 000,120 000,12 151 141,-11 012 281,3 598 859
E33G,1,550 094,7 190 000,330 000,3 058 859,-2 508 765,3 801 141
E33H,1,229 188,3 050 000,120 000,149 675,79 513,2 780 325
E40A,1,1 074 960,4 440 000,900 000,364 651,710 309,3 175 349
E40B,1,828 626,3 410 000,790 000,565 038,263 588,2 054 962
E40C,1,730 249,3 020 000,130 000,837 482,- 107 233,2 052 518
E40D,1,701 541,3 090 000,1 000 000,19 000,682 541,2 071 000
F50D,0,321 909,Unknown,Unknown,0,321 909,Unknown
F60B,1,141 939,240 000,30 000,0,141 939,210 000
F60C,1,224 888,470 000,40 000,0,224 888,430 000
F60D,1,157 750,360 000,30 000,505 958,- 348 208,- 175 958
F60E,1,239 966,600 000,10 000,0,239 966,590 000
G10A,1,22 935 600,27 160 000,11 740 000,6 218 392,16 717 208,9 201 608
G10B,1,13 214 800,26 810 000,11 800 000,699 392,12 515 408,14 310 608
G10C,1,15 794 700,32 920 000,10 140 000,10 141 330,5 653 370,12 638 670
G10D,1,10 461 500,30 130 000,6 850 000,6 806 411,3 655 089,16 473 589
G10E,1,3 280 970,15 760 000,3 810 000,4 895 252,-1 614 282,7 054 748
G10F,1,2 643 200,14 020 000,3 550 000,1 546 920,1 096 280,8 923 080
G10G,0,10 410 500,Unknown,Unknown,0,10 410 500,Unknown
G10H,1,1 323 560,8 900 000,1 050 000,2 872 861,-1 549 301,4 977 139
G10J,1,101 513,15 480 000,1 750 000,709 168,- 607 655,13 020 832
G10K,1,5 062 690,17 170 000,1 770 000,5 738 021,- 675 331,9 661 979
G10L,1,8 289 660,21 440 000,710 000,4 419 664,3 869 996,16 310 336
G10M,1,9 240 830,32 770 000,1 360 000,9 338 612,-97 782,22 071 388
G21A,0,4 977 610,Unknown,Unknown,596 022,4 381 588,Unknown
G21B,1,1 676 290,10 480 000,670 000,19 009 869,-17 333 579,-9 199 869
G21C,1,1 123 770,6 570 000,990 000,2 569 542,-1 445 772,3 010 458
G21D,1,1 982 440,7 890 000,2 150 000,9 730 216,-7 747 776,-3 990 216
G21E,1,1 870 820,17 530 000,2 220 000,6 671 737,-4 800 917,8 638 263
G21F,0,1 514 010,Unknown,Unknown,484 089,1 029 921,Unknown
G22A,1,4 250 310,17 210 000,1 140 000,144 559,4 105 751,15 925 441
G22B,1,2 970 320,9 990 000,3 110 000,3 214 533,- 244 213,3 665 467
G22C,1,4 818 980,13 070 000,10 250 000,9 961 220,-5 142 240,-7 141 220
G22D,0,7 716 790,Unknown,Unknown,38 037 330,-30 320 540,Unknown
G22E,1,1 902 430,13 580 000,7 380 000,6 463 634,-4 561 204,- 263 634
G22F,0,8 450 900,Unknown,Unknown,410 272,8 040 628,Unknown
G22G,0,2 289 170,Unknown,Unknown,4 774 374,-2 485 204,Unknown
G22H,0,4 583 890,Unknown,Unknown,1 430 234,3 153 656,Unknown
G22J,1,8 252 260,13 210 000,4 300 000,714 867,7 537 393,8 195 133
G22K,1,3 567 360,7 100 000,6 410 000,352 035,3 215 325,337 965
G30A,1,1 123 990,11 870 000,950 000,9 174 519,-8 050 529,1 745 481
G30B,1,32 274,16 850 000,1 530 000,6 513 691,-6 481 417,8 806 309
G30C,1,1 111 750,9 210 000,1 980 000,4 759 601,-3 647 851,2 470 399
G30D,1,1 295 030,13 120 000,1 270 000,8 723 864,-7 428 834,3 126 136
G30E,1,495 343,4 560 000,620 000,8 676 207,-8 180 864,-4 736 207
G30F,1,1 983 650,14 230 000,1 080 000,11 687 460,-9 703 810,1 462 540
G30G,1,1 028 430,10 480 000,540 000,14 192 843,-13 164 413,-4 252 843
G30H,1,1 064 150,15 900 000,650 000,831 825,232 325,14 418 175
G40A,0,5 306 830,Unknown,Unknown,16 500 000,-11 193 170,Unknown
G40B,0,5 282 050,Unknown,Unknown,9 492,5 272 558,Unknown
G40C,1,17 014 500,16 300 000,1 590 000,5 694 758,11 319 742,9 015 242
G40D,0,18 455 700,Unknown,Unknown,409 801,18 045 899,Unknown
G40E,1,1 657 180,11 080 000,1 190 000,3 929 652,-2 272 472,5 960 348
G40F,1,3 422 840,8 010 000,890 000,2 180 846,1 241 994,4 939 154
G40G,0,3 435 750,Unknown,Unknown,1 248 970,2 186 780,Unknown
G40H,1,705 582,6 480 000,1 240 000,4 303 017,-3 597 435,936 983
G40J,1,1 426 260,6 820 000,2 020 000,1 070 740,355 520,3 729 260
G40K,0,575 729,Unknown,Unknown,872 830,- 297 101,Unknown
G40L,1,4 237 110,12 960 000,1 760 000,4 808 157,- 571 047,6 391 843
G40M,1,1 268 670,7 650 000,4 020 000,2 770 072,-1 501 402,859 928
G50A,0,1 246 730,Unknown,Unknown,113 758,1 132 972,Unknown
G50B,0,545 524,Unknown,Unknown,683 149,- 137 625,Unknown
G50C,0,2 172 300,Unknown,Unknown,515 915,1 656 385,Unknown
G50D,1,906 525,5 440 000,1 290 000,252 956,653 569,3 897 044
G50E,1,816 208,5 050 000,880 000,1 118 390,- 302 182,3 051 610
G50F,1,1 683 040,6 700 000,250 000,1 097 174,585 866,5 352 826
G50G,0,17 559,Unknown,Unknown,26 300,-8 741,Unknown
G50H,0,207 174,Unknown,Unknown,36 080,171 094,Unknown
G50J,0,1 292 490,Unknown,Unknown,0,1 292 490,Unknown
G50K,0,623 461,Unknown,Unknown,0,623 461,Unknown
H10A,1,4 951 380,6 160 000,2 150 000,6 275 651,-1 324 271,-2 265 651
H10B,1,4 617 040,9 590 000,2 520 000,9 394 865,-4 777 825,-2 324 865
H10C,0,6 494 310,Unknown,Unknown,24 206 390,-17 712 080,Unknown
H10D,0,5 552 330,Unknown,Unknown,5 000,5 547 330,Unknown
H10E,0,9 525 630,Unknown,Unknown,8 369,9 517 261,Unknown
H10F,0,8 074 210,Unknown,Unknown,8 468 994,- 394 784,Unknown
H10G,0,3 513 520,Unknown,Unknown,21 760 999,-18 247 479,Unknown
H10H,0,6 786 280,Unknown,Unknown,6 293 065,493 215,Unknown
H10J,1,24 720 700,35 590 000,20 910 000,1 723 673,22 997 027,12 956 327
H10K,0,14 035 600,Unknown,Unknown,1 159 948,12 875 652,Unknown
H10L,1,1 052 300,2 260 000,610 000,9 624 622,-8 572 322,-7 974 622
H20A,0,1 066 930,Unknown,Unknown,2 273 757,-1 206 827,Unknown
H20B,0,2 132 350,Unknown,Unknown,5 825 142,-3 692 792,Unknown
H20C,0,1 016 890,Unknown,Unknown,3 068 356,-2 051 466,Unknown
H20D,0,2 526 620,Unknown,Unknown,628 079,1 898 541,Unknown
H20E,0,4 699 670,Unknown,Unknown,946 500,3 753 170,Unknown
H20F,0,2 811 320,Unknown,Unknown,9 072 612,-6 261 292,Unknown
H20G,0,1 046 670,Unknown,Unknown,1 050 378,-3 708,Unknown
H20H,1,141 273,1 040 000,930 000,2 608 823,-2 467 550,-2 498 823
H30A,0,2 299 770,Unknown,Unknown,2 535 977,- 236 207,Unknown
H30B,0,2 538 170,Unknown,Unknown,4 290 943,-1 752 773,Unknown
H30C,0,4 542 680,Unknown,Unknown,2 947 254,1 595 426,Unknown
H30D,0,1 400 150,Unknown,Unknown,2 571 186,-1 171 036,Unknown
H30E,0,314 664,Unknown,Unknown,914 335,- 599 671,Unknown
H40A,0,1 733 650,Unknown,Unknown,123 915,1 609 735,Unknown
H40B,1,3 765 150,10 900 000,300 000,2 147 217,1 617 933,8 452 783
H40C,0,699 313,Unknown,Unknown,1 892 668,-1 193 355,Unknown
H40D,0,352 902,Unknown,Unknown,491 370,- 138 468,Unknown
H40E,1,1 390 910,6 650 000,2 520 000,1 145 921,244 989,2 984 079
H40F,0,2 078 320,Unknown,Unknown,5 400,2 072 920,Unknown
H40G,0,92 629,Unknown,Unknown,2 337 801,-2 245 172,Unknown
H40H,0,1 126 270,Unknown,Unknown,713 449,412 821,Unknown
H40J,0,1 370 390,Unknown,Unknown,1 358 618,11 772,Unknown
H40K,0,1 129 300,Unknown,Unknown,1 362 219,- 232 919,Unknown
H40L,1,638 368,1 780 000,170 000,102 010,536 358,1 507 990
H50A,0,746 792,Unknown,Unknown,671 211,75 581,Unknown
H50B,1,116 560,4 660 000,3 230 000,746 244,- 629 684,683 756
H60A,1,12 614 700,23 640 000,12 860 000,730 488,11 884 212,10 049 512
H60B,1,14 122 900,30 790 000,11 840 000,3 716 098,10 406 802,15 233 902
H60C,1,10 380 900,22 420 000,17 600 000,3 508 282,6 872 618,1 311 718
H60D,0,4 439 360,Unknown,Unknown,193 674,4 245 686,Unknown
H60E,0,3 116 880,Unknown,Unknown,0,3 116 880,Unknown
H60F,0,2 688 440,Unknown,Unknown,864 972,1 823 468,Unknown
H60G,0,1 259 530,Unknown,Unknown,456 229,803 301,Unknown
H60H,0,1 921 620,Unknown,Unknown,486 260,1 435 360,Unknown
H60J,0,1 858 960,Unknown,Unknown,463 072,1 395 888,Unknown
H60K,0,610 661,Unknown,Unknown,164 316,446 345,Unknown
H60L,0,429 975,Unknown,Unknown,263 060,166 915,Unknown
H70A,0,671 099,Unknown,Unknown,222 184,448 915,Unknown
H70B,1,5 398 060,3 370 000,5 830 000,240 531,5 157 529,-2 700 531
H70C,1,1 831 590,4 160 000,800 000,2 453 603,- 622 013,906 397
H70D,0,4 512 880,Unknown,Unknown,146 086,4 366 794,Unknown
H70E,0,6 904 410,Unknown,Unknown,2 860,6 901 550,Unknown
H70F,0,2 328 470,Unknown,Unknown,1 215 660,1 112 810,Unknown
H70G,0,26 648,Unknown,Unknown,0,26 648,Unknown
H70H,0,27 466,Unknown,Unknown,953 750,- 926 284,Unknown
H70J,0,233 587,Unknown,Unknown,0,233 587,Unknown
H70K,0,335 546,Unknown,Unknown,74 073,261 473,Unknown
H80A,1,2 578 480,2 880 000,230 000,8 000,2 570 480,2 642 000
H80B,1,5 192 760,2 520 000,200 000,0,5 192 760,2 320 000
H80C,1,324 572,4 200 000,402 000,784 035,- 459 463,3 013 965
H80D,1,145 953,2 670 000,130 000,79 187,66 766,2 460 813
H80E,1,1 627 950,7 990 000,234 000,49 941,1 578 009,7 706 059
H80F,1,896 331,5 490 000,225 000,754 860,141 471,4 510 140
H90A,1,2 694 040,2 950 000,240 000,134 009,2 560 031,2 575 991
H90B,1,2 273 100,10 630 000,2 820 000,453 120,1 819 980,7 356 880
H90C,1,156 477,3 550 000,399 000,1 364 410,-1 207 933,1 786 590
H90D,1,1 637 020,7 110 000,1 190 000,111 548,1 525 472,5 808 452
H90E,1,383 457,8 770 000,467 000,3 891 736,-3 508 279,4 411 264
J11A,1,2 494 160,2 840 000,0,176 262,2 317 898,2 663 738
J11B,1,3 579 870,2 790 000,0,208 500,3 371 370,2 581 500
J11C,1,780 389,180 000,2 000,0,780 389,178 000
J11D,1,1 061 910,3 280 000,0,576 566,485 344,2 703 434
J11E,1,2 298 660,1 220 000,44 000,3 742 895,-1 444 235,-2 566 895
J11F,1,569 174,430 000,7 000,813 160,- 243 986,- 390 160
J11G,1,808 690,100 000,1 000,30 174,778 516,68 826
J11H,1,1 493 440,3 750 000,80 000,947 489,545 951,2 722 511
J11J,1,2 144 120,3 760 000,22 000,1 602 511,541 609,2 135 489
J11K,1,1 575 370,2 120 000,107 000,1 270 898,304 472,742 102
J12A,1,1 385 860,1 610 000,0,1 191 370,194 490,418 630
J12B,1,829 779,1 310 000,72 000,27 700,802 079,1 210 300
J12C,1,1 103 050,1 290 000,1 000,1 975 020,- 871 970,- 686 020
J12D,1,4 557 530,6 410 000,5 000,5 373 096,- 815 566,1 031 904
J12E,1,1 582 360,1 960 000,15 000,487 598,1 094 762,1 457 402
J12F,1,2 804 640,5 170 000,3 000,405 999,2 398 641,4 761 001
J12G,1,2 150 380,3 360 000,13 000,12 593,2 137 788,3 334 408
J12H,1,1 617 280,3 100 000,0,467 995,1 149 285,2 632 005
J12J,1,613 098,4 380 000,0,274 240,338 858,4 105 760
J12K,1,1 818 260,2 100 000,0,0,1 818 260,2 100 000
J12L,1,3 483 400,4 930 000,36 000,924 248,2 559 152,3 969 752
J12M,1,985 003,2 350 000,10 000,482 206,502 797,1 857 794
J13A,1,1 000 640,3 000 000,10 000,861 621,139 019,2 128 379
J13B,1,1 412 850,2 070 000,16 000,100 200,1 312 650,1 953 800
J13C,1,1 538 210,2 140 000,20 000,269 765,1 268 445,1 850 235
J21A,1,122 325,2 850 000,326 500,2 409 291,-2 286 966,114 209
J21B,1,104 340,470 000,4 000,3 430 464,-3 326 124,-2 964 464
J21C,1,1 462,90 000,4 000,196 631,- 195 169,- 110 631
J21D,1,1 474 100,300 000,0,453 969,1 020 131,- 153 969
J21E,1,22 329,230 000,0,463 092,- 440 763,- 233 092
J22A,1,1 917 490,3 140 000,0,120 000,1 797 490,3 020 000
J22B,1,1 175 130,1 190 000,0,15 000,1 160 130,1 175 000
J22C,1,987 114,1 070 000,2 000,21 500,965 614,1 046 500
J22D,1,855 052,1 100 000,1 000,20 000,835 052,1 079 000
J22E,1,1 414 050,1 060 000,0,24 156,1 389 894,1 035 844
J22F,1,551 832,100 000,8 000,0,551 832,92 000
J22G,1,1 593 940,2 330 000,0,55 000,1 538 940,2 275 000
J22H,1,1 732 090,1 640 000,18 000,44 400,1 687 690,1 577 600
J22J,1,624 791,780 000,0,0,624 791,780 000
J22K,1,1 125 430,360 000,0,207 080,918 350,152 920
J23A,1,1 663 740,290 000,19 000,1 062 686,601 054,- 791 686
J23B,1,1 814 610,460 000,0,60 000,1 754 610,400 000
J23C,1,555 779,250 000,0,139 000,416 779,111 000
J23D,1,866 634,740 000,0,28 000,838 634,712 000
J23E,1,245 657,1 540 000,86 000,75 500,170 157,1 378 500
J23F,1,1 310 730,790 000,63 000,1 007 290,303 440,- 280 290
J23G,1,4 583,500 000,0,0,4 583,500 000
J23H,1,95 579,500 000,0,0,95 579,500 000
J23J,1,220 824,350 000,20 000,80 080,140 744,249 920
J24A,1,3 721 840,2 250 000,2 000,72 000,3 649 840,2 176 000
J24B,1,980 722,490 000,14 000,464 731,515 991,11 269
J24C,1,995 951,130 000,0,55 000,940 951,75 000
J24D,1,48 441,500 000,3 000,94 500,-46 059,402 500
J24E,1,831 185,450 000,0,530 600,300 585,-80 600
J24F,1,113 606,1 150 000,0,54 000,59 606,1 096 000
J25A,1,709 293,690 000,42 000,0,709 293,648 000
J25B,1,841 501,2 200 000,188 000,379 038,462 463,1 632 962
J25C,1,387 660,760 000,12 000,0,387 660,748 000
J25D,1,444 855,1 100 000,137 000,6 500,438 355,956 500
J25E,1,459 452,690 000,4 000,71 000,388 452,615 000
J31A,1,1 961 280,7 360 000,140 000,289 600,1 671 680,6 930 400
J31B,1,305 501,1 460 000,40 000,220 788,84 713,1 199 212
J31C,1,372 888,1 990 000,30 000,159 328,213 560,1 800 672
J31D,1,179 828,2 040 000,42 000,139 400,40 428,1 858 600
J32A,1,466 526,60 000,0,40 000,426 526,20 000
J32B,1,655 644,100 000,8 000,274 720,380 924,- 182 720
J32C,1,1 781 780,500 000,1 000,232 441,1 549 339,266 559
J32D,1,319 659,500 000,0,0,319 659,500 000
J32E,1,953 452,1 900 000,7 000,551 561,401 891,1 341 439
J33A,1,390 072,3 350 000,81 000,486 400,-96 328,2 782 600
J33B,1,446 781,4 920 000,126 000,583 040,- 136 259,4 210 960
J33C,1,324 331,2 120 000,1 000,124 800,199 531,1 994 200
J33D,1,227 889,2 270 000,132 000,17 720,210 169,2 120 280
J33E,1,1 061 250,2 390 000,313 000,1 980 312,- 919 062,96 688
J33F,1,597 642,1 770 000,452 000,617 286,-19 644,700 714
J34A,1,503 625,3 150 000,158 000,1 071 644,- 568 019,1 920 356
J34B,1,1 086 960,4 990 000,187 000,904 093,182 867,3 898 907
J34C,1,2 326 700,7 950 000,296 000,754 131,1 572 569,6 899 869
J34D,1,858 766,3 160 000,900 000,1 585 100,- 726 334,674 900
J34E,1,832 895,2 310 000,132 000,375 000,457 895,1 803 000
J34F,1,624 025,2 210 000,137 000,4 746 107,-4 122 082,-2 673 107
J35A,1,1 106 600,4 550 000,643 000,1 107 928,-1 328,2 799 072
J35B,1,2 243 250,6 280 000,263 000,4 513 316,-2 270 066,1 503 684
J35C,1,349 367,1 400 000,103 000,279 600,69 767,1 017 400
J35D,1,1 886 910,5 580 000,498 000,515 500,1 371 410,4 566 500
J35E,1,103 633,830 000,81 000,772 200,- 668 567,-23 200
J35F,1,974 767,2 300 000,206 000,504 130,470 637,1 589 870
J40A,1,1 331 090,2 250 000,189 000,62 400,1 268 690,1 998 600
J40B,1,813 294,1 650 000,130 000,65 000,748 294,1 455 000
J40C,1,2 090 920,4 820 000,400 000,438 517,1 652 403,3 981 483
J40D,1,1 134 440,5 790 000,534 000,1 717 539,- 583 099,3 538 461
J40E,1,880 835,6 480 000,457 000,714 356,166 479,5 308 644
K10A,1,164 595,2 500 000,692 000,489 244,- 324 649,1 318 756
K10B,1,116 462,1 600 000,173 000,172 050,-55 588,1 254 950
K10C,1,362 615,1 700 000,140 000,84 000,278 615,1 476 000
K10D,1,167 846,1 800 000,154 000,541 554,- 373 708,1 104 446
K10E,1,3 418 640,6 500 000,518 000,77 705,3 340 935,5 904 295
K10F,1,173 210,2 700 000,284 000,155 750,17 460,2 260 250
K20A,1,4 198 100,11 700 000,568 000,48 802,4 149 298,11 083 198
K30A,1,5 783 870,8 600 000,624 000,954 757,4 829 113,7 021 243
K30B,1,4 664 940,7 000 000,538 000,1 022 133,3 642 807,5 439 867
K30C,1,6 090 610,12 700 000,2 301 000,591 274,5 499 336,9 807 726
K30D,1,3 073 430,6 900 000,640 000,225 330,2 848 100,6 034 670
K40A,1,1 847 910,5 500 000,325 000,0,1 847 910,5 175 000
K40B,1,2 764 660,7 300 000,480 000,251 105,2 513 555,6 568 895
K40C,1,4 451 380,6 900 000,537 000,500,4 450 880,6 362 500
K40D,1,3 918 410,9 000 000,704 000,2 275 100,1 643 310,6 020 900
K40E,1,4 640 460,19 100 000,1 083 000,195 000,4 445 460,17 822 000
K50A,1,5 953 860,5 100 000,410 000,45 000,5 908 860,4 645 000
K50B,1,4 652 940,14 400 000,1 055 000,2 430 310,2 222 630,10 914 690
K60A,1,595 683,5 570 000,451 000,123 140,472 543,4 995 860
K60B,1,785 136,4 640 000,370 000,0,785 136,4 270 000
K60C,1,1 023 040,6 340 000,525 000,28 622,994 418,5 786 378
K60D,1,3 283 440,14 830 000,1 196 000,1 250,3 282 190,13 632 750
K60E,1,272 476,3 750 000,322 000,543 272,- 270 796,2 884 728
K60F,1,520 539,7 940 000,732 000,1 083 143,- 562 604,6 124 857
K60G,1,361 888,7 300 000,790 000,2 271 750,-1 909 862,4 238 250
K70A,1,1 902 020,11 750 000,989 000,64 472,1 837 548,10 696 528
K70B,1,6 365 810,3 400 000,278 000,0,6 365 810,3 122 000
W51A,1,9 755 330,32 300 000,15 920 000,0,9 755 330,16 380 000
W51B,1,7 576 430,31 810 000,6 220 000,920 224,6 656 206,24 669 776
W51C,1,12 275 300,28 950 000,6 950 000,451 008,11 824 292,21 548 992
W51D,0,9 451 320,Unknown,Unknown,133 009,9 318 311,Unknown
W51F,1,6 750 440,40 300 000,680 000,232 290,6 518 150,39 387 710
W52A,1,3 451 730,13 020 000,9 370 000,32 236,3 419 494,3 617 764
W52B,1,4 675 540,20 720 000,6 650 000,129 632,4 545 908,13 940 368
W52C,0,2 654 510,Unknown,Unknown,247 000,2 407 510,Unknown
W52D,0,1 667 400,Unknown,Unknown,0,1 667 400,Unknown
W53A,0,6 510 240,Unknown,Unknown,347 005,6 163 235,Unknown
W53B,0,3 199 030,Unknown,Unknown,2 500,3 196 530,Unknown
W53C,0,6 283 420,Unknown,Unknown,56 490,6 226 930,Unknown
W53D,0,5 089 010,Unknown,Unknown,3 600,5 085 410,Unknown
W54A,0,2 889 690,Unknown,Unknown,40 720,2 848 970,Unknown
W54B,0,4 315 490,Unknown,Unknown,34 646,4 280 844,Unknown
W54C,1,1 789 290,7 660 000,3 000 000,0,1 789 290,4 660 000
W54D,0,2 811 260,Unknown,Unknown,37 595,2 773 665,Unknown
W55A,0,9 079 080,Unknown,Unknown,95 444,8 983 636,Unknown
W55B,0,3 217 400,Unknown,Unknown,127 443,3 089 957,Unknown
W55C,0,9 483 380,Unknown,Unknown,101 474,9 381 906,Unknown
W55D,0,4 099 060,Unknown,Unknown,2 628,4 096 432,Unknown
W56A,0,9 563 630,Unknown,Unknown,22 000,9 541 630,Unknown
X11A,1,5 671 760,24 360 000,11 480 000,4 152 165,1 519 595,8 727 835
X11B,1,6 164 360,22 930 000,10 890 000,1 013 593,5 150 767,11 026 407
X11C,1,3 678 850,13 120 000,5 990 000,2 809 100,869 750,4 320 900
X11D,1,4 129,25 970 000,12 240 000,1 373 997,-1 369 868,12 356 003
X11E,1,482 019,11 380 000,4 770 000,382 422,99 597,6 227 578
X11F,1,1 075 220,9 490 000,4 240 000,0,1 075 220,5 250 000
X11G,1,2 591 040,20 580 000,9 650 000,8 513,2 582 527,10 921 487
X11H,1,4 114 720,21 550 000,10 090 000,438 000,3 676 720,11 022 000
X11J,1,4 409 900,15 750 000,7 240 000,1 467 507,2 942 393,7 042 493
X11K,1,2 022 540,16 730 000,7 380 000,710 490,1 312 050,8 639 510
X12A,1,852 607,15 350 000,7 270 000,18 615,833 992,8 061 385
X12B,1,709 817,10 300 000,4 480 000,2 000,707 817,5 818 000
X12C,1,1 371 750,13 280 000,6 520 000,81 676,1 290 074,6 678 324
X12D,1,2 184 820,14 190 000,6 230 000,304 395,1 880 425,7 655 605
X12E,1,3 230 540,20 720 000,9 630 000,0,3 230 540,11 090 000
X12F,1,4 082 750,21 690 000,12 210 000,0,4 082 750,9 480 000
X12G,1,5 177 890,16 900 000,8 680 000,7 589,5 170 301,8 212 411
X12H,1,5 487 410,26 310 000,12 680 000,0,5 487 410,13 630 000
X12J,1,11 021 300,29 620 000,14 300 000,0,11 021 300,15 320 000
X12K,1,5 009 910,10 250 000,13 820 000,0,5 009 910,-3 570 000
X13J,1,10 393 100,20 680 000,10 200 000,754 209,9 638 891,9 725 791
X13K,1,4 485 630,10 250 000,860 000,972 299,3 513 331,8 417 701
X13L,1,2 379 040,5 170 000,380 000,2 636 483,- 257 443,2 153 517
X14A,1,6 558 240,8 890 000,4 200 000,0,6 558 240,4 690 000
X14B,1,4 487 730,11 390 000,5 410 000,0,4 487 730,5 980 000
X14F,1,5 573 780,6 890 000,3 360 000,0,5 573 780,3 530 000
X14G,1,1 059 070,6 000 000,2 290 000,628 740,430 330,3 081 260
X14H,1,3 373 960,8 690 000,3 900 000,17 318 376,-13 944 416,-12 528 376
X21A,1,4 590 200,13 850 000,930 000,276 344,4 313 856,12 643 656
X21B,1,5 515 700,18 810 000,3 270 000,556 857,4 958 843,14 983 143
X21C,1,5 522 880,16 250 000,7 670 000,65 993,5 456 887,8 514 007
X21D,1,3 897 700,10 950 000,4 480 000,800,3 896 900,6 469 200
X21E,1,13 719 200,29 690 000,16 580 000,45 595,13 673 605,13 064 405
X21F,1,5 460 590,18 300 000,8 830 000,924 764,4 535 826,8 545 236
X21G,1,6 514 070,17 510 000,8 000 000,309 773,6 204 297,9 200 227
X21H,1,10 206 600,21 190 000,10 230 000,0,10 206 600,10 960 000
X21J,1,11 743 800,29 260 000,14 080 000,205 268,11 538 532,14 974 732
X21K,1,11 429 600,22 780 000,11 140 000,27 100,11 402 500,11 612 900
X22A,1,13 059 000,23 670 000,11 300 000,72 000,12 987 000,12 298 000
X22B,1,9 486 420,21 240 000,9 750 000,128 914,9 357 506,11 361 086
X22C,1,7 554 680,20 690 000,8 430 000,1 073 150,6 481 530,11 186 850
X22D,1,12 388 900,25 580 000,12 130 000,0,12 388 900,13 450 000
X22E,1,5 701 270,13 920 000,6 750 000,0,5 701 270,7 170 000
X22F,1,4 189 490,11 410 000,3 020 000,129 333,4 060 157,8 260 667
X22G,1,3 937 820,9 390 000,4 720 000,163 620,3 774 200,4 506 380
X22H,1,3 307 060,10 220 000,3 030 000,854 688,2 452 372,6 335 312
X22J,1,3 660 940,12 750 000,5 830 000,201 569,3 459 371,6 718 431
X22K,1,6 389 340,14 570 000,43 430 000,17 738,6 371 603,-28 877 738
X23A,1,5 466 200,10 690 000,4 790 000,11 568,5 454 632,5 888 432
X23B,1,4 100 240,12 380 000,5 130 000,47 391,4 052 849,7 202 609
X23C,1,3 550 410,6 980 000,2 930 000,0,3 550 410,4 050 000
X23D,1,4 563 770,12 890 000,6 110 000,108 206,4 455 564,6 671 794
X23E,1,4 704 410,12 020 000,5 320 000,0,4 704 410,6 700 000
X23F,1,6 732 620,20 290 000,8 550 000,3 260 082,3 472 538,8 479 918
X23G,1,4 980 240,11 200 000,4 970 000,7 300,4 972 940,6 222 700
X23H,1,7 397 900,14 590 000,10 810 000,479 550,6 918 350,3 300 450
X24A,1,2 960 920,7 570 000,4 430 000,463 934,2 496 986,2 676 066
X24B,1,3 891 730,11 060 000,7 050 000,117 650,3 774 080,3 892 350
X24C,1,3 816 090,10 490 000,6 100 000,988 134,2 827 956,3 401 866
X24D,1,5 215 510,10 580 000,52 290 000,1 636 876,3 578 634,-43 346 876
X24E,1,5 548 080,12 280 000,5 560 000,0,5 548 080,6 720 000
X24F,1,2 750 860,5 760 000,1 910 000,787 659,1 963 201,3 062 341
X24G,1,4 812 930,11 690 000,4 840 000,13 680,4 799 250,6 836 320
X24H,1,4 097 710,12 780 000,90 000 000,29 584,4 068 126,-77 249 584
X31A,1,24 113 800,39 150 000,19 240 000,625 063,23 488 737,19 284 937
X31B,1,20 217 100,32 540 000,7 430 000,104 000,20 113 100,25 006 000
X31C,1,17 561 900,25 800 000,5 280 000,0,17 561 900,20 520 000
X31D,1,7 631 250,17 490 000,11 350 000,392 435,7 238 815,5 747 565
X31E,1,18 152 000,26 110 000,12 550 000,77 516,18 074 484,13 482 484
X31F,1,9 087 560,11 660 000,5 410 000,37 440,9 050 120,6 212 560
X31G,1,6 776 160,12 430 000,10 250 000,158 980,6 617 180,2 021 020
X31H,1,3 780 820,6 690 000,2 980 000,112 915,3 667 905,3 597 085
X31J,1,5 041 680,13 540 000,5 700 000,128 530,4 913 150,7 711 470
X31K,1,6 006 380,12 580 000,31 180 000,1 019 198,4 987 182,-19 619 198
X31L,1,3 959 620,13 710 000,6 620 000,360,3 959 260,7 089 640
X31M,1,4 452 820,12 790 000,4 640 000,230 151,4 222 669,7 919 849
X32A,1,4 603 080,7 400 000,3 680 000,0,4 603 080,3 720 000
X32B,0,1 758 760,Unknown,Unknown,0,1 758 760,Unknown
X32C,0,2 856 850,Unknown,Unknown,32 405,2 824 445,Unknown
X32D,1,4 294 180,6 750 000,3 120 000,26 280,4 267 900,3 603 720
X32E,1,2 827 640,4 680 000,2 190 000,182,2 827 458,2 489 818
X32F,1,2 204 530,2 730 000,3 110 000,4 500,2 200 030,- 384 500
X32G,1,3 761 920,5 480 000,2 430 000,34 045,3 727 875,3 015 955
X32H,1,3 385 860,7 210 000,3 070 000,193 203,3 192 657,3 946 797
X32J,1,1 884 920,4 960 000,9 320 000,115 992,1 768 928,-4 475 992
X33A,1,3 081 580,7 850 000,3 160 000,0,3 081 580,4 690 000
X33B,1,1 149 240,3 240 000,900 000,0,1 149 240,2 340 000
X33C,1,321 137,1 270 000,240 000,0,321 137,1 030 000
X33D,1,836 228,3 920 000,1 930 000,0,836 228,1 990 000
X40A,1,3 200 200,9 590 000,2 770 000,23 812,3 176 388,6 796 188
X40B,1,2 205 910,7 710 000,2 400 000,20 000,2 185 910,5 290 000
X40C,1,4 922 600,10 890 000,3 950 000,18 739,4 903 861,6 921 261
X40D,1,1 171 430,4 890 000,1 590 000,0,1 171 430,3 300 000
D11A,0,31 893,Unknown,Unknown,0,31 893,Unknown
D11B,0,0,Unknown,Unknown,0,0,Unknown
D11C,0,0,Unknown,Unknown,0,0,Unknown
D11D,0,0,Unknown,Unknown,0,0,Unknown
D11E,0,0,Unknown,Unknown,0,0,Unknown
D11F,0,0,Unknown,Unknown,0,0,Unknown
D11G,0,0,Unknown,Unknown,0,0,Unknown
D11H,0,0,Unknown,Unknown,0,0,Unknown
D11J,0,0,Unknown,Unknown,0,0,Unknown
D11K,0,0,Unknown,Unknown,0,0,Unknown
D15A,0,0,Unknown,Unknown,0,0,Unknown
D15B,0,0,Unknown,Unknown,0,0,Unknown
D15C,0,0,Unknown,Unknown,0,0,Unknown
D15D,0,0,Unknown,Unknown,0,0,Unknown
D15E,0,0,Unknown,Unknown,0,0,Unknown
D15F,0,0,Unknown,Unknown,0,0,Unknown
D15G,0,1 240 330,Unknown,Unknown,0,1 240 330,Unknown
D16A,0,502 182,Unknown,Unknown,0,502 182,Unknown
D16B,0,0,Unknown,Unknown,0,0,Unknown
D16C,0,0,Unknown,Unknown,0,0,Unknown
D16D,0,764 449,Unknown,Unknown,0,764 449,Unknown
D16E,0,73 473,Unknown,Unknown,0,73 473,Unknown
D16F,0,139 347,Unknown,Unknown,0,139 347,Unknown
D16G,0,167 672,Unknown,Unknown,0,167 672,Unknown
D16H,0,0,Unknown,Unknown,0,0,Unknown
D16J,0,0,Unknown,Unknown,0,0,Unknown
D16K,0,90 603,Unknown,Unknown,0,90 603,Unknown
D16L,0,0,Unknown,Unknown,0,0,Unknown
D16M,0,0,Unknown,Unknown,0,0,Unknown
D17A,0,0,Unknown,Unknown,0,0,Unknown
D17B,0,0,Unknown,Unknown,0,0,Unknown
D17C,0,0,Unknown,Unknown,0,0,Unknown
D17D,0,0,Unknown,Unknown,0,0,Unknown
D17E,0,0,Unknown,Unknown,0,0,Unknown
D17F,0,0,Unknown,Unknown,0,0,Unknown
D17G,0,0,Unknown,Unknown,0,0,Unknown
D17H,0,0,Unknown,Unknown,0,0,Unknown
D17J,0,14 899,Unknown,Unknown,0,14 899,Unknown
D17K,0,0,Unknown,Unknown,0,0,Unknown
D17L,0,56 213,Unknown,Unknown,0,56 213,Unknown
D17M,0,0,Unknown,Unknown,0,0,Unknown
D18A,0,0,Unknown,Unknown,0,0,Unknown
D18B,0,41 495,Unknown,Unknown,0,41 495,Unknown
D18C,0,0,Unknown,Unknown,0,0,Unknown
D18D,0,0,Unknown,Unknown,0,0,Unknown
D18E,0,126 181,Unknown,Unknown,0,126 181,Unknown
D18F,0,0,Unknown,Unknown,0,0,Unknown
D18G,0,260 093,Unknown,Unknown,0,260 093,Unknown
D18H,0,0,Unknown,Unknown,0,0,Unknown
D18J,0,12 513,Unknown,Unknown,0,12 513,Unknown
D18L,0,1 629 700,Unknown,Unknown,10 403,1 619 298,Unknown
D21A,0,1 752 150,Unknown,Unknown,6 000,1 746 150,Unknown
D21B,0,0,Unknown,Unknown,0,0,Unknown
D21C,0,520 660,Unknown,Unknown,0,520 660,Unknown
D21H,0,1 846 120,Unknown,Unknown,0,1 846 120,Unknown
D21J,0,0,Unknown,Unknown,0,0,Unknown
D21K,0,0,Unknown,Unknown,0,0,Unknown
D21L,0,18 132,Unknown,Unknown,0,18 132,Unknown
D22C,0,1 134 700,Unknown,Unknown,0,1 134 700,Unknown
D22E,0,0,Unknown,Unknown,0,0,Unknown
D22F,0,31 969,Unknown,Unknown,0,31 969,Unknown
D22H,0,3 981 380,Unknown,Unknown,195 030,3 786 350,Unknown
D22J,0,0,Unknown,Unknown,0,0,Unknown
D22K,0,0,Unknown,Unknown,0,0,Unknown
D23A,0,2 846 750,Unknown,Unknown,0,2 846 750,Unknown
D23B,0,0,Unknown,Unknown,0,0,Unknown
D23E,0,2 792 370,Unknown,Unknown,0,2 792 370,Unknown
D23F,0,470 498,Unknown,Unknown,0,470 498,Unknown
A10A,0,10 365 600,Unknown,Unknown,0,10 365 600,Unknown
A10B,0,8 538 550,Unknown,Unknown,62 490,8 476 060,Unknown
A10C,0,1 137 980,Unknown,Unknown,0,1 137 980,Unknown
A21A,1,4 674 680,27 641 000,1 147 000,14 462 529,-9 787 849,12 031 471
A21B,1,6 082 220,30 215 000,1 229 000,23 368 676,-17 286 456,5 617 324
A21C,1,1 074 880,18 684 000,1 954 000,4 453 782,-3 378 902,12 276 218
A21D,1,1 935 600,19 655 000,2 323 000,11 142 616,-9 207 016,6 189 384
A21E,1,7 563 430,9 207 000,1 061 000,5 544 356,2 019 074,2 601 644
A21F,1,6 939 210,47 399 000,1 368 000,39 515 905,-32 576 695,6 515 095
A21G,1,685 611,6 238 000,1 736 000,1 038 965,- 353 354,3 463 035
A21H,1,4 083 750,20 892 000,3 171 000,3 904 350,179 400,13 816 650
A21J,1,5 845 760,29 893 000,2 930 000,26 192 914,-20 347 154,770 086
A21K,1,1 941 980,23 279 000,2 018 000,54 848 795,-52 906 815,-33 587 795
A21L,1,71 792,4 497 000,158 039,704 756,- 632 964,3 634 205
A22A,1,10 773 300,21 318 000,528 000,1 474 951,9 298 349,19 315 049
A22B,1,4 764 600,9 365 000,189 000,1 404 446,3 360 154,7 771 554
A22C,1,3 186 120,17 303 000,2 340 000,2 706 915,479 205,12 256 085
A22D,1,7 304 920,14 177 000,95 000,3 497 035,3 807 885,10 584 965
A22E,1,10 400 600,19 386 000,1 470 000,1 817 566,8 583 034,16 098 434
A22F,1,6 092 200,35 691 000,2 137 590,4 139 737,1 952 463,29 413 673
A22G,1,4 173 430,17 989 000,1 427 720,1 410 302,2 763 128,15 150 978
A22H,1,3 056 680,15 612 000,976 000,20 422 602,-17 365 922,-5 786 602
A22J,1,1 857 720,8 518 000,399 000,496 873,1 360 847,7 622 127
A23A,0,1 036 430,Unknown,Unknown,38 034 558,-36 998 128,Unknown
A23B,1,2 880 440,10 502 000,456 000,3 473 586,- 593 146,6 572 414
A23C,1,544 188,6 200 000,146 000,1 083 552,- 539 364,4 970 448
A23D,1,2 256 530,18 726 000,2 680 000,1 653 631,602 899,14 392 369
A23E,1,1 123 320,6 280 000,1 390 000,2 399 015,-1 275 695,2 490 985
A23F,1,1 037 900,6 476 000,3 586 400,168 743,869 157,2 720 857
A23G,1,3 604 300,20 580 000,1 460 000,13 986 709,-10 382 409,5 133 291
A23H,1,3 642 210,28 124 000,308 000,4 586 897,- 944 687,23 229 103
A23J,1,698 495,6 782 000,6 732 590,490 187,208 308,- 440 777
A23K,1,3 343 610,10 964 000,4 253 530,863 205,2 480 405,5 847 265
A23L,1,564 627,3 074 000,640 000,379 487,185 140,2 054 513
A24A,1,980 392,5 730 000,1 020 000,792 604,187 788,3 917 396
A24B,1,302 902,18 594 000,224 000,989 026,- 686 124,17 380 974
A24C,1,3 139 780,20 297 000,126 000,9 993 411,-6 853 631,10 177 589
A24D,1,7 663 030,20 547 000,1 320 000,5 698 233,1 964 797,13 528 767
A24E,1,1 560 150,10 585 000,1 452 000,2 031 820,- 471 670,7 101 180
A24F,1,3 613 080,12 090 000,920 000,23 313 420,-19 700 340,-12 143 420
A24G,1,3 363 920,24 662 000,347 000,427 626,2 936 294,23 887 374
A24H,1,18 634 700,37 309 000,1 999 000,4 677 161,13 957 539,30 632 839
A24J,1,8 182 300,35 192 000,654 000,39 162 356,-30 980 056,-4 624 356
A31A,1,1 992 530,16 878 000,6 000 000,3 464 866,-1 472 336,7 413 134
A31B,1,2 617 840,15 930 000,3 030 000,993 010,1 624 830,11 906 990
A31C,1,4 440 930,15 045 000,1 023 000,1 980 881,2 460 049,12 041 119
A31D,1,4 707 040,20 906 000,1 137 000,3 999 595,707 445,15 769 405
A31E,1,3 911 190,17 336 000,1 008 000,251 699,3 659 491,16 076 301
A31F,1,7 520 120,22 388 000,2 281 000,3 863 671,3 656 449,16 243 329
A31G,1,14 441 400,24 094 000,4 644 000,300 423,14 140 977,19 149 577
A31H,1,11 595 300,15 299 000,928 000,361 590,11 233 710,14 009 410
A31J,1,18 321 200,18 520 000,650 000,940 076,17 381 124,16 929 924
A32A,1,3 847 940,5 425 000,304 000,232 440,3 615 500,4 888 560
A32B,1,6 409 210,14 587 000,534 000,5 476,6 403 734,14 047 524
A32C,1,19 768 000,17 582 000,593 000,378 000,19 390 000,16 611 000
A32D,1,3 100 750,14 373 000,785 000,0,3 100 750,13 588 000
A32E,1,10 276 300,15 775 000,818 000,783 525,9 492 775,14 173 475
A41A,1,3 133 710,17 660 000,3 240 000,233 864,2 899 846,14 186 136
A41B,1,1 525 120,7 860 000,800 000,0,1 525 120,7 060 000
A41C,1,36 765 300,7 860 000,460 000,141 170,36 624 130,7 258 830
A41D,1,34 216 900,16 710 000,590 000,1 556 963,32 659 937,14 563 037
A41E,1,28 943 700,12 410 000,600 000,4 819 458,24 124 242,6 990 542
A42A,1,848 906,18 190 000,4 100 000,3 171 195,-2 322 289,10 918 805
A42B,1,1 245 450,15 770 000,4 080 000,3 625 480,-2 380 030,8 064 520
A42C,1,1 679 330,43 000 000,5 310 000,4 257 993,-2 578 663,33 432 007
A42D,1,3 812 650,16 860 000,9 210 000,163 391,3 649 259,7 486 609
A42E,1,31 964 900,32 980 000,8 300 000,2 571 640,29 393 260,22 108 360
A42F,1,18 622 600,22 460 000,2 500 000,1 464 511,17 158 089,18 495 489
A42G,1,38 767 300,26 400 000,2 720 000,129 511,38 637 789,23 550 489
A42H,1,22 665 600,18 150 000,790 000,64 250,22 601 350,17 295 750
A42J,1,27 754 500,12 810 000,390 000,3 444 378,24 310 122,8 975 622
A50A,1,9 819 620,12 950 000,3 020 000,554 465,9 265 155,9 375 535
A50B,1,4 061 240,13 520 000,3 080 000,0,4 061 240,10 440 000
A50C,1,2 289 630,11 000 000,1 260 000,234 509,2 055 121,9 505 491
A50D,1,7 861 920,13 950 000,2 990 000,49 732,7 812 188,10 910 268
A50E,1,3 308 060,11 710 000,430 000,122 364,3 185 696,11 157 636
A50F,1,6 769 940,6 140 000,230 000,136 000,6 633 940,5 774 000
A50G,1,5 035 650,7 160 000,320 000,1 201 354,3 834 296,5 638 646
A50H,1,8 459 560,11 490 000,370 000,12 237 006,-3 777 446,-1 117 006
A50J,1,6 389 990,9 290 000,740 000,5 467 605,922 385,3 082 395
A61A,1,1 302 710,12 410 000,1 270 000,1 979 403,- 676 693,9 160 597
A61B,1,1 659 940,11 100 000,520 000,389 459,1 270 481,10 190 541
A61C,1,2 855 910,15 400 000,560 000,3 510 121,- 654 211,11 329 879
A61D,1,1 651 740,12 630 000,1 340 000,3 477 288,-1 825 548,7 812 712
A61E,1,1 610 370,12 120 000,620 000,8 501 611,-6 891 241,2 998 389
A61F,1,4 792 590,17 800 000,2 580 000,4 594 745,197 845,10 625 255
A61G,1,4 305 600,19 310 000,2 330 000,16 838 984,-12 533 384,141 016
A61H,1,2 194 030,19 990 000,1 740 000,2 718 374,- 524 344,15 531 626
A61J,1,2 492 040,24 280 000,2 290 000,1 826 775,665 265,20 163 225
A62A,1,1 277 310,12 160 000,3 590 000,270 779,1 006 531,8 299 221
A62B,1,10 692 400,14 740 000,1 780 000,554 586,10 137 814,12 405 414
A62C,1,5 663 910,6 710 000,700 000,650,5 663 260,6 009 350
A62D,1,4 481 140,10 540 000,1 550 000,653 949,3 827 191,8 336 051
A62E,1,6 945 030,6 660 000,1 050 000,1 379 291,5 565 739,4 230 709
A62F,1,5 887 330,7 120 000,750 000,2 370 653,3 516 677,3 999 347
A62G,1,17 393 900,6 830 000,350 000,56 128,17 337 773,6 423 873
A62H,1,14 171 900,8 640 000,830 000,237 578,13 934 322,7 572 422
A62J,1,12 489 100,9 180 000,390 000,79 201,12 409 899,8 710 799
A63A,1,8 970 560,11 640 000,410 000,13 000 242,-4 029 682,-1 770 242
A63B,1,9 249 440,11 060 000,280 000,1 708 219,7 541 221,9 071 781
A63C,1,7 449 150,9 210 000,630 000,2 174 290,5 274 860,6 405 710
A63D,1,10 701 300,12 350 000,630 000,5 646 653,5 054 647,6 073 347
A63E,1,2 793 320,10 650 000,350 000,26 981 795,-24 188 475,-16 681 795
A71A,1,251 563,13 560 000,1 590 000,39 416 635,-39 165 072,-27 446 635
A71B,1,6 877 490,9 480 000,1 850 000,7 300 208,- 422 718,329 792
A71C,1,985 761,11 090 000,1 450 000,19 323 154,-18 337 393,-9 683 154
A71D,1,8 316 890,4 640 000,140 000,6 004 644,2 312 246,-1 504 644
A71E,1,40 061,6 660 000,1 200 000,7 931 718,-7 891 657,-2 471 718
A71F,1,10 863 700,4 380 000,820 000,7 857 651,3 006 049,-4 297 651
A71G,1,15 508 700,6 230 000,590 000,12 346 435,3 162 265,-6 706 435
A71H,1,12 009 400,13 440 000,950 000,17 502 553,-5 493 153,-5 012 553
A71J,1,7 145 070,16 780 000,1 740 000,15 845 464,-8 700 394,- 805 464
A71K,1,3 225 340,979 000,380 000,9 761 376,-6 536 036,-9 162 376
A71L,1,3 860 670,7 130 000,360 000,37 263 427,-33 402 757,-30 493 427
A72A,1,20 541 800,8 230 000,90 000,17 206 260,3 335 540,-9 066 260
A72B,1,4 487 020,8 230 000,550 000,7 761 454,-3 274 434,-81 454
A80A,1,9 793 560,20 430 000,5 590 000,1 358 424,8 435 136,13 481 576
A80B,1,4 250 010,9 300 000,2 010 000,1 328 013,2 921 997,5 961 987
A80C,1,2 116 800,8 710 000,640 000,1 446 320,670 480,6 623 680
A80D,1,1 359 720,3 810 000,640 000,98 339,1 261 381,3 071 661
A80E,1,3 876 550,7 750 000,1 130 000,1 475 108,2 401 442,5 144 892
A80F,1,5 220 650,5 440 000,60 000,4 660 584,560 066,719 416
A80G,1,4 368 280,8 650 000,90 000,10 095 363,-5 727 083,-1 535 363
A80H,1,2 638 130,6 190 000,1 200 000,5 226 518,-2 588 388,- 236 518
A80J,1,2 372 920,3 510 000,160 000,1 674 444,698 476,1 675 556
A91A,1,3 821 350,8 320 000,2 910 000,7 741 745,-3 920 395,-2 331 745
A91B,1,448 712,7 940 000,2 480 000,12 905 631,-12 456 919,-7 445 631
A91C,1,2 498 780,14 200 000,3 230 000,33 811 228,-31 312 448,-22 841 228
A91D,0,8 245 750,Unknown,Unknown,10 919 619,-2 673 869,Unknown
A91E,1,9 414 360,19 250 000,5 310 000,1 464 701,7 949 659,12 475 299
A91F,1,6 393 730,16 290 000,2 930 000,2 427 542,3 966 188,10 932 458
A91G,1,20 436 900,31 690 000,24 050 000,1 839 970,18 596 930,5 800 030
A91H,1,5 007 220,17 590 000,2 780 000,351 136,4 656 084,14 458 864
A91J,0,1 980 590,Unknown,Unknown,143 850,1 836 740,Unknown
A91K,0,909 087,Unknown,Unknown,0,909 087,Unknown
A92A,1,15 529 100,30 230 000,54 440 000,266 805,15 262 295,-24 476 805
A92B,1,9 144 920,27 260 000,3 050 000,261 810,8 883 110,23 948 190
A92C,0,4 299 390,Unknown,Unknown,3 275 092,1 024 298,Unknown
A92D,1,1 794 920,300 000,320 000,615 734,1 179 186,- 635 734
K80A,0,11 382 900,Unknown,Unknown,0,11 382 900,Unknown
K80B,1,16 349 100,25 770 000,22 040 000,0,16 349 100,3 730 000
K80C,1,11 014 600,18 740 000,1 830 000,604 363,10 410 237,16 305 637
K80D,1,7 567 100,19 440 000,11 130 000,3 846 251,3 720 849,4 463 749
K80E,0,3 074 750,Unknown,Unknown,1 931 598,1 143 152,Unknown
K80F,1,1 666 630,11 340 000,2 780 000,2 548 947,- 882 317,6 011 053
K90A,0,1 856 460,Unknown,Unknown,758 384,1 098 076,Unknown
K90B,1,1 133 800,7 850 000,900 000,331 151,802 649,6 618 849
K90C,0,192 276,Unknown,Unknown,442 112,- 249 836,Unknown
K90D,1,789 982,6 190 000,500 000,319 469,470 513,5 370 531
K90E,1,752 366,5 320 000,650 000,852 690,- 100 324,3 817 310
K90F,1,667 072,10 120 000,31 750 000,3 127 893,-2 460 821,-24 757 893
K90G,1,512 426,9 470 000,153 000,5 092 234,-4 579 808,4 224 766
L11A,0,3 868 100,Unknown,Unknown,488 267,3 379 833,Unknown
L11B,0,2 790 470,Unknown,Unknown,33 007,2 757 463,Unknown
L11C,0,2 367 970,Unknown,Unknown,16 000,2 351 970,Unknown
L11D,0,6 225 430,Unknown,Unknown,102 464,6 122 966,Unknown
L11E,1,936 025,3 060 000,410 000,488 696,447 329,2 161 304
L11F,0,2 776 930,Unknown,Unknown,2 112 616,664 314,Unknown
L11G,0,3 894 450,Unknown,Unknown,27 624,3 866 826,Unknown
L12A,0,12 148,Unknown,Unknown,1 121 800,-1 109 652,Unknown
L12B,0,607 337,Unknown,Unknown,637 436,-30 099,Unknown
L12C,0,1 584 950,Unknown,Unknown,835 047,749 903,Unknown
L12D,0,9 569,Unknown,Unknown,611 652,- 602 083,Unknown
L21A,0,3 209 340,Unknown,Unknown,463 320,2 746 020,Unknown
L21B,1,3 830 000,3 530 000,360 000,2 423 713,1 406 287,746 287
L21C,0,5 380 570,Unknown,Unknown,182 439,5 198 131,Unknown
L21D,0,6 958 250,Unknown,Unknown,71 094,6 887 156,Unknown
L21E,1,4 105 770,5 120 000,1 510 000,1 399 453,2 706 317,2 210 547
L21F,0,2 973 720,Unknown,Unknown,338 470,2 635 250,Unknown
L22A,0,4 700 460,Unknown,Unknown,180 267,4 520 193,Unknown
L22B,0,438 033,Unknown,Unknown,123 913,314 120,Unknown
L22C,0,898 869,Unknown,Unknown,803 719,95 150,Unknown
L22D,0,1 942 560,Unknown,Unknown,403 845,1 538 715,Unknown
L23A,0,1 686 960,Unknown,Unknown,60 000,1 626 960,Unknown
L23B,1,466 589,1 200 000,190 000,1 573 561,-1 106 972,- 563 561
L23C,0,2 453 050,Unknown,Unknown,333 653,2 119 397,Unknown
L23D,0,1 219 620,Unknown,Unknown,42 870,1 176 750,Unknown
L30A,0,730 047,Unknown,Unknown,1 222 669,- 492 622,Unknown
L30B,0,38 654,Unknown,Unknown,26 164,12 490,Unknown
L30C,0,308 388,Unknown,Unknown,343 227,-34 839,Unknown
L30D,0,770 985,Unknown,Unknown,301 018,469 967,Unknown
L40A,0,2 861,Unknown,Unknown,224 123,- 221 262,Unknown
L40B,0,1 140 890,Unknown,Unknown,153 829,987 061,Unknown
L50A,0,1 389 110,Unknown,Unknown,135 996,1 253 114,Unknown
L50B,0,342 567,Unknown,Unknown,73 197,269 370,Unknown
L60A,0,124 388,Unknown,Unknown,164 284,-39 896,Unknown
L60B,0,16 344,Unknown,Unknown,68 500,-52 156,Unknown
L70A,0,667 746,Unknown,Unknown,5 600,662 146,Unknown
L70B,0,29 079,Unknown,Unknown,41 543,-12 464,Unknown
L70C,0,698 106,Unknown,Unknown,126 934,571 172,Unknown
L70D,1,471 874,650 000,160 000,367 119,104 755,122 881
L70E,0,743 193,Unknown,Unknown,25 420,717 773,Unknown
L70F,0,495 871,Unknown,Unknown,25 221,470 650,Unknown
L70G,0,332 998,Unknown,Unknown,37 010,295 988,Unknown
L81A,0,1 040 190,Unknown,Unknown,106 380,933 810,Unknown
L81B,0,294 557,Unknown,Unknown,853 480,- 558 923,Unknown
L81C,0,433 980,Unknown,Unknown,286 603,147 377,Unknown
L81D,0,163 363,Unknown,Unknown,31 200,132 163,Unknown
L82A,0,1 095 850,Unknown,Unknown,257 503,838 347,Unknown
L82B,1,2 625 170,9 530 000,690 000,1 110 821,1 514 349,7 729 179
L82C,1,2 548 310,1 500 000,1 980 000,475 156,2 073 154,- 955 156
L82D,0,4 792 470,Unknown,Unknown,1 663 171,3 129 299,Unknown
L82E,0,1 197 970,Unknown,Unknown,49 300,1 148 670,Unknown
L82F,0,187 581,Unknown,Unknown,0,187 581,Unknown
L82G,0,268 672,Unknown,Unknown,0,268 672,Unknown
L82H,0,128 051,Unknown,Unknown,0,128 051,Unknown
L82J,0,129 608,Unknown,Unknown,44 960,84 648,Unknown
L90A,0,984 653,Unknown,Unknown,455 825,528 828,Unknown
L90B,0,3 000 490,Unknown,Unknown,161 225,2 839 265,Unknown
L90C,0,2 941 010,Unknown,Unknown,511 350,2 429 660,Unknown
M10A,1,180 948,3 600 000,660 000,75 926,105 022,2 864 074
M10B,0,287 710,Unknown,Unknown,125 517,162 193,Unknown
M10C,1,385 303,10 180 000,1 980 000,1 141 984,- 756 681,7 058 016
M10D,1,900 668,4 390 000,1 600 000,162 852,737 816,2 627 148
M20A,1,2 220 730,12 000 000,8 600 000,11 460 710,-9 239 980,-8 060 710
M20B,1,1 421 160,10 170 000,3 810 000,1 180 791,240 369,5 179 209
M30A,1,520 242,1 940 000,20 000,3 672 019,-3 151 777,-1 752 019
M30B,1,543 953,1 910 000,320 000,3 684 426,-3 140 473,-2 094 426
N11A,1,4 249 360,8 090 000,110 000,1 633 085,2 616 275,6 346 915
N11B,1,4 732 220,8 340 000,110 000,5 326 132,- 593 912,2 903 868
N12A,0,5 833 700,Unknown,Unknown,2 076 777,3 756 923,Unknown
N12B,0,6 235 850,Unknown,Unknown,301 758,5 934 092,Unknown
N12C,1,4 609 650,8 120 000,890 000,1 141 509,3 468 141,6 088 491
N13A,1,4 055 720,8 300 000,600 000,3 018 574,1 037 146,4 681 426
N13B,1,3 450 960,4 820 000,100 000,2 367 852,1 083 108,2 352 148
N13C,1,1 612 300,2 410 000,350 000,792 834,819 466,1 267 166
N14A,0,43 144,Unknown,Unknown,659 819,- 616 675,Unknown
N14B,0,2 985 010,Unknown,Unknown,927 060,2 057 950,Unknown
N14C,1,924 217,5 920 000,1 140 000,2 712 857,-1 788 640,2 067 143
N14D,0,35 668,Unknown,Unknown,174 703,- 139 035,Unknown
N21A,1,1 500 500,1 030 000,40 000,153 650,1 346 850,836 350
N21B,0,3 407 930,Unknown,Unknown,686 173,2 721 757,Unknown
N21C,0,2 864 330,Unknown,Unknown,1 425 365,1 438 965,Unknown
N21D,0,2 511 460,Unknown,Unknown,113 537,2 397 923,Unknown
N22A,0,659 859,Unknown,Unknown,180 812,479 047,Unknown
N22B,0,61 029,Unknown,Unknown,189 567,- 128 538,Unknown
N22C,0,1 353 770,Unknown,Unknown,300,1 353 470,Unknown
N22D,0,1 690 200,Unknown,Unknown,4 560,1 685 640,Unknown
N22E,0,9 366,Unknown,Unknown,33 069,-23 703,Unknown
N23A,0,1 555 240,Unknown,Unknown,99 660,1 455 580,Unknown
N23B,0,11 875,Unknown,Unknown,77 580,-65 705,Unknown
N24A,0,158 162,Unknown,Unknown,233 666,-75 504,Unknown
N24B,0,49 056,Unknown,Unknown,256 936,- 207 880,Unknown
N24C,0,179 132,Unknown,Unknown,174 873,4 259,Unknown
N24D,0,37 689,Unknown,Unknown,25 593,12 096,Unknown
N30A,0,5 261 090,Unknown,Unknown,4 350 865,910 225,Unknown
N30B,1,3 714 900,5 130 000,560 000,1 285 992,2 428 908,3 284 008
N30C,0,819 749,Unknown,Unknown,72 045,747 704,Unknown
N40A,0,908 943,Unknown,Unknown,12 045,896 898,Unknown
N40B,0,1 132 390,Unknown,Unknown,92 468,1 039 922,Unknown
N40C,0,1 131 870,Unknown,Unknown,54 600,1 077 270,Unknown
N40D,0,1 578 510,Unknown,Unknown,235 018,1 343 492,Unknown
N40E,0,302 392,Unknown,Unknown,10 605,291 787,Unknown
N40F,0,1 770 350,Unknown,Unknown,313 575,1 456 775,Unknown
P10A,1,447 487,2 000 000,260 000,53 194,394 293,1 686 806
P10B,1,1 863 060,7 320 000,1 550 000,139 712,1 723 348,5 630 288
P10C,1,271 519,1 500 000,150 000,63 988,207 531,1 286 012
P10D,1,1 427 890,3 690 000,420 000,431 802,996 088,2 838 198
P10E,1,1 340 730,9 000 000,420 000,1 143 158,197 572,7 436 842
P10F,0,1 985 610,Unknown,Unknown,38 263,1 947 347,Unknown
P10G,0,1 735 240,Unknown,Unknown,14 277,1 720 963,Unknown
P20A,1,2 614 510,15 100 000,2 650 000,944 052,1 670 458,11 505 948
P20B,0,2 343 410,Unknown,Unknown,2 765,2 340 645,Unknown
P30A,0,689 882,Unknown,Unknown,900,688 982,Unknown
P30B,0,2 013 260,Unknown,Unknown,44 263,1 968 997,Unknown
P30C,0,356 940,Unknown,Unknown,5 760,351 180,Unknown
P40A,0,1 231 930,Unknown,Unknown,91 075,1 140 855,Unknown
P40B,0,1 280 510,Unknown,Unknown,330,1 280 180,Unknown
P40C,1,2 319 970,7 660 000,880 000,476 369,1 843 601,6 303 631
P40D,1,1 839 150,5 470 000,1 780 000,123 811,1 715 339,3 566 189
Q11A,0,2 087 350,Unknown,Unknown,360 825,1 726 525,Unknown
Q11B,0,1 589 190,Unknown,Unknown,733 412,855 778,Unknown
Q11C,0,2 119 480,Unknown,Unknown,548 790,1 570 690,Unknown
Q11D,0,1 299 070,Unknown,Unknown,1 247 338,51 732,Unknown
Q12A,0,2 706 100,Unknown,Unknown,680 324,2 025 776,Unknown
Q12B,0,3 491 860,Unknown,Unknown,925 574,2 566 286,Unknown
Q12C,1,515 677,2 020 000,420 000,1 209 760,- 694 083,390 240
Q13A,1,1 972 530,6 250 000,200 000,1 292 857,679 673,4 757 143
Q13B,0,313 093,Unknown,Unknown,121 946,191 147,Unknown
Q13C,0,819 869,Unknown,Unknown,66 319,753 550,Unknown
Q14A,0,2 262 420,Unknown,Unknown,1 085 702,1 176 719,Unknown
Q14B,1,3 278 720,10 810 000,630 000,6 289 679,-3 010 959,3 890 321
Q14C,1,1 742 350,5 730 000,540 000,2 315 786,- 573 436,2 874 214
Q14D,0,1 226 460,Unknown,Unknown,719 804,506 656,Unknown
Q14E,1,1 184 350,6 910 000,260 000,177 408,1 006 942,6 472 592
Q21A,0,2 720 060,Unknown,Unknown,57 200,2 662 860,Unknown
Q21B,0,407 004,Unknown,Unknown,363 211,43 793,Unknown
Q22A,0,1 337 470,Unknown,Unknown,332 630,1 004 840,Unknown
Q22B,0,330 738,Unknown,Unknown,500 040,- 169 302,Unknown
Q30A,0,1 694 850,Unknown,Unknown,765 448,929 402,Unknown
Q30B,0,1 069 630,Unknown,Unknown,227 260,842 370,Unknown
Q30C,0,1 087 930,Unknown,Unknown,339 773,748 157,Unknown
Q30D,0,1 015 750,Unknown,Unknown,249 757,765 993,Unknown
Q30E,1,992 824,3 610 000,270 000,33 773,959 051,3 306 227
Q41A,0,3 179 590,Unknown,Unknown,459 921,2 719 669,Unknown
Q41B,0,4 371 280,Unknown,Unknown,836 524,3 534 756,Unknown
Q41C,0,2 303 260,Unknown,Unknown,589 279,1 713 981,Unknown
Q41D,0,1 644 440,Unknown,Unknown,99 920,1 544 520,Unknown
Q42A,0,2 907 230,Unknown,Unknown,107 477,2 799 753,Unknown
Q42B,0,2 501 440,Unknown,Unknown,308 392,2 193 048,Unknown
Q43A,0,3 629 140,Unknown,Unknown,743 625,2 885 515,Unknown
Q43B,1,4 124 440,6 500 000,130 000,468 379,3 656 061,5 901 621
Q44A,0,1 571 720,Unknown,Unknown,14 400,1 557 320,Unknown
Q44B,0,953 223,Unknown,Unknown,426 298,526 925,Unknown
Q44C,0,711 191,Unknown,Unknown,115 224,595 967,Unknown
Q50A,0,2 649 160,Unknown,Unknown,88 379,2 560 781,Unknown
Q50B,0,2 984 750,Unknown,Unknown,30 600,2 954 150,Unknown
Q50C,0,1 098 450,Unknown,Unknown,0,1 098 450,Unknown
Q60A,0,3 286 250,Unknown,Unknown,0,3 286 250,Unknown
Q60B,0,4 028 250,Unknown,Unknown,2 600,4 025 650,Unknown
Q60C,0,878 997,Unknown,Unknown,5 500,873 497,Unknown
Q70A,0,1 391 040,Unknown,Unknown,5 110,1 385 930,Unknown
Q70B,0,2 112 760,Unknown,Unknown,14 887,2 097 873,Unknown
Q70C,0,959 609,Unknown,Unknown,18 427,941 182,Unknown
Q80A,0,2 859 980,Unknown,Unknown,164 735,2 695 245,Unknown
Q80B,0,2 687 420,Unknown,Unknown,868 542,1 818 878,Unknown
Q80C,0,2 271 560,Unknown,Unknown,719 707,1 551 853,Unknown
Q80D,1,2 443 060,4 600 000,570 000,288 149,2 154 912,3 741 852
Q80E,0,1 587 250,Unknown,Unknown,0,1 587 250,Unknown
Q80F,0,2 893 810,Unknown,Unknown,302 867,2 590 943,Unknown
Q80G,0,861 825,Unknown,Unknown,62 500,799 325,Unknown
Q91A,0,1 818 830,Unknown,Unknown,3 000,1 815 830,Unknown
Q91B,0,2 029 830,Unknown,Unknown,4 586,2 025 244,Unknown
Q91C,1,1 560 920,3 030 000,420 000,0,1 560 920,2 610 000
Q92A,0,4 318 050,Unknown,Unknown,335 915,3 982 135,Unknown
Q92B,0,2 739 870,Unknown,Unknown,22 780,2 717 090,Unknown
Q92C,0,5 822 440,Unknown,Unknown,22 913,5 799 527,Unknown
Q92D,0,1 684 070,Unknown,Unknown,0,1 684 070,Unknown
Q92E,0,1 492 020,Unknown,Unknown,239 300,1 252 720,Unknown
Q92F,0,2 966 550,Unknown,Unknown,1 377 973,1 588 577,Unknown
Q92G,0,4 579 390,Unknown,Unknown,14 545,4 564 845,Unknown
Q93A,0,797 244,Unknown,Unknown,2 738,794 506,Unknown
Q93B,0,1 199 260,Unknown,Unknown,44 343,1 154 917,Unknown
Q93C,0,2 357 800,Unknown,Unknown,0,2 357 800,Unknown
Q93D,0,2 808 930,Unknown,Unknown,38 029,2 770 901,Unknown
Q94A,0,4 174 020,Unknown,Unknown,10 444,4 163 576,Unknown
Q94B,0,1 843 110,Unknown,Unknown,39 340,1 803 770,Unknown
Q94C,0,1 724 200,Unknown,Unknown,0,1 724 200,Unknown
Q94D,0,1 880 780,Unknown,Unknown,0,1 880 780,Unknown
Q94E,0,1 770 470,Unknown,Unknown,56 645,1 713 825,Unknown
Q94F,0,4 004 310,Unknown,Unknown,15 000,3 989 310,Unknown
R10A,0,2 639 890,Unknown,Unknown,324 120,2 315 770,Unknown
R10B,1,3 857 720,6 170 000,1 550 000,118 360,3 739 360,4 501 640
R10C,0,2 019 420,Unknown,Unknown,0,2 019 420,Unknown
R10D,0,1 817 850,Unknown,Unknown,2 190,1 815 660,Unknown
R10E,0,1 009 930,Unknown,Unknown,1 200,1 008 730,Unknown
R10F,0,1 438 230,Unknown,Unknown,14 600,1 423 630,Unknown
R10G,0,1 436 240,Unknown,Unknown,2 160,1 434 080,Unknown
R10H,1,1 087 950,6 750 000,1 740 000,0,1 087 950,5 010 000
R10J,0,778 912,Unknown,Unknown,0,778 912,Unknown
R10K,0,3 063 470,Unknown,Unknown,0,3 063 470,Unknown
R10L,0,2 125 110,Unknown,Unknown,0,2 125 110,Unknown
R10M,0,1 477 500,Unknown,Unknown,0,1 477 500,Unknown
R20A,0,3 165 700,Unknown,Unknown,383 647,2 782 053,Unknown
R20B,1,1 168 590,6 340 000,850 000,1 200,1 167 390,5 488 800
R20C,0,1 261 930,Unknown,Unknown,10,1 261 920,Unknown
R20D,1,1 508 890,10 550 000,1 910 000,0,1 508 890,8 640 000
R20E,0,1 695 220,Unknown,Unknown,186 206,1 509 014,Unknown
R20F,1,1 742 020,10 670 000,2 440 000,0,1 742 020,8 230 000
R20G,0,1 039 820,Unknown,Unknown,77 675,962 145,Unknown
R30A,0,7 173 280,Unknown,Unknown,3 220,7 170 060,Unknown
R30B,1,6 330 960,21 550 000,1 960 000,973 242,5 357 718,18 616 758
R30C,1,4 125 790,20 730 000,1 910 000,89 272,4 036 518,18 730 728
R30D,1,1 688 520,6 180 000,720 000,28 234,1 660 286,5 431 766
R30E,1,3 444 780,19 300 000,1 900 000,269 326,3 175 454,17 130 674
R30F,0,2 424 960,Unknown,Unknown,241 875,2 183 085,Unknown
R40A,1,3 085 060,13 620 000,1 370 000,646 546,2 438 514,11 603 454
R40B,0,2 157 360,Unknown,Unknown,587,2 156 773,Unknown
R40C,1,1 483 620,9 170 000,1 540 000,172 544,1 311 076,7 457 456
R50A,0,2 588 180,Unknown,Unknown,268 679,2 319 501,Unknown
R50B,0,2 047 610,Unknown,Unknown,465 010,1 582 600,Unknown
S10A,0,1 290 850,Unknown,Unknown,5 256,1 285 594,Unknown
S10B,0,2 802 770,Unknown,Unknown,167 086,2 635 684,Unknown
S10C,0,1 502 820,Unknown,Unknown,41 975,1 460 845,Unknown
S10D,0,2 574 170,Unknown,Unknown,130 670,2 443 500,Unknown
S10E,1,1 770 400,8 130 000,1 390 000,163 640,1 606 760,6 576 360
S10F,0,2 370 800,Unknown,Unknown,32 630,2 338 170,Unknown
S10G,0,3 130 520,Unknown,Unknown,61 660,3 068 860,Unknown
S10H,1,2 568 130,16 020 000,2 690 000,1 483 517,1 084 613,11 846 484
S10J,0,2 297 860,Unknown,Unknown,81 775,2 216 085,Unknown
S20A,0,1 277 510,Unknown,Unknown,12 410,1 265 100,Unknown
S20B,1,2 329 220,10 970 000,1 210 000,266 701,2 062 519,9 493 299
S20C,0,4 662 780,Unknown,Unknown,563 707,4 099 073,Unknown
S20D,1,2 787 840,10 500 000,1 830 000,1 580 473,1 207 367,7 089 527
S31A,0,846 821,Unknown,Unknown,214 762,632 059,Unknown
S31B,0,820 120,Unknown,Unknown,118 465,701 655,Unknown
S31C,1,750 936,12 360 000,770 000,445 790,305 146,11 144 210
S31D,0,1 489 160,Unknown,Unknown,78 480,1 410 680,Unknown
S31E,0,4 339 220,Unknown,Unknown,155 577,4 183 643,Unknown
S31F,0,1 217 560,Unknown,Unknown,519 711,697 849,Unknown
S31G,0,700 593,Unknown,Unknown,354 307,346 286,Unknown
S32A,0,2 945 690,Unknown,Unknown,0,2 945 690,Unknown
S32B,0,1 177 470,Unknown,Unknown,166 885,1 010 585,Unknown
S32C,1,3 021 890,14 920 000,1 030 000,230 558,2 791 332,13 659 442
S32D,0,3 678 110,Unknown,Unknown,5 556,3 672 554,Unknown
S32E,0,3 243 610,Unknown,Unknown,3 650,3 239 960,Unknown
S32F,0,2 949 190,Unknown,Unknown,42 340,2 906 850,Unknown
S32G,0,1 763 150,Unknown,Unknown,13 870,1 749 280,Unknown
S32H,0,1 102 130,Unknown,Unknown,54 295,1 047 835,Unknown
S32J,0,1 622 540,Unknown,Unknown,128 326,1 494 214,Unknown
S32K,0,1 736 750,Unknown,Unknown,220 920,1 515 830,Unknown
S32L,0,1 050 640,Unknown,Unknown,72 712,977 928,Unknown
S32M,0,3 480 380,Unknown,Unknown,0,3 480 380,Unknown
S40A,0,2 494 200,Unknown,Unknown,102 912,2 391 288,Unknown
S40B,0,3 240 230,Unknown,Unknown,0,3 240 230,Unknown
S40C,0,2 718 660,Unknown,Unknown,0,2 718 660,Unknown
S40D,0,1 045 240,Unknown,Unknown,0,1 045 240,Unknown
S40E,0,3 349 680,Unknown,Unknown,205 327,3 144 353,Unknown
S40F,0,2 226 380,Unknown,Unknown,5 475,2 220 905,Unknown
S50A,0,2 348 200,Unknown,Unknown,15 600,2 332 600,Unknown
S50B,0,4 527 000,Unknown,Unknown,0,4 527 000,Unknown
S50C,0,3 177 840,Unknown,Unknown,115 000,3 062 840,Unknown
S50D,0,4 693 340,Unknown,Unknown,655 015,4 038 325,Unknown
S50E,0,6 949 140,Unknown,Unknown,107 500,6 841 640,Unknown
S50F,0,993 411,Unknown,Unknown,21 024,972 387,Unknown
S50G,0,5 137 960,Unknown,Unknown,113 469,5 024 491,Unknown
S50H,0,3 118 970,Unknown,Unknown,137 908,2 981 062,Unknown
S50J,0,6 894 670,Unknown,Unknown,95 084,6 799 586,Unknown
S60A,0,7 411 650,Unknown,Unknown,31 717,7 379 933,Unknown
S60B,0,3 173 060,Unknown,Unknown,30 415,3 142 645,Unknown
S60C,0,1 534 920,Unknown,Unknown,29 900,1 505 020,Unknown
S60D,0,1 575 030,Unknown,Unknown,84 301,1 490 729,Unknown
S60E,0,1 761 400,Unknown,Unknown,0,1 761 400,Unknown
S70A,0,3 199 220,Unknown,Unknown,17 384,3 181 836,Unknown
S70B,0,3 013 170,Unknown,Unknown,10 000,3 003 170,Unknown
S70C,0,2 336 740,Unknown,Unknown,0,2 336 740,Unknown
S70D,0,5 849 600,Unknown,Unknown,44 150,5 805 450,Unknown
S70E,1,5 872 640,17 290 000,3 990 000,204 209,5 668 431,13 095 791
S70F,0,6 103 890,Unknown,Unknown,1 200,6 102 690,Unknown
T11A,0,3 621 830,Unknown,Unknown,71 214,3 550 616,Unknown
T11B,0,4 839 660,Unknown,Unknown,87 986,4 751 674,Unknown
T11C,0,6 808 320,Unknown,Unknown,380 418,6 427 902,Unknown
T11D,1,6 063 640,17 980 000,360 000,72 071,5 991 569,17 547 929
T11E,0,5 256 700,Unknown,Unknown,129 744,5 126 956,Unknown
T11F,1,5 768 540,16 030 000,430 000,158 769,5 609 771,15 441 231
T11G,1,4 116 050,16 940 000,350 000,30 042,4 086 008,16 559 958
T11H,0,2 862 990,Unknown,Unknown,0,2 862 990,Unknown
T12A,0,4 811 070,Unknown,Unknown,34 410,4 776 660,Unknown
T12B,0,2 689 170,Unknown,Unknown,0,2 689 170,Unknown
T12C,0,3 306 860,Unknown,Unknown,59 548,3 247 312,Unknown
T12D,0,3 661 220,Unknown,Unknown,104 812,3 556 408,Unknown
T12E,1,5 045 110,18 120 000,310 000,194 125,4 850 985,17 615 875
T12F,0,4 329 530,Unknown,Unknown,0,4 329 530,Unknown
T12G,0,2 920 040,Unknown,Unknown,83 585,2 836 455,Unknown
T13A,0,4 158 250,Unknown,Unknown,25 550,4 132 700,Unknown
T13B,1,3 628 280,12 560 000,370 000,514 437,3 113 843,11 675 563
T13C,1,4 328 750,14 000 000,250 000,0,4 328 750,13 750 000
T13D,0,8 893 660,Unknown,Unknown,6 307,8 887 353,Unknown
T13E,0,5 744 290,Unknown,Unknown,0,5 744 290,Unknown
T20A,0,17 952 800,Unknown,Unknown,8 695,17 944 105,Unknown
T20B,0,12 072 900,Unknown,Unknown,160 376,11 912 524,Unknown
T20C,0,5 746 860,Unknown,Unknown,113 072,5 633 788,Unknown
T20D,0,4 897 020,Unknown,Unknown,437 026,4 459 994,Unknown
T20E,0,5 793 100,Unknown,Unknown,5 000,5 788 100,Unknown
T20F,0,6 672 360,Unknown,Unknown,166 750,6 505 610,Unknown
T20G,0,7 820 460,Unknown,Unknown,0,7 820 460,Unknown
T31A,0,4 355 490,Unknown,Unknown,0,4 355 490,Unknown
T31B,0,5 259 200,Unknown,Unknown,17 140,5 242 060,Unknown
T31C,1,4 922 620,15 250 000,530 000,641 560,4 281 060,14 078 440
T31D,0,5 422 210,Unknown,Unknown,207 355,5 214 855,Unknown
T31E,0,7 135 660,Unknown,Unknown,4 562,7 131 098,Unknown
T31F,0,7 155 000,Unknown,Unknown,3 153 199,4 001 801,Unknown
T31G,0,3 133 850,Unknown,Unknown,73 500,3 060 350,Unknown
T31H,0,9 366 210,Unknown,Unknown,427 292,8 938 918,Unknown
T31J,0,7 252 630,Unknown,Unknown,72 239,7 180 391,Unknown
T32A,1,5 704 160,20 230 000,480 000,1 007 001,4 697 159,18 742 999
T32B,1,4 851 990,17 860 000,530 000,409 332,4 442 658,16 920 668
T32C,0,5 701 130,Unknown,Unknown,77 799,5 623 331,Unknown
T32D,0,4 489 160,Unknown,Unknown,203 528,4 285 632,Unknown
T32E,1,7 402 840,22 260 000,470 000,1 150 113,6 252 727,20 639 887
T32F,0,7 173 870,Unknown,Unknown,538 330,6 635 540,Unknown
T32G,0,12 338 700,Unknown,Unknown,265 279,12 073 421,Unknown
T32H,0,11 771 600,Unknown,Unknown,409 316,11 362 284,Unknown
T33A,1,8 540 260,33 270 000,17 150 000,3 232 821,5 307 439,12 887 179
T33B,0,6 950 950,Unknown,Unknown,4 198,6 946 752,Unknown
T33C,0,4 713 430,Unknown,Unknown,99 215,4 614 215,Unknown
T33D,1,4 792 870,18 800 000,520 000,1 622 546,3 170 324,16 657 454
T33E,0,3 352 480,Unknown,Unknown,170 176,3 182 304,Unknown
T33F,0,7 315 330,Unknown,Unknown,1 351 160,5 964 170,Unknown
T33G,0,6 804 190,Unknown,Unknown,1 109 484,5 694 706,Unknown
T33H,1,5 470 930,30 060 000,740 000,917 448,4 553 482,28 402 552
T33J,1,4 781 410,25 590 000,530 000,99 315,4 682 095,24 960 685
T33K,0,2 972 200,Unknown,Unknown,67 650,2 904 550,Unknown
T34A,0,5 878 380,Unknown,Unknown,0,5 878 380,Unknown
T34B,0,5 293 800,Unknown,Unknown,18 980,5 274 820,Unknown
T34C,0,5 022 380,Unknown,Unknown,96 907,4 925 473,Unknown
T34D,0,7 628 290,Unknown,Unknown,136 567,7 491 723,Unknown
T34E,0,6 321 610,Unknown,Unknown,0,6 321 610,Unknown
T34F,0,5 768 750,Unknown,Unknown,17 042,5 751 708,Unknown
T34G,0,9 137 040,Unknown,Unknown,207 813,8 929 227,Unknown
T34H,0,15 111 300,Unknown,Unknown,365 029,14 746 271,Unknown
T34J,0,2 621 490,Unknown,Unknown,84 456,2 537 034,Unknown
T34K,0,3 288 140,Unknown,Unknown,79 515,3 208 625,Unknown
T35A,0,12 557 200,Unknown,Unknown,0,12 557 200,Unknown
T35B,0,10 973 900,Unknown,Unknown,21 900,10 952 000,Unknown
T35C,0,8 702 080,Unknown,Unknown,11 177,8 690 903,Unknown
T35D,0,7 538 020,Unknown,Unknown,16 252,7 521 768,Unknown
T35E,0,15 211 400,Unknown,Unknown,79 934,15 131 466,Unknown
T35F,0,8 008 770,Unknown,Unknown,93 460,7 915 310,Unknown
T35G,0,10 563 300,Unknown,Unknown,164 800,10 398 500,Unknown
T35H,0,13 454 800,Unknown,Unknown,225 716,13 229 084,Unknown
T35J,0,6 632 100,Unknown,Unknown,356 134,6 275 966,Unknown
T35K,0,14 739 000,Unknown,Unknown,1 075 739,13 663 261,Unknown
T35L,1,4 521 760,19 810 000,400 000,39 795,4 481 965,19 370 205
T35M,1,5 609 470,17 740 000,380 000,122 225,5 487 245,17 237 775
T36A,0,12 949 800,Unknown,Unknown,0,12 949 800,Unknown
T36B,0,12 782 400,Unknown,Unknown,0,12 782 400,Unknown
T60A,0,13 698 300,Unknown,Unknown,200 828,13 497 472,Unknown
T60B,0,16 746 500,Unknown,Unknown,47 384,16 699 116,Unknown
T60C,0,12 767 500,Unknown,Unknown,20 040,12 747 460,Unknown
T60D,0,10 255 600,Unknown,Unknown,314 639,9 940 961,Unknown
T60E,0,6 054 990,Unknown,Unknown,104 921,5 950 069,Unknown
T60F,1,16 915 600,44 000 000,10 640 000,196 220,16 719 380,33 163 780
T60G,0,13 529 100,Unknown,Unknown,12 947,13 516 153,Unknown
T60H,0,15 540 200,Unknown,Unknown,26 700,15 513 500,Unknown
T60J,1,14 810 100,48 480 000,15 170 000,0,14 810 100,33 310 000
T60K,0,13 429 600,Unknown,Unknown,0,13 429 600,Unknown
T70A,0,6 213 070,Unknown,Unknown,15 000,6 198 070,Unknown
T70B,1,10 720 900,18 000 000,9 000 000,71 802,10 649 098,8 928 198
T70C,1,6 542 280,22 170 000,5 080 000,500,6 541 780,17 089 500
T70D,1,15 518 600,51 480 000,14 720 000,0,15 518 600,36 760 000
T70E,0,3 860 130,Unknown,Unknown,38 000,3 822 130,Unknown
T70F,0,8 091 210,Unknown,Unknown,0,8 091 210,Unknown
T70G,1,9 026 830,32 040 000,7 120 000,95 555,8 931 275,24 824 445
T80A,1,9 252 290,28 710 000,7 410 000,0,9 252 290,21 300 000
T80B,0,8 288 950,Unknown,Unknown,0,8 288 950,Unknown
T80C,0,6 507 880,Unknown,Unknown,40 000,6 467 880,Unknown
T80D,1,10 903 900,32 800 000,8 500 000,55 552,10 848 348,24 244 448
T90A,1,4 244 750,15 000 000,3 700 000,126 999,4 117 751,11 173 001
T90B,0,13 141 400,Unknown,Unknown,0,13 141 400,Unknown
T90C,0,7 365 440,Unknown,Unknown,0,7 365 440,Unknown
T90D,0,5 610 340,Unknown,Unknown,600,5 609 740,Unknown
T90E,0,7 788 200,Unknown,Unknown,0,7 788 200,Unknown
T90F,1,7 568 790,18 000 000,8 000 000,4 560,7 564 230,9 995 440
T90G,1,9 689 080,23 000 000,8 650 000,810 086,8 878 994,13 539 914
B11A,1,4 936 420,33 040 000,4 190 000,4 045 079,891 341,24 804 921
B11B,1,3 444 940,14 960 000,1 070 000,6 061 175,-2 616 235,7 828 825
B11C,1,1 507 130,12 960 000,1 650 000,359 521,1 147 609,10 950 479
B11D,1,2 588 130,18 500 000,2 170 000,1 189 104,1 399 026,15 140 896
B11E,1,2 885 570,15 920 000,1 810 000,77 676 012,-74 790 442,-63 566 012
B11F,1,3 248 710,14 810 000,770 000,60 990 189,-57 741 479,-46 950 189
B11G,1,3 060 870,12 740 000,650 000,7 199 277,-4 138 407,4 890 723
B11H,1,2 175 040,8 550 000,980 000,721 737,1 453 303,6 848 263
B11J,1,1 195 980,9 180 000,1 660 000,408 724,787 256,7 111 276
B11K,1,1 646 460,12 930 000,1 480 000,24 883 790,-23 237 330,-13 433 790
B11L,1,1 155 920,8 370 000,4 610 000,49 943,1 105 977,3 710 057
B12A,1,2 988 890,13 670 000,1 910 000,404 237,2 584 653,11 355 763
B12B,1,6 348 250,22 950 000,1 110 000,5 473 337,874 913,16 366 663
B12C,1,4 741 920,29 430 000,1 830 000,2 160 282,2 581 638,25 439 718
B12D,1,3 088 970,12 730 000,4 990 000,407 883,2 681 087,7 332 117
B12E,1,1 966 330,15 180 000,9 900 000,44 666,1 921 664,5 235 334
B20A,1,4 380 400,22 710 000,2 830 000,15 120 355,-10 739 955,4 759 645
B20B,1,5 169 820,19 120 000,1 320 000,13 364 858,-8 195 038,4 435 142
B20C,1,7 392 070,12 280 000,4 740 000,2 181 056,5 211 014,5 358 944
B20D,1,8 510 440,16 260 000,4 200 000,3 296 361,5 214 079,8 763 639
B20E,1,3 966 810,20 370 000,2 480 000,2 916 284,1 050 526,14 973 716
B20F,1,6 300 250,16 810 000,2 250 000,2 611 212,3 689 038,11 948 788
B20G,1,2 567 750,17 480 000,5 170 000,6 159 063,-3 591 313,6 150 937
B20H,1,2 446 690,18 870 000,10 760 000,911 830,1 534 860,7 198 170
B20J,1,1 739 990,14 170 000,7 390 000,976 082,763 909,5 803 919
B31A,1,4 703 680,13 080 000,1 490 000,3 242 366,1 461 314,8 347 634
B31B,1,2 185 950,12 320 000,2 830 000,2 155 984,29 966,7 334 016
B31C,1,472 452,11 340 000,2 270 000,98 914,373 538,8 971 086
B31D,1,1 005 110,16 710 000,2 580 000,1 784 951,- 779 841,12 345 049
B31E,1,7 621 700,19 420 000,1 650 000,12 561 916,-4 940 216,5 208 084
B31F,1,4 137 750,16 280 000,430 000,69 519,4 068 231,15 780 481
B31G,1,2 753 400,13 080 000,2 850 000,13 650,2 739 750,10 216 350
B31H,1,2 872 950,17 580 000,4 640 000,829 541,2 043 409,12 110 459
B31J,1,5 514 210,15 500 000,1 040 000,21 440 167,-15 925 957,-6 980 167
B32A,1,3 467 840,44 280 000,15 700 000,346 558,3 121 282,28 233 442
B32B,1,3 811 700,34 260 000,4 040 000,211 805,3 599 895,30 008 195
B32C,1,2 978 950,16 080 000,4 510 000,2 169 846,809 104,9 400 154
B32D,1,3 924 800,27 750 000,2 070 000,6 344 142,-2 419 342,19 335 858
B32E,1,1 891 280,10 870 000,900 000,48 888,1 842 392,9 921 112
B32F,1,6 294 770,35 160 000,960 000,632 685,5 662 085,33 567 315
B32G,1,9 301 560,30 920 000,8 690 000,1 258 072,8 043 488,20 971 928
B32H,1,3 850 610,21 150 000,4 480 000,2 452 507,1 398 103,14 217 493
B32J,1,2 538 500,9 510 000,490 000,1 232 546,1 305 954,7 787 454
B41A,1,5 463 300,4 370 000,6 300 000,888 524,4 574 776,-2 818 524
B41B,1,4 535 180,43 870 000,12 200 000,990 734,3 544 446,30 679 266
B41C,1,968 577,16 800 000,6 310 000,1 400 922,- 432 345,9 089 078
B41D,1,3 342 400,21 000 000,5 120 000,171 723,3 170 677,15 708 277
B41E,1,2 078 940,11 690 000,270 000,99 800,1 979 140,11 320 200
B41F,1,1 451 720,20 540 000,7 930 000,900,1 450 820,12 609 100
B41G,1,1 723 170,23 000 000,6 500 000,14 048 067,-12 324 897,2 451 933
B41H,1,4 329 280,20 400 000,650 000,2 522 889,1 806 391,17 227 111
B41J,1,5 825 930,33 050 000,1 480 000,15 283 804,-9 457 874,16 286 196
B41K,1,6 832 910,31 810 000,700 000,69 635,6 763 275,31 040 365
B42A,1,2 374 460,19 720 000,15 430 000,299 311,2 075 149,3 990 689
B42B,1,3 049 080,15 030 000,12 970 000,74 337,2 974 743,1 985 663
B42C,1,1 800 120,9 570 000,1 420 000,647 427,1 152 693,7 502 573
B42D,1,3 476 990,12 390 000,11 440 000,156,3 476 834,949 844
B42E,1,2 033 760,11 420 000,1 260 000,287 300,1 746 460,9 872 700
B42F,1,1 224 600,16 370 000,12 430 000,165 823,1 058 777,3 774 177
B42G,1,3 515 350,17 680 000,2 140 000,1 453 644,2 061 706,14 086 356
B42H,1,4 594 100,19 500 000,600 000,615 980,3 978 120,18 284 020
B51A,1,1 951 860,7 680 000,570 000,54 209,1 897 651,7 055 791
B51B,1,3 312 600,13 660 000,560 000,66 758,3 245 842,13 033 242
B51C,1,3 014 850,13 500 000,520 000,2 250,3 012 600,12 977 750
B51E,1,5 307 100,52 810 000,1 900 000,18 387 219,-13 080 119,32 522 781
B51F,1,4 576 840,9 050 000,80 000,2 048 847,2 527 993,6 921 153
B51G,1,267 900,11 100 000,1 330 000,9 394 032,-9 126 132,375 968
B51H,1,4 269 910,16 280 000,1 010 000,125 632,4 144 278,15 144 368
B52A,1,1 524 840,11 810 000,650 000,119 270,1 405 570,11 040 730
B52B,1,4 148 210,13 990 000,1 180 000,757 351,3 390 859,12 052 649
B52C,0,2 508 830,Unknown,Unknown,50 245,2 458 585,Unknown
B52D,1,1 386 940,9 200 000,630 000,6 367 995,-4 981 055,2 202 005
B52E,1,2 855 440,9 720 000,390 000,1 382 964,1 472 476,7 947 036
B52F,1,1 543 510,2 640 000,90 000,25 611,1 517 899,2 524 389
B52G,1,1 895 950,9 260 000,560 000,133 730,1 762 220,8 566 270
B52H,1,8 583 830,14 870 000,830 000,112 647,8 471 183,13 927 353
B52J,1,3 386 410,12 120 000,460 000,11 754 677,-8 368 267,-94 677
B60A,1,15 932 700,22 220 000,48 140 000,8 748,15 923 952,-25 928 748
B60B,1,17 806 700,29 610 000,56 920 000,0,17 806 700,-27 310 000
B60C,1,7 202 100,9 640 000,22 430 000,0,7 202 100,-12 790 000
B60D,1,4 329 170,20 890 000,20 720 000,7 654,4 321 516,162 346
B60E,1,2 430 450,6 850 000,6 450 000,1 260,2 429 190,398 740
B60F,1,5 623 160,24 490 000,3 400 000,3 212 649,2 410 511,17 877 351
B60G,1,7 285 580,24 420 000,2 500 000,3 523 239,3 762 341,18 396 761
B60H,1,3 948 760,26 660 000,4 510 000,2 655 674,1 293 086,19 494 326
B60J,1,3 829 170,53 150 000,32 910 000,726 150,3 103 020,19 513 850
B71A,0,2 746 040,Unknown,Unknown,1 218 350,1 527 690,Unknown
B71B,0,1 099 790,Unknown,Unknown,1 105 444,-5 654,Unknown
B71C,0,6 168 850,Unknown,Unknown,0,6 168 850,Unknown
B71D,0,1 757 830,Unknown,Unknown,0,1 757 830,Unknown
B71E,1,5 235 300,23 100 000,3 050 000,4 859 286,376 014,15 190 714
B71F,1,7 531 770,30 940 000,7 860 000,60 602,7 471 169,23 019 399
B71G,1,3 928 030,16 460 000,11 430 000,31 104,3 896 926,4 998 896
B71H,1,4 958 810,10 140 000,200 000,6 132 335,-1 173 525,3 807 665
B71J,0,471 144,Unknown,Unknown,189 950,281 194,Unknown
B72A,1,4 289 910,23 900 000,6 660 000,4 727 731,- 437 821,12 512 269
B72B,1,1 067 820,8 490 000,470 000,163 050,904 770,7 856 950
B72C,1,1 682 070,8 300 000,600 000,268 187,1 413 883,7 431 813
B72D,1,1 751 480,21 600 000,10 000,154 488,1 596 992,21 435 512
B72E,1,3 831 840,14 790 000,13 160 000,460 199,3 371 641,1 169 801
B72F,1,1 642 920,3 480 000,3 770 000,5 000,1 637 920,- 295 000
B72G,1,784 722,1 510 000,500 000,5 098 871,-4 314 149,-4 088 871
B72H,1,4 441 510,11 830 000,910 000,4 820 472,- 378 962,6 099 528
B72J,1,4 988 440,15 960 000,1 230 000,376 441,4 611 999,14 353 559
B72K,1,3 189 930,23 930 000,8 520 000,3 893 233,- 703 303,11 516 767
B73A,1,5 548 240,7 870 000,11 370 000,5 952,5 542 288,-3 505 952
B73B,1,1 702 810,16 870 000,10 000,48 733,1 654 077,16 811 267
B73C,1,3 180 060,22 490 000,1 730 000,15 000,3 165 060,20 745 000
B73D,1,2 757 780,17 250 000,0,233 964,2 523 816,17 016 036
B73E,1,2 623 430,13 270 000,0,216 152,2 407 278,13 053 848
B73F,1,2 947 020,14 430 000,0,0,2 947 020,14 430 000
B73G,1,2 993 230,19 540 000,0,0,2 993 230,19 540 000
B73H,1,563 561,7 080 000,3 610 000,0,563 561,3 470 000
B73J,1,425 337,6 490 000,0,0,425 337,6 490 000
B81A,1,8 138 550,27 700 000,12 430 000,632 266,7 506 284,14 637 734
B81B,0,17 801 400,Unknown,Unknown,6 784 888,11 016 512,Unknown
B81C,1,2 996 120,6 410 000,1 940 000,4 284 726,-1 288 606,185 274
B81D,1,4 516 630,26 400 000,9 840 000,2 363 714,2 152 916,14 196 286
B81E,1,9 413 720,19 040 000,1 940 000,13 655 059,-4 241 339,3 444 941
B81F,1,9 147 200,17 270 000,800 000,13 554 211,-4 407 011,2 915 789
B81G,1,6 910 340,9 700 000,2 290 000,3 110 221,3 800 119,4 299 779
B81H,1,5 752 490,6 710 000,760 000,373 550,5 378 940,5 576 450
B81J,0,4 144 510,Unknown,Unknown,154 615,3 989 895,Unknown
B82A,1,2 833 070,14 600 000,2 400 000,4 750 616,-1 917 546,7 449 384
B82B,1,4 258 770,12 860 000,720 000,9 087 570,-4 828 800,3 052 430
B82C,1,2 742 160,11 200 000,1 500 000,7 332 662,-4 590 502,2 367 338
B82D,1,288 858,13 510 000,1 840 000,423 628,- 134 770,11 246 372
B82E,0,939 495,Unknown,Unknown,17 592 064,-16 652 569,Unknown
B82F,1,3 350 920,22 050 000,4 170 000,1 614 479,1 736 441,16 265 521
B82G,1,8 216 230,10 960 000,1 610 000,5 970 325,2 245 905,3 379 675
B82H,1,5 562 820,8 030 000,1 030 000,825 062,4 737 758,6 174 938
B82J,0,4 152 820,Unknown,Unknown,0,4 152 820,Unknown
B83A,0,6 477 780,Unknown,Unknown,0,6 477 780,Unknown
B83B,0,3 330 050,Unknown,Unknown,0,3 330 050,Unknown
B83C,0,3 337 420,Unknown,Unknown,0,3 337 420,Unknown
B83D,0,4 511 110,Unknown,Unknown,0,4 511 110,Unknown
B83E,0,1 358 370,Unknown,Unknown,0,1 358 370,Unknown
B90A,0,1 823 690,Unknown,Unknown,0,1 823 690,Unknown
B90B,1,3 990 570,8 790 000,1 250 000,1 757 043,2 233 527,5 782 957
B90C,1,2 508 410,6 300 000,1 040 000,128 048,2 380 362,5 131 952
B90D,0,1 300 770,Unknown,Unknown,0,1 300 770,Unknown
B90E,0,1 045 990,Unknown,Unknown,0,1 045 990,Unknown
B90F,1,4 410 740,11 420 000,2 190 000,380 733,4 030 007,8 849 267
B90G,0,3 650 820,Unknown,Unknown,0,3 650 820,Unknown
B90H,0,4 355 340,Unknown,Unknown,0,4 355 340,Unknown
C51A,1,2 355 560,14 000 000,40 000,1 565 588,789 972,12 394 412
C51B,0,6 501 700,Unknown,Unknown,1 106 085,5 395 615,Unknown
C51C,0,1 555 230,Unknown,Unknown,1 285 915,269 315,Unknown
C51D,0,3 846 180,Unknown,Unknown,464 939,3 381 241,Unknown
C51E,1,2 344 760,13 000 000,100 000,1 063 581,1 281 179,11 836 419
C51F,1,2 471 800,63 500 000,70 000,1 017 763,1 454 037,62 412 237
C51G,0,7 060 990,Unknown,Unknown,2 072 129,4 988 861,Unknown
C51H,1,6 466 160,9 900 000,1 530 000,3 991 223,2 474 937,4 378 777
C51J,0,4 437 950,Unknown,Unknown,3 230 821,1 207 129,Unknown
C51K,1,9 545 240,34 100 000,210 000,6 408 635,3 136 605,27 481 365
C51L,0,5 330 480,Unknown,Unknown,913 984,4 416 496,Unknown
C51M,0,2 468 950,Unknown,Unknown,14 410,2 454 540,Unknown
C52A,1,4 777 110,15 690 000,90 000,3 162 973,1 614 137,12 437 027
C52B,0,6 294 030,Unknown,Unknown,135 537,6 158 493,Unknown
C52C,1,3 178 260,15 840 000,60 000,221 304,2 956 956,15 558 696
C52D,1,2 403 250,73 400 000,90 000,839 559,1 563 691,72 470 441
C52E,1,2 051 930,50 200 000,120 000,933 383,1 118 547,49 146 617
C52F,1,3 389 210,96 700 000,3 700 000,1 828 276,1 560 934,91 171 724
C52G,1,5 322 770,16 690 000,180 000,11 006 198,-5 683 428,5 503 802
C52H,1,7 191 920,19 530 000,120 000,18 189 925,-10 998 005,1 220 075
C52J,1,9 479 480,27 300 000,210 000,21 883 420,-12 403 940,5 206 580
C52K,1,15 958 800,35 810 000,70 000,29 860 719,-13 901 919,5 879 281
C52L,1,9 160 050,22 720 000,1 020 000,11 188 671,-2 028 621,10 511 329
D12A,0,3 344 350,Unknown,Unknown,305 799,3 038 551,Unknown
D12B,0,4 251 010,Unknown,Unknown,69 165,4 181 845,Unknown
D12C,0,3 432 210,Unknown,Unknown,0,3 432 210,Unknown
D12D,0,2 366 030,Unknown,Unknown,6 351,2 359 679,Unknown
D12E,1,5 542 130,11 050 000,1 730 000,1 056 753,4 485 377,8 263 247
D12F,0,4 378 890,Unknown,Unknown,184 023,4 194 867,Unknown
D13A,0,7 049 170,Unknown,Unknown,135 101,6 914 069,Unknown
D13B,0,7 351 560,Unknown,Unknown,5 838,7 345 722,Unknown
D13C,0,5 424 810,Unknown,Unknown,0,5 424 810,Unknown
D13D,0,5 907 000,Unknown,Unknown,880 998,5 026 002,Unknown
D13E,0,11 015 000,Unknown,Unknown,112 733,10 902 267,Unknown
D13F,0,9 345 120,Unknown,Unknown,46 000,9 299 120,Unknown
D13G,0,10 644 100,Unknown,Unknown,68 560,10 575 540,Unknown
D13H,0,7 092 240,Unknown,Unknown,49 400,7 042 840,Unknown
D13J,0,8 586 300,Unknown,Unknown,622 799,7 963 501,Unknown
D13K,0,3 873 920,Unknown,Unknown,160 912,3 713 008,Unknown
D13L,0,5 693 920,Unknown,Unknown,247 355,5 446 565,Unknown
D13M,1,4 221 320,15 800 000,1 010 000,253 737,3 967 583,14 536 263
D14A,0,2 795 560,Unknown,Unknown,322 931,2 472 629,Unknown
D14B,0,1 914 210,Unknown,Unknown,0,1 914 210,Unknown
D14C,0,3 544 720,Unknown,Unknown,284 345,3 260 375,Unknown
D14D,0,2 202 940,Unknown,Unknown,459 266,1 743 674,Unknown
D14E,0,1 058 850,Unknown,Unknown,360 197,698 653,Unknown
D14F,0,2 667 960,Unknown,Unknown,53 790,2 614 170,Unknown
D14G,0,3 685 780,Unknown,Unknown,55 400,3 630 380,Unknown
D14H,1,1 830 850,5 130 000,110 000,557 990,1 272 860,4 462 010
D14J,0,1 375 990,Unknown,Unknown,285 774,1 090 216,Unknown
D14K,1,2 005 860,12 700 000,1 180 000,261 051,1 744 809,11 258 949
D15H,0,2 305 520,Unknown,Unknown,1 941,2 303 579,Unknown
D18K,0,8 279 440,Unknown,Unknown,11 872,8 267 568,Unknown
D21D,0,3 622 240,Unknown,Unknown,4 011,3 618 229,Unknown
D21E,0,3 736 610,Unknown,Unknown,370 000,3 366 610,Unknown
D21F,0,6 614 550,Unknown,Unknown,349 784,6 264 766,Unknown
D21G,0,4 167 420,Unknown,Unknown,21 350,4 146 070,Unknown
D22A,1,7 262 960,22 100 000,990 000,91 913,7 171 047,21 018 087
D22B,0,6 512 140,Unknown,Unknown,5 260,6 506 880,Unknown
D22D,0,6 070 930,Unknown,Unknown,289 477,5 781 453,Unknown
D22G,0,11 688 200,Unknown,Unknown,155 563,11 532 637,Unknown
D22L,0,2 999 730,Unknown,Unknown,127 160,2 872 570,Unknown
D23C,0,7 583 560,Unknown,Unknown,81 800,7 501 760,Unknown
D23D,1,3 994 420,18 000 000,2 050 000,0,3 994 420,15 950 000
D23G,0,1 515 270,Unknown,Unknown,2 084,1 513 186,Unknown
D23H,0,3 177 460,Unknown,Unknown,591 444,2 586 016,Unknown
D23J,0,2 543 520,Unknown,Unknown,236 809,2 306 711,Unknown
D24A,0,1 684 430,Unknown,Unknown,33 184,1 651 246,Unknown
D24B,0,2 890 820,Unknown,Unknown,90 000,2 800 820,Unknown
D24C,1,1 943 060,6 550 000,6 230 000,251 779,1 691 281,68 221
D24D,0,2 419 220,Unknown,Unknown,18 832,2 400 388,Unknown
D24E,0,2 355 890,Unknown,Unknown,261 765,2 094 125,Unknown
D24F,0,3 002 430,Unknown,Unknown,0,3 002 430,Unknown
D24G,1,3 279 000,8 260 000,350 000,0,3 279 000,7 910 000
D24H,1,3 618 340,10 550 000,120 000,362 967,3 255 373,10 067 033
D24J,0,3 938 970,Unknown,Unknown,765 823,3 173 147,Unknown
D24K,0,4 522 400,Unknown,Unknown,967 418,3 554 982,Unknown
D24L,0,2 373 430,Unknown,Unknown,490 541,1 882 889,Unknown
D31A,1,2 631 960,23 000 000,670 000,1 284 784,1 347 176,21 045 216
D31B,0,1 477 540,Unknown,Unknown,223 240,1 254 300,Unknown
D31C,0,1 736 980,Unknown,Unknown,53 400,1 683 580,Unknown
D31D,0,4 156 020,Unknown,Unknown,1 069 048,3 086 972,Unknown
D31E,0,3 063 770,Unknown,Unknown,71 312,2 992 458,Unknown
D32A,0,2 652 420,Unknown,Unknown,400 850,2 251 570,Unknown
D32B,0,2 734 410,Unknown,Unknown,1 240 655,1 493 755,Unknown
D32C,0,2 540 180,Unknown,Unknown,305 255,2 234 925,Unknown
D32D,0,2 742 310,Unknown,Unknown,0,2 742 310,Unknown
D32E,0,2 119 220,Unknown,Unknown,240 088,1 879 132,Unknown
D32F,1,2 851 670,29 000 000,310 000,401 543,2 450 127,28 288 457
D32G,0,2 140 820,Unknown,Unknown,2 332 257,- 191 437,Unknown
D32H,0,1 420 260,Unknown,Unknown,385 186,1 035 074,Unknown
D32J,0,2 642 610,Unknown,Unknown,136 199,2 506 411,Unknown
D32K,0,2 009 300,Unknown,Unknown,118 400,1 890 900,Unknown
D33A,0,1 827 140,Unknown,Unknown,119 982,1 707 158,Unknown
D33B,0,3 077 890,Unknown,Unknown,396 910,2 680 980,Unknown
D33C,0,2 270 650,Unknown,Unknown,161 239,2 109 411,Unknown
D33D,0,2 363 940,Unknown,Unknown,10 000,2 353 940,Unknown
D33E,0,2 911 540,Unknown,Unknown,551 855,2 359 685,Unknown
D33F,0,2 066 860,Unknown,Unknown,17 720,2 049 140,Unknown
D33G,1,3 043 990,10 530 000,70 000,23 000,3 020 990,10 437 000
D33H,0,2 111 540,Unknown,Unknown,32 000,2 079 540,Unknown
D33J,0,1 767 520,Unknown,Unknown,106 500,1 661 020,Unknown
D33K,0,1 110 230,Unknown,Unknown,152 326,957 904,Unknown
D34A,0,3 104 630,Unknown,Unknown,1 703 273,1 401 357,Unknown
D34B,0,2 293 860,Unknown,Unknown,826 026,1 467 834,Unknown
D34C,0,2 077 700,Unknown,Unknown,930 476,1 147 224,Unknown
D34D,0,1 744 210,Unknown,Unknown,230 400,1 513 810,Unknown
D34E,0,1 941 350,Unknown,Unknown,478 476,1 462 874,Unknown
D34F,1,1 611 330,6 690 000,180 000,397 872,1 213 458,6 112 128
D34G,0,1 636 010,Unknown,Unknown,1 331 452,304 558,Unknown
D35A,0,1 633 900,Unknown,Unknown,379 994,1 253 906,Unknown
D35B,0,887 400,Unknown,Unknown,185 750,701 650,Unknown
D35C,0,3 126 060,Unknown,Unknown,804 227,2 321 833,Unknown
D35D,0,2 071 780,Unknown,Unknown,275 340,1 796 440,Unknown
D35E,0,1 196 430,Unknown,Unknown,505 090,691 340,Unknown
D35F,0,2 570 350,Unknown,Unknown,461 674,2 108 676,Unknown
D35G,1,1 874 490,5 490 000,470 000,2 072 809,- 198 319,2 947 191
D35H,0,1 956 890,Unknown,Unknown,292 361,1 664 529,Unknown
D35J,0,3 636 220,Unknown,Unknown,1 254 146,2 382 074,Unknown
D35K,0,2 641 450,Unknown,Unknown,798 634,1 842 816,Unknown
D42A,0,3 181 740,Unknown,Unknown,149 894,3 031 846,Unknown
D42B,0,104 357,Unknown,Unknown,28 900,75 457,Unknown
D42D,0,3 187 060,Unknown,Unknown,2 183 232,1 003 828,Unknown
D42E,0,264 774,Unknown,Unknown,0,264 774,Unknown
D51A,0,3 133 440,Unknown,Unknown,985 565,2 147 875,Unknown
D51B,0,1 795 230,Unknown,Unknown,392 100,1 403 130,Unknown
D51C,0,874 693,Unknown,Unknown,0,874 693,Unknown
D52A,0,1 659 130,Unknown,Unknown,121 620,1 537 510,Unknown
D52B,0,1 950 680,Unknown,Unknown,361 770,1 588 910,Unknown
D52C,0,585 307,Unknown,Unknown,209 981,375 326,Unknown
D52D,0,1 239 000,Unknown,Unknown,36 150,1 202 850,Unknown
D52E,0,741 933,Unknown,Unknown,127 284,614 649,Unknown
D52F,0,1 108 080,Unknown,Unknown,1 500,1 106 580,Unknown
D53A,0,968 402,Unknown,Unknown,0,968 402,Unknown
D53B,0,616 591,Unknown,Unknown,52 692,563 899,Unknown
D53C,0,841 752,Unknown,Unknown,304 986,536 766,Unknown
D53D,1,19 435,130 000,280 000,0,19 435,- 150 000
D53E,0,114 772,Unknown,Unknown,0,114 772,Unknown
D53F,0,985 510,Unknown,Unknown,1 015 037,-29 527,Unknown
D53G,1,45 160,290 000,230 000,0,45 160,60 000
D53H,0,98 670,Unknown,Unknown,0,98 670,Unknown
D53J,0,17 237,Unknown,Unknown,0,17 237,Unknown
D54A,0,1 471 350,Unknown,Unknown,3 784,1 467 566,Unknown
D54B,1,5 369 840,7 460 000,1 400 000,1 728 017,3 641 823,4 331 983
D54C,1,708 147,700 000,140 000,108 097,600 050,451 903
D54D,1,2 872 860,3 180 000,3 160 000,49 750,2 823 110,-29 750
D54E,1,1 987 940,1 570 000,670 000,640 260,1 347 680,259 740
D54F,0,1 385 160,Unknown,Unknown,103 403,1 281 757,Unknown
D54G,0,2 307 550,Unknown,Unknown,0,2 307 550,Unknown
D55A,0,5 663 740,Unknown,Unknown,285 250,5 378 490,Unknown
D55B,0,2 274 310,Unknown,Unknown,118 700,2 155 610,Unknown
D55C,0,1 947 080,Unknown,Unknown,686 500,1 260 580,Unknown
D55D,0,3 281 100,Unknown,Unknown,783 211,2 497 889,Unknown
D55E,0,3 051 530,Unknown,Unknown,619 103,2 432 427,Unknown
D55F,0,3 721 170,Unknown,Unknown,57 000,3 664 170,Unknown
D55G,0,1 637 710,Unknown,Unknown,7 312,1 630 398,Unknown
D55H,0,1 473 670,Unknown,Unknown,182 593,1 291 077,Unknown
D55J,0,2 406 500,Unknown,Unknown,2 050,2 404 450,Unknown
D55K,0,1 394 780,Unknown,Unknown,12 375,1 382 405,Unknown
D55L,0,516 974,Unknown,Unknown,729 500,- 212 526,Unknown
D55M,0,1 113 200,Unknown,Unknown,18 000,1 095 200,Unknown
D56A,0,1 381 690,Unknown,Unknown,64 000,1 317 690,Unknown
D56B,1,1 208 800,6 890 000,90 000,242 750,966 050,6 557 250
D56C,0,2 221 480,Unknown,Unknown,8 000,2 213 480,Unknown
D56D,0,1 059 930,Unknown,Unknown,22 500,1 037 430,Unknown
D56E,0,1 238 490,Unknown,Unknown,0,1 238 490,Unknown
D56F,0,1 614 960,Unknown,Unknown,209 000,1 405 960,Unknown
D56G,0,1 025 750,Unknown,Unknown,0,1 025 750,Unknown
D56H,0,928 141,Unknown,Unknown,4 500,923 641,Unknown
D56J,0,1 612 570,Unknown,Unknown,62 360,1 550 210,Unknown
D57A,0,231 334,Unknown,Unknown,0,231 334,Unknown
D57B,0,969 119,Unknown,Unknown,54 000,915 119,Unknown
D57C,0,0,Unknown,Unknown,144 000,- 144 000,Unknown
D57D,0,601 447,Unknown,Unknown,478 600,122 847,Unknown
D57E,0,403 104,Unknown,Unknown,0,403 104,Unknown
D58A,0,169 717,Unknown,Unknown,107 100,62 617,Unknown
D58B,0,1 001 940,Unknown,Unknown,769 292,232 648,Unknown
D58C,0,865 550,Unknown,Unknown,22 500,843 050,Unknown
D61A,0,4 601 030,Unknown,Unknown,1 906 735,2 694 295,Unknown
D61B,0,4 324 640,Unknown,Unknown,293 220,4 031 420,Unknown
D61C,0,4 014 320,Unknown,Unknown,179 163,3 835 157,Unknown
D61D,0,2 226 760,Unknown,Unknown,279 670,1 947 090,Unknown
D61E,0,3 063 330,Unknown,Unknown,653 821,2 409 509,Unknown
D61F,0,1 945 560,Unknown,Unknown,172 500,1 773 060,Unknown
D61G,0,1 746 120,Unknown,Unknown,191 650,1 554 470,Unknown
D61H,0,3 018 390,Unknown,Unknown,74 401,2 943 989,Unknown
D61J,0,3 545 480,Unknown,Unknown,139 800,3 405 680,Unknown
D61K,0,3 843 060,Unknown,Unknown,4 500,3 838 560,Unknown
D61L,0,3 643 410,Unknown,Unknown,80 000,3 563 410,Unknown
D61M,0,2 836 710,Unknown,Unknown,76 500,2 760 210,Unknown
D62A,0,5 638 310,Unknown,Unknown,451 490,5 186 820,Unknown
D62B,0,7 131 760,Unknown,Unknown,102 000,7 029 760,Unknown
D62C,0,7 735 140,Unknown,Unknown,170 640,7 564 500,Unknown
D62D,1,8 031 690,28 570 000,1 080 000,6 348 218,1 683 472,21 141 782
D62E,0,5 282 660,Unknown,Unknown,240 600,5 042 060,Unknown
D62F,0,4 644 910,Unknown,Unknown,289 440,4 355 470,Unknown
D62G,0,5 457 800,Unknown,Unknown,182 345,5 275 455,Unknown
D62H,0,4 029 520,Unknown,Unknown,155 000,3 874 520,Unknown
D62J,0,3 508 670,Unknown,Unknown,122 000,3 386 670,Unknown
D71A,0,7 242 680,Unknown,Unknown,117 540,7 125 140,Unknown
D71B,0,14 112 600,Unknown,Unknown,1 854 087,12 258 513,Unknown
D71C,1,2 665 640,4 500 000,170 000,18 422,2 647 218,4 311 578
D71D,1,2 964 060,4 490 000,380 000,445 870,2 518 190,3 664 130
D72A,0,2 169 390,Unknown,Unknown,396 782,1 772 608,Unknown
D72B,1,3 994 160,4 940 000,1 740 000,60 769,3 933 391,3 139 231
D72C,1,4 912 090,15 800 000,1 010 000,732 887,4 179 203,14 057 113
D73B,0,14 874 200,Unknown,Unknown,263 255,14 610 945,Unknown
D73D,1,6 133 050,1 940 000,910 000,317 817,5 815 233,712 183
D73E,1,2 617 070,1 050 000,800 000,209 058,2 408 012,40 942
D73F,1,661 717,370 000,1 070 000,45 000,616 717,- 745 000
D81A,0,110 121,Unknown,Unknown,0,110 121,Unknown
D81B,0,48 761,Unknown,Unknown,0,48 761,Unknown
D81C,0,1 485 510,Unknown,Unknown,0,1 485 510,Unknown
D81D,0,38 386,Unknown,Unknown,8 184,30 202,Unknown
D81E,1,40 905,80 000,80 000,0,40 905,0
D81F,1,831,110 000,120 000,0,831,-10 000
D81G,1,0,180 000,130 000,0,0,50 000
D82A,1,95 751,80 000,40 000,0,95 751,40 000
D82B,1,0,400,180 000,20 280,-20 280,- 199 880
D82C,1,47 717,470 000,47 000,119 814,-72 097,303 186
D82D,1,536 447,598 000,200 000,700,535 747,397 300
D82E,0,116 464,Unknown,Unknown,0,116 464,Unknown
D82F,0,48 274,Unknown,Unknown,0,48 274,Unknown
D82G,0,18 718,Unknown,Unknown,0,18 718,Unknown
D82H,0,34 783,Unknown,Unknown,35 200,- 417,Unknown
D82J,0,22 322,Unknown,Unknown,0,22 322,Unknown
D82K,0,0,Unknown,Unknown,0,0,Unknown
D82L,1,54 738,320 000,401 000,0,54 738,-81 000
F10A,0,1 386,Unknown,Unknown,0,1 386,Unknown
F10B,0,89 117,Unknown,Unknown,0,89 117,Unknown
F10C,0,131 275,Unknown,Unknown,0,131 275,Unknown
F20A,0,205 348,Unknown,Unknown,0,205 348,Unknown
F20B,0,74 994,Unknown,Unknown,0,74 994,Unknown
F20C,0,8 442,Unknown,Unknown,0,8 442,Unknown
F20D,1,62 450,240 000,40 000,345 119,- 282 669,- 145 119
F20E,1,61 382,400 000,15 800,0,61 382,384 200
F30A,0,9 811,Unknown,Unknown,23 700,-13 889,Unknown
F30B,0,49 318,Unknown,Unknown,16 000,33 318,Unknown
F30C,0,691 624,Unknown,Unknown,14 600,677 024,Unknown
F30D,1,257 697,2 370 000,122 000,1 026 032,- 768 335,1 221 968
F30E,0,282 144,Unknown,Unknown,178 530,103 614,Unknown
F30F,1,262,30 000,60 000,35 000,-34 738,-65 000
F30G,1,12 138,350 000,80 000,158 935,- 146 797,111 065
F40A,1,168 061,1 970 000,15 000,452 000,- 283 939,1 503 000
F40B,0,21 224,Unknown,Unknown,0,21 224,Unknown
F40C,0,139 111,Unknown,Unknown,0,139 111,Unknown
F40D,1,123 490,960 000,4 000,0,123 490,956 000
F40E,0,459 140,Unknown,Unknown,0,459 140,Unknown
F40F,1,87 814,710 000,11 000,0,87 814,699 000
F40G,0,131 665,Unknown,Unknown,0,131 665,Unknown
F40H,0,82 834,Unknown,Unknown,0,82 834,Unknown
F50A,0,366 670,Unknown,Unknown,0,366 670,Unknown
F50B,0,387 501,Unknown,Unknown,22 700,364 801,Unknown
F50C,0,306 765,Unknown,Unknown,3 000,303 765,Unknown
F50E,0,412 360,Unknown,Unknown,0,412 360,Unknown
F50F,0,245 366,Unknown,Unknown,0,245 366,Unknown
F50G,0,98 268,Unknown,Unknown,129 292,-31 024,Unknown
F60A,1,59 983,430 000,20 000,0,59 983,410 000
T40A,1,6 994 980,16 030 000,18 370 000,40 000,6 954 980,-2 380 000
T40B,1,8 741 530,26 670 000,10 040 000,308 477,8 433 053,16 321 523
T40C,1,6 545 770,17 400 000,36 020 000,11 038,6 534 732,-18 631 038
T40D,1,9 850 510,19 250 000,9 100 000,4 964 793,4 885 717,5 185 207
T40E,1,11 080 500,24 960 000,72 570 000,0,11 080 500,-47 610 000
T40F,1,10 100 700,25 670 000,9 700 000,591 781,9 508 919,15 378 219
T40G,1,8 560 420,18 150 000,8 620 000,90 962 126,-82 401 706,-81 432 126
T51A,1,11 927 000,10 160 000,48 920 000,4 240,11 922 760,-38 764 240
T51B,1,7 509 350,12 550 000,28 110 000,7 300,7 502 050,-15 567 300
T51C,1,11 787 500,33 610 000,72 110 000,41 145,11 746 355,-38 541 145
T51D,1,5 167 600,8 670 000,13 780 000,0,5 167 600,-5 110 000
T51E,1,6 587 100,16 190 000,25 260 000,0,6 587 100,-9 070 000
T51F,1,9 542 900,13 640 000,21 550 000,1 080,9 541 820,-7 911 080
T51G,1,8 000 550,23 380 000,10 620 000,34 960,7 965 590,12 725 040
T51H,1,13 418 300,27 630 000,15 750 000,0,13 418 300,11 880 000
T51J,1,5 831 410,14 550 000,7 400 000,0,5 831 410,7 150 000
T52A,1,9 306 790,20 600 000,10 950 000,282 790,9 024 000,9 367 210
T52B,1,5 823 510,14 710 000,13 870 000,0,5 823 510,840 000
T52C,1,5 056 220,11 070 000,5 970 000,37 460,5 018 760,5 062 540
T52D,1,6 259 840,21 600 000,132 110 000,107 582,6 152 258,- 110 617 582
T52E,1,5 682 650,13 990 000,6 120 000,0,5 682 650,7 870 000
T52F,1,10 086 100,25 040 000,25 940 000,3 480,10 082 620,- 903 480
T52G,1,5 358 160,14 470 000,72 950 000,15 500,5 342 660,-58 495 500
T52H,1,5 718 730,14 990 000,4 130 000,38 900,5 679 830,10 821 100
T52J,1,6 081 900,19 880 000,8 700 000,8 000,6 073 900,11 172 000
T52K,1,8 555 000,19 610 000,2 750 000,194 358,8 360 642,16 665 642
T52L,1,1 697 790,10 280 000,6 710 000,73 328,1 624 462,3 496 672
T52M,1,4 727 070,15 050 000,309 090 000,23 265,4 703 805,- 294 063 265
U10A,1,14 777 600,16 200 000,74 130 000,3 285,14 774 315,-57 933 285
U10B,1,11 596 400,14 700 000,58 940 000,60 494,11 535 906,-44 300 494
U10C,1,6 764 960,14 790 000,21 700 000,0,6 764 960,-6 910 000
U10D,1,8 417 640,26 920 000,16 090 000,4 284,8 413 356,10 825 716
U10E,1,9 036 080,17 590 000,143 140 000,183,9 035 897,- 125 550 183
U10F,1,8 008 310,21 120 000,28 560 000,336 999,7 671 311,-7 776 999
U10G,1,7 801 030,26 300 000,18 640 000,30 325,7 770 705,7 629 675
U10H,1,9 425 710,23 170 000,188 000 000,1 800,9 423 910,- 164 831 800
U10J,1,7 736 500,22 870 000,216 290 000,20 743,7 715 757,- 193 440 743
U10K,1,2 910 980,14 820 000,9 540 000,727 684,2 183 296,4 552 316
U10L,1,1 816 710,10 050 000,7 180 000,325 435,1 491 275,2 544 565
U10M,1,3 196 340,10 740 000,229 070 000,0,3 196 340,- 218 330 000
U20A,1,9 248 270,19 240 000,8 810 000,12 848,9 235 422,10 417 152
U20B,1,7 709 130,19 020 000,29 180 000,476 483,7 232 647,-10 636 483
U20C,1,5 087 510,22 000 000,21 260 000,152 024,4 935 486,587 976
U20D,1,7 461 880,18 340 000,28 220 000,421 043,7 040 837,-10 301 043
U20E,1,5 517 770,21 840 000,69 600 000,460 540,5 057 230,-48 220 540
U20F,1,6 448 750,21 420 000,16 320 000,213 712,6 235 038,4 886 288
U20G,1,4 681 550,23 720 000,22 230 000,316 531,4 365 019,1 173 469
U20H,1,4 671 630,14 620 000,12 110 000,0,4 671 630,2 510 000
U20J,1,6 600 920,24 290 000,21 750 000,230 112,6 370 808,2 309 888
U20K,1,3 175 350,13 500 000,12 750 000,54 106,3 121 244,695 894
U20L,1,2 184 760,12 130 000,4 050 000,13 217,2 171 543,8 066 783
U20M,1,8 007 490,21 600 000,121 100 000,691 932,7 315 558,- 100 191 932
U30A,1,5 949 150,20 030 000,12 130 000,113 070,5 836 080,7 786 930
U30B,1,5 758 220,12 980 000,6 470 000,546 919,5 211 301,5 963 081
U30C,1,4 051 450,13 140 000,5 030 000,418 472,3 632 978,7 691 528
U30D,1,4 398 220,9 360 000,3 590 000,222 713,4 175 507,5 547 287
U30E,1,6 355 360,16 330 000,8 320 000,8 753 576,-2 398 216,- 743 576
U40A,1,5 191 140,22 820 000,6 410 000,2 907,5 188 233,16 407 093
U40B,1,2 749 660,19 740 000,10 620 000,310 573,2 439 087,8 809 427
U40C,1,2 547 220,12 850 000,9 660 000,843 692,1 703 528,2 346 308
U40D,1,2 240 630,12 850 000,9 400 000,102 643,2 137 987,3 347 357
U40E,1,2 662 670,13 880 000,37 440 000,133 660,2 529 010,-23 693 660
U40F,1,1 929 690,14 610 000,2 990 000,295 828,1 633 862,11 324 172
U40G,1,2 197 550,12 020 000,14 460 000,65 992,2 131 558,-2 505 992
U40H,1,4 203 560,15 700 000,59 640 000,49 275,4 154 285,-43 989 275
U40J,1,5 887 850,15 250 000,39 990 000,665 838,5 222 012,-25 405 838
U50A,1,8 615 340,14 380 000,6 750 000,1 388 650,7 226 690,6 241 350
U60A,1,2 491 480,7 610 000,4 010 000,6 000,2 485 480,3 594 000
U60B,1,4 866 460,15 330 000,5 950 000,145 745,4 720 715,9 234 255
U60C,1,4 619 440,14 780 000,10 440 000,606 350,4 013 090,3 733 650
U60D,1,4 464 780,9 700 000,2 230 000,266 336,4 198 444,7 203 664
U60E,1,6 143 020,14 540 000,7 490 000,82 904,6 060 116,6 967 096
U60F,1,7 519 620,17 590 000,14 500 000,715 728,6 803 892,2 374 272
U70A,1,2 991 090,12 430 000,5 120 000,296 303,2 694 787,7 013 697
U70B,1,3 311 640,14 240 000,6 400 000,185 297,3 126 343,7 654 703
U70C,1,4 451 840,14 820 000,9 650 000,157 735,4 294 105,5 012 265
U70D,1,4 405 060,17 580 000,5 990 000,14 270,4 390 790,11 575 730
U70E,1,1 959 980,4 770 000,3 220 000,13 000,1 946 980,1 537 000
U70F,1,1 369 640,3 540 000,2 290 000,10 927,1 358 713,1 239 073
U80A,1,3 625 820,9 900 000,3 530 000,5 991,3 619 829,6 364 009
U80B,1,2 695 080,16 480 000,6 140 000,0,2 695 080,10 340 000
U80C,1,3 727 390,9 650 000,6 080 000,398 087,3 329 303,3 171 913
U80D,1,3 251 970,7 640 000,2 950 000,23 265,3 228 705,4 666 735
U80E,1,4 259 960,28 000 000,8 200 000,243 139,4 016 821,19 556 861
U80F,1,2 851 200,7 680 000,3 910 000,4 906,2 846 294,3 765 094
U80G,1,4 444 830,12 510 000,11 020 000,46 130,4 398 700,1 443 870
U80H,1,5 478 280,14 940 000,12 860 000,334 600,5 143 680,1 745 400
U80J,1,3 593 900,14 670 000,7 450 000,231,3 593 669,7 219 769
U80K,1,3 606 690,8 720 000,5 560 000,140 160,3 466 530,3 019 840
U80L,1,2 643 920,5 460 000,3 600 000,550,2 643 370,1 859 450
V11A,1,11 120 800,28 163 228,47 810 750,6 500,11 114 300,-19 654 022
V11B,1,15 271 000,41 469 342,52 398 300,14 892,15 256 108,-10 943 850
V11C,1,9 318 370,22 100 000,25 300 000,30 660,9 287 710,-3 230 660
V11D,1,4 575 850,17 320 000,3 540 000,7 884,4 567 966,13 772 116
V11E,0,7 823 330,Unknown,Unknown,0,7 823 330,Unknown
V11F,1,1 818 020,10 445 500,4 329 010,3 000,1 815 020,6 113 490
V11G,0,17 013 700,Unknown,Unknown,0,17 013 700,Unknown
V11H,0,3 586 740,Unknown,Unknown,0,3 586 740,Unknown
V11J,0,2 332 030,Unknown,Unknown,0,2 332 030,Unknown
V11K,1,3 547 880,16 042 000,13 310 580,22 258,3 525 622,2 709 162
V11L,1,2 708 470,20 260 500,8 421 900,34 675,2 673 795,11 803 925
V11M,0,1 662 640,Unknown,Unknown,0,1 662 640,Unknown
V12A,1,4 769 050,19 961 500,11 212 190,4 065,4 764 985,8 745 245
V12B,1,3 601 310,17 660 000,9 170 000,162 248,3 439 062,8 327 752
V12C,0,1 689 270,Unknown,Unknown,75,1 689 195,Unknown
V12D,1,4 814 520,16 541 240,8 822 450,500,4 814 020,7 718 290
V12E,1,3 479 660,21 086 000,7 299 340,520,3 479 140,13 786 140
V12F,1,3 052 920,21 606 000,7 390 000,135 190,2 917 730,14 080 810
V12G,1,4 734 610,32 883 500,9 667 770,9 929,4 724 681,23 205 801
V13A,0,9 333 550,Unknown,Unknown,0,9 333 550,Unknown
V13B,1,6 782 310,27 911 000,19 343 200,71 302,6 711 008,8 496 498
V13C,0,3 927 720,Unknown,Unknown,2 920,3 924 800,Unknown
V13D,1,4 527 770,26 923 000,9 543 330,27 705,4 500 065,17 351 965
V13E,1,3 067 910,12 640 500,3 467 050,23 700,3 044 210,9 149 750
V14A,0,2 020 020,Unknown,Unknown,20 775,1 999 245,Unknown
V14B,0,1 584 320,Unknown,Unknown,3 000,1 581 320,Unknown
V14C,1,1 871 780,12 688 000,3 096 960,8 800,1 862 980,9 582 240
V14D,1,4 231 970,41 067 000,12 785 820,10 567,4 221 403,28 270 613
V14E,0,2 861 050,Unknown,Unknown,0,2 861 050,Unknown
V20A,1,8 470 560,25 374 500,15 421 790,4 200,8 466 360,9 948 510
V20B,1,5 608 000,18 078 500,9 866 190,184 251,5 423 749,8 028 059
V20C,1,5 497 570,17 850 500,9 404 060,33 044,5 464 526,8 413 396
V20D,1,4 654 100,28 424 000,8 602 320,272 695,4 381 405,19 548 985
V20E,1,5 000 040,56 876 500,9 731 080,67 005,4 933 035,47 078 415
V20F,0,2 441 530,Unknown,Unknown,126 071,2 315 459,Unknown
V20G,0,2 312 720,Unknown,Unknown,0,2 312 720,Unknown
V20H,1,3 042 680,57 323 000,8 718 950,210 402,2 832 278,48 393 648
V20J,0,1 966 690,Unknown,Unknown,0,1 966 690,Unknown
V31A,1,9 350 600,36 770 000,17 820 000,0,9 350 600,18 950 000
V31B,1,6 400 300,32 844 500,32 404 190,91 099,6 309 201,349 211
V31C,1,4 005 190,25 733 500,13 236 890,217 931,3 787 259,12 278 679
V31D,1,4 797 710,30 361 500,8 930 000,208 716,4 588 994,21 222 784
V31E,1,10 112 100,54 203 500,27 081 090,55 264,10 056 836,27 067 146
V31F,1,2 115 160,8 590 000,5 190 000,173 258,1 941 902,3 226 742
V31G,1,2 249 530,16 555 500,2 926 310,138 963,2 110 567,13 490 227
V31H,0,1 979 600,Unknown,Unknown,60 360,1 919 240,Unknown
V31J,0,4 605 240,Unknown,Unknown,202 270,4 402 970,Unknown
V31K,1,2 262 160,14 735 500,4 290 470,1 010 039,1 252 121,9 434 991
V32A,0,3 076 030,Unknown,Unknown,0,3 076 030,Unknown
V32B,1,5 417 530,36 198 500,5 803 350,900 313,4 517 217,29 494 837
V32C,1,4 056 940,40 943 500,10 219 070,728 963,3 327 977,29 995 467
V32D,1,4 260 260,26 545 500,9 011 920,32 623,4 227 637,17 500 957
V32E,1,7 515 810,50 914 500,6 670 190,897 653,6 618 157,43 346 657
V32F,1,1 637 940,9 063 000,3 057 760,339 039,1 298 901,5 666 201
V32G,1,6 793 020,35 379 500,9 040 680,51 913,6 741 107,26 286 907
V32H,1,3 266 290,23 283 000,3 788 000,167 436,3 098 854,19 327 564
V33A,1,4 249 490,25 960 500,5 755 420,43 600,4 205 890,20 161 480
V33B,0,2 785 650,Unknown,Unknown,0,2 785 650,Unknown
V33C,0,3 550 170,Unknown,Unknown,0,3 550 170,Unknown
V33D,0,3 752 700,Unknown,Unknown,0,3 752 700,Unknown
V40A,0,4 314 970,Unknown,Unknown,5 874,4 309 096,Unknown
V40B,1,2 280 570,18 999 500,5 688 060,500,2 280 070,13 310 940
V40C,0,4 213 770,Unknown,Unknown,132 451,4 081 319,Unknown
V40D,0,2 647 630,Unknown,Unknown,0,2 647 630,Unknown
V40E,0,1 669 200,Unknown,Unknown,0,1 669 200,Unknown
V50A,1,2 580 900,26 578 500,7 145 170,354 030,2 226 870,19 079 300
V50B,1,3 001 890,24 947 000,7 462 430,999 583,2 002 307,16 484 987
V50C,1,7 627 160,29 181 103,19 823 620,60 565,7 566 595,9 296 918
V50D,0,3 284 990,Unknown,Unknown,195,3 284 795,Unknown
V60A,0,1 512 790,Unknown,Unknown,0,1 512 790,Unknown
V60B,1,7 050 400,35 860 500,7 489 760,4 000,7 046 400,28 366 740
V60C,0,3 334 630,Unknown,Unknown,0,3 334 630,Unknown
V60D,1,3 839 720,20 013 500,8 805 600,1 752,3 837 968,11 206 148
V60E,1,4 197 080,33 624 000,10 336 580,14 445,4 182 635,23 272 975
V60F,0,4 213 670,Unknown,Unknown,0,4 213 670,Unknown
V60G,0,2 738 260,Unknown,Unknown,0,2 738 260,Unknown
V60H,1,2 613 790,13 493 298,2 783 370,31 000,2 582 790,10 678 928
V60J,1,1 915 910,9 493 913,2 411 520,23 940,1 891 970,7 058 453
V60K,0,1 560 650,Unknown,Unknown,40 000,1 520 650,Unknown
V70A,0,10 519 200,Unknown,Unknown,0,10 519 200,Unknown
V70B,0,4 135 350,Unknown,Unknown,0,4 135 350,Unknown
V70C,1,5 581 770,32 442 500,20 615 890,3 825,5 577 945,11 822 785
V70D,0,2 441 710,Unknown,Unknown,21 900,2 419 810,Unknown
V70E,0,891 403,Unknown,Unknown,11 498,879 906,Unknown
V70F,1,1 645 510,23 692 500,3 226 700,72 829,1 572 681,20 392 971
V70G,0,2 232 460,Unknown,Unknown,0,2 232 460,Unknown
W11A,0,9 010 630,Unknown,Unknown,262 768,8 747 862,Unknown
W11B,0,3 190 130,Unknown,Unknown,0,3 190 130,Unknown
W11C,1,12 475 400,40 680 000,9 040 000,101 984,12 373 417,31 538 017
W12A,0,4 391 170,Unknown,Unknown,91 728,4 299 442,Unknown
W12B,0,7 232 170,Unknown,Unknown,40 000,7 192 170,Unknown
W12C,0,3 816 110,Unknown,Unknown,35 505,3 780 605,Unknown
W12D,0,1 792 470,Unknown,Unknown,172 206,1 620 264,Unknown
W12E,0,4 370 490,Unknown,Unknown,0,4 370 490,Unknown
W12F,1,13 791 200,55 380 000,12 460 000,632 284,13 158 916,42 287 716
W12G,0,2 355 280,Unknown,Unknown,4 000,2 351 280,Unknown
W12H,1,10 533 800,46 320 000,10 960 000,413 001,10 120 799,34 946 999
W12J,1,16 832 300,47 300 000,16 140 000,0,16 832 300,31 160 000
W13A,0,7 316 520,Unknown,Unknown,601 700,6 714 820,Unknown
W13B,1,8 028 260,31 100 000,21 560 000,8 168,8 020 092,9 531 832
W21A,0,3 944 790,Unknown,Unknown,2 423 642,1 521 148,Unknown
W21B,0,5 619 450,Unknown,Unknown,112 860,5 506 590,Unknown
W21C,0,2 054 770,Unknown,Unknown,78 717,1 976 053,Unknown
W21D,0,2 422 360,Unknown,Unknown,0,2 422 360,Unknown
W21E,0,2 442 370,Unknown,Unknown,390 000,2 052 370,Unknown
W21F,0,1 486 050,Unknown,Unknown,12 410,1 473 640,Unknown
W21G,0,4 324 990,Unknown,Unknown,81 765,4 243 225,Unknown
W21H,0,3 876 580,Unknown,Unknown,7 700,3 868 880,Unknown
W21J,0,4 802 260,Unknown,Unknown,59 130,4 743 130,Unknown
W21K,1,4 551 150,19 800 000,10 100 000,3 163,4 547 987,9 696 837
W21L,0,2 827 170,Unknown,Unknown,5 256,2 821 914,Unknown
W22A,0,2 776 000,Unknown,Unknown,153 800,2 622 200,Unknown
W22B,0,2 124 790,Unknown,Unknown,10 000,2 114 790,Unknown
W22C,0,2 084 840,Unknown,Unknown,0,2 084 840,Unknown
W22D,0,1 519 960,Unknown,Unknown,0,1 519 960,Unknown
W22E,0,6 694 290,Unknown,Unknown,168 730,6 525 560,Unknown
W22F,0,1 883 820,Unknown,Unknown,0,1 883 820,Unknown
W22G,0,1 152 570,Unknown,Unknown,1 570,1 151 000,Unknown
W22H,0,1 875 510,Unknown,Unknown,533 169,1 342 341,Unknown
W22J,1,2 403 730,12 600 000,3 360 000,913,2 402 817,9 239 087
W22K,1,2 181 350,10 500 000,5 600 000,1 179 405,1 001 945,3 720 595
W22L,0,904 647,Unknown,Unknown,0,904 647,Unknown
W23A,1,1 867 790,16 580 000,13 630 000,523 526,1 344 264,2 426 474
W23B,0,2 194 810,Unknown,Unknown,24 000,2 170 810,Unknown
W23C,0,11 957 600,Unknown,Unknown,360,11 957 240,Unknown
W23D,1,6 592 290,26 310 000,8 530 000,546 455,6 045 835,17 233 545
W31A,1,3 444 160,18 510 000,3 220 000,1 159 800,2 284 360,14 130 200
W31B,0,2 514 650,Unknown,Unknown,0,2 514 650,Unknown
W31C,0,1 837 760,Unknown,Unknown,35 500,1 802 260,Unknown
W31D,0,2 229 160,Unknown,Unknown,135 000,2 094 160,Unknown
W31E,0,1 392 520,Unknown,Unknown,0,1 392 520,Unknown
W31F,0,1 690 570,Unknown,Unknown,2 842,1 687 728,Unknown
W31G,0,1 511 240,Unknown,Unknown,65 360,1 445 880,Unknown
W31H,1,619 163,6 450 000,1 740 000,153,619 010,4 709 847
W31J,0,2 428 070,Unknown,Unknown,10 000,2 418 070,Unknown
W31K,0,2 784 110,Unknown,Unknown,45 851,2 738 259,Unknown
W31L,0,1 162 350,Unknown,Unknown,0,1 162 350,Unknown
W32A,0,3 929 280,Unknown,Unknown,0,3 929 280,Unknown
W32B,0,28 984 700,Unknown,Unknown,38 310,28 946 390,Unknown
W32C,0,3 586 420,Unknown,Unknown,19 085,3 567 335,Unknown
W32D,0,1 913 580,Unknown,Unknown,53 290,1 860 290,Unknown
W32E,0,3 111 970,Unknown,Unknown,16 350,3 095 620,Unknown
W32F,0,477 663,Unknown,Unknown,14 380,463 283,Unknown
W32G,0,7 893 870,Unknown,Unknown,81 756,7 812 114,Unknown
W32H,0,26 503 000,Unknown,Unknown,354 968,26 148 032,Unknown
W41A,0,5 323 940,Unknown,Unknown,0,5 323 940,Unknown
W41B,1,7 562 330,25 930 000,10 640 000,12 600,7 549 730,15 277 400
W41C,0,5 162 620,Unknown,Unknown,5 962,5 156 658,Unknown
W41D,0,4 858 430,Unknown,Unknown,0,4 858 430,Unknown
W41E,0,6 496 930,Unknown,Unknown,22 500,6 474 430,Unknown
W41F,1,5 593 790,25 930 000,10 640 000,52 800,5 540 990,15 237 200
W41G,0,973 317,Unknown,Unknown,0,973 317,Unknown
W42A,0,13 053 000,Unknown,Unknown,121 220,12 931 780,Unknown
W42B,0,10 202 300,Unknown,Unknown,199 332,10 002 968,Unknown
W42C,0,11 637 500,Unknown,Unknown,0,11 637 500,Unknown
W42D,0,10 767 700,Unknown,Unknown,0,10 767 700,Unknown
W42E,0,4 375 820,Unknown,Unknown,0,4 375 820,Unknown
W42F,0,5 594 180,Unknown,Unknown,339 538,5 254 642,Unknown
W42G,0,3 591 710,Unknown,Unknown,2 985,3 588 725,Unknown
W42H,0,2 992 190,Unknown,Unknown,20 005,2 972 185,Unknown
W42J,0,2 714 750,Unknown,Unknown,52 000,2 662 750,Unknown
W42L,0,2 165 950,Unknown,Unknown,0,2 165 950,Unknown
W42M,0,2 654 460,Unknown,Unknown,500,2 653 960,Unknown
W43F,0,2 902 460,Unknown,Unknown,0,2 902 460,Unknown
W44A,0,1 261 320,Unknown,Unknown,0,1 261 320,Unknown
W44B,0,1 800 720,Unknown,Unknown,116 333,1 684 387,Unknown
W44D,0,559 533,Unknown,Unknown,1 825,557 708,Unknown
W44E,0,1 140 770,Unknown,Unknown,0,1 140 770,Unknown
W45A,0,3 495 840,Unknown,Unknown,62 863,3 432 977,Unknown
W45B,0,2 887 720,Unknown,Unknown,0,2 887 720,Unknown
W57K,0,391 889,Unknown,Unknown,0,391 889,Unknown
W70A,0,62 589 200,Unknown,Unknown,1 823 297,60 765 903,Unknown
W42K,0,4 204 210,Unknown,Unknown,509 186,3 695 024,Unknown
W43A,0,0,Unknown,Unknown,0,0,Unknown
W43B,0,0,Unknown,Unknown,0,0,Unknown
W43C,0,63 307,Unknown,Unknown,0,63 307,Unknown
W43D,0,0,Unknown,Unknown,0,0,Unknown
W43E,0,0,Unknown,Unknown,0,0,Unknown
W44C,0,318 323,Unknown,Unknown,0,318 323,Unknown
W51E,0,524 289,Unknown,Unknown,130 156,394 133,Unknown
W51G,0,0,Unknown,Unknown,0,0,Unknown
W51H,0,0,Unknown,Unknown,0,0,Unknown
W53E,0,4 008 130,Unknown,Unknown,17 098,3 991 032,Unknown
W53F,0,44 334,Unknown,Unknown,0,44 334,Unknown
W53G,0,0,Unknown,Unknown,0,0,Unknown
W54E,0,529 693,Unknown,Unknown,0,529 693,Unknown
W54F,0,0,Unknown,Unknown,0,0,Unknown
W54G,0,0,Unknown,Unknown,0,0,Unknown
W55E,0,115 256,Unknown,Unknown,0,115 256,Unknown
W56B,0,2 049 690,Unknown,Unknown,0,2 049 690,Unknown
W56C,0,0,Unknown,Unknown,0,0,Unknown
W56D,0,0,Unknown,Unknown,0,0,Unknown
W56E,0,0,Unknown,Unknown,0,0,Unknown
W56F,0,0,Unknown,Unknown,0,0,Unknown
W57A,0,0,Unknown,Unknown,0,0,Unknown
W57B,0,0,Unknown,Unknown,0,0,Unknown
W57C,0,0,Unknown,Unknown,0,0,Unknown
W57D,0,0,Unknown,Unknown,0,0,Unknown
W57E,0,0,Unknown,Unknown,0,0,Unknown
W57F,0,0,Unknown,Unknown,0,0,Unknown
W57G,0,0,Unknown,Unknown,0,0,Unknown
W57H,0,0,Unknown,Unknown,0,0,Unknown
W57J,0,515 744,Unknown,Unknown,0,515 744,Unknown
W60A,0,0,Unknown,Unknown,0,0,Unknown
W60B,0,0,Unknown,Unknown,0,0,Unknown
W60C,0,0,Unknown,Unknown,0,0,Unknown
W60D,0,0,Unknown,Unknown,0,0,Unknown
W60E,0,0,Unknown,Unknown,0,0,Unknown
W60F,0,22 030,Unknown,Unknown,0,22 030,Unknown
W60G,0,0,Unknown,Unknown,0,0,Unknown
W60H,0,0,Unknown,Unknown,0,0,Unknown
W60J,0,0,Unknown,Unknown,0,0,Unknown
W60K,0,498 971,Unknown,Unknown,0,498 971,Unknown
X13A,0,339 085,Unknown,Unknown,0,339 085,Unknown
X13B,0,0,Unknown,Unknown,0,0,Unknown
X13C,0,0,Unknown,Unknown,0,0,Unknown
X13D,0,0,Unknown,Unknown,0,0,Unknown
X13E,0,0,Unknown,Unknown,0,0,Unknown
X13F,0,0,Unknown,Unknown,0,0,Unknown
X13G,0,0,Unknown,Unknown,0,0,Unknown
X13H,0,82 406,Unknown,Unknown,0,82 406,Unknown
X14C,0,0,Unknown,Unknown,0,0,Unknown
X14D,0,499 587,Unknown,Unknown,0,499 587,Unknown
X14E,0,225 247,Unknown,Unknown,0,225 247,Unknown
C11A,1,8 067 980,38 930 000,23 560 000,140 378,7 927 602,15 229 622
C11B,1,4 155 760,26 490 000,14 470 000,963 870,3 191 890,11 056 130
C11C,1,3 864 230,22 160 000,11 930 000,298 000,3 566 230,9 932 000
C11D,1,2 490 840,17 050 000,8 130 000,40 000,2 450 840,8 880 000
C11E,1,7 250 950,46 630 000,18 780 000,2 372,7 248 578,27 847 628
C11F,1,5 094 520,39 670 000,15 900 000,264 796,4 829 724,23 505 204
C11G,1,2 177 470,17 010 000,6 300 000,33 060,2 144 410,10 676 940
C11H,1,5 155 670,40 160 000,13 880 000,730 104,4 425 566,25 549 896
C11J,1,4 830 550,36 150 000,11 090 000,28 086,4 802 464,25 031 914
C11K,1,1 582 320,11 470 000,3 310 000,365 421,1 216 899,7 794 579
C11L,1,3 945 840,32 740 000,10 080 000,467 642,3 478 198,22 192 358
C11M,1,3 017 000,23 380 000,4 890 000,205 569,2 811 431,18 284 431
C12A,1,1 845 630,12 100 000,1 600 000,0,1 845 630,10 500 000
C12B,1,1 800 540,14 400 000,3 530 000,300 812,1 499 728,10 569 188
C12C,1,2 098 620,18 660 000,7 330 000,29 120,2 069 500,11 300 880
C12D,1,4 364 010,32 750 000,9 860 000,6 548 127,-2 184 117,16 341 873
C12E,1,2 211 940,16 870 000,5 030 000,24 676,2 187 264,11 815 324
C12F,1,3 945 760,29 460 000,10 050 000,911 338,3 034 422,18 498 662
C12G,1,3 467 170,21 200 000,8 100 000,2 986,3 464 184,13 097 014
C12H,1,1 621 240,11 260 000,9 010 000,23 500,1 597 740,2 226 500
C12J,1,1 223 560,9 670 000,590 000,35 538,1 188 022,9 044 462
C12K,1,3 584 610,19 930 000,7 570 000,33 099,3 551 511,12 326 901
C12L,1,5 148 960,31 990 000,11 590 000,32 786,5 116 174,20 367 214
C13A,1,4 864 720,27 180 000,11 880 000,9 288,4 855 432,15 290 712
C13B,1,2 883 030,21 930 000,6 310 000,30 674,2 852 356,15 589 326
C13C,1,6 345 350,35 960 000,14 590 000,15 600,6 329 750,21 354 400
C13D,1,4 953 860,32 670 000,9 820 000,0,4 953 860,22 850 000
C13E,1,3 760 200,21 940 000,6 320 000,3 226,3 756 974,15 616 774
C13F,1,2 931 900,19 250 000,5 020 000,44 010,2 887 890,14 185 990
C13G,1,2 139 170,14 140 000,3 160 000,252 400,1 886 770,10 727 600
C13H,1,1 176 810,15 360 000,2 200 000,1 189 227,-12 417,11 970 773
C21A,1,4 070 340,26 890 000,9 810 000,125 990,3 944 350,16 954 010
C21B,1,3 310 200,9 700 000,8 140 000,1 127 809,2 182 391,432 191
C21C,1,3 225 640,9 850 000,7 830 000,361 660,2 863 980,1 658 340
C21D,1,3 766 720,8 560 000,7 430 000,1 974 467,1 792 253,- 844 467
C21E,1,4 130 720,9 210 000,8 060 000,1 449 524,2 681 196,- 299 524
C21F,1,3 175 470,9 490 000,8 910 000,1 999 824,1 175 646,-1 419 824
C21G,1,3 412 650,9 380 000,8 090 000,188 952,3 223 698,1 101 048
C22A,1,5 464 260,19 560 000,11 770 000,1 492 194,3 972 066,6 297 806
C22B,1,2 956 320,11 220 000,5 270 000,5 307 582,-2 351 262,642 418
C22C,1,4 248 720,14 720 000,11 050 000,1 184 890,3 063 830,2 485 110
C22D,1,2 583 510,12 240 000,7 830 000,2 070 716,512 794,2 339 284
C22E,1,5 077 810,12 130 000,10 590 000,9 856 437,-4 778 627,-8 316 437
C22F,1,2 560 080,7 010 000,8 480 000,1 460 774,1 099 306,-2 930 774
C22G,1,2 545 720,25 770 000,20 000,597 707,1 948 013,25 152 293
C22H,1,3 460 600,9 350 000,7 380 000,480 282,2 980 318,1 489 718
C22J,1,6 076 810,15 250 000,11 030 000,4 154 733,1 922 077,65 267
C22K,1,2 700 480,18 270 000,8 390 000,949 720,1 750 760,8 930 280
C23A,1,1 197 640,7 390 000,1 050 000,7 811,1 189 829,6 332 189
C23B,1,7 961 860,27 630 000,8 160 000,1 669 147,6 292 713,17 800 853
C23C,1,15 158 600,23 130 000,15 340 000,606 544,14 552 056,7 183 456
C23D,1,3 888 070,25 790 000,7 440 000,61 416 812,-57 528 742,-43 066 812
C23E,1,4 070 220,7 170 000,11 930 000,78 313 974,-74 243 754,-83 073 974
C23F,1,7 456 470,31 340 000,15 890 000,5 788 898,1 667 572,9 661 102
C23G,1,2 243 030,27 180 000,9 020 000,4 512 459,-2 269 429,13 647 541
C23H,1,1 971 200,12 430 000,7 040 000,1 197 403,773 797,4 192 597
C23J,1,18 694 700,19 050 000,12 240 000,2 057 393,16 637 307,4 752 607
C23K,1,10 473 800,10 760 000,6 870 000,2 548 325,7 925 475,1 341 675
C23L,1,24 736 800,17 110 000,17 070 000,7 413 538,17 323 262,-7 373 538
C24A,1,11 677 800,18 600 000,50 000,4 301 489,7 376 311,14 248 511
C24B,1,5 999 720,16 310 000,3 840 000,14 273 688,-8 273 968,-1 803 688
C24C,1,5 680 380,96 980 000,13 320 000,36 682 582,-31 002 202,46 977 418
C24D,1,7 896 230,3 990 000,7 560 000,2 322 065,5 574 165,-5 892 065
C24E,1,10 965 700,21 870 000,6 010 000,3 870 636,7 095 064,11 989 364
C24F,1,19 538 900,55 910 000,13 900 000,36 434 567,-16 895 667,5 575 433
C24G,1,11 380 700,11 750 000,9 200 000,6 386 542,4 994 158,-3 836 542
C24H,1,9 145 080,10 810 000,3 690 000,1 987 328,7 157 752,5 132 672
C24J,1,22 996 900,22 310 000,10 470 000,2 176 505,20 820 395,9 663 495
C25A,1,7 411 070,12 490 000,2 910 000,742 314,6 668 756,8 837 686
C25B,1,10 596 600,18 160 000,5 030 000,13 033 261,-2 436 661,96 739
C25C,1,10 105 100,5 100 000,5 740 000,3 952 892,6 152 208,-4 592 892
C25D,1,9 003 430,1 250 000,500 000,1 876 788,7 126 642,-1 126 788
C25E,1,7 690 100,8 330 000,1 290 000,5 271 181,2 418 919,1 768 819
C25F,1,8 942 200,10 480 000,3 300 000,996 935,7 945 265,6 183 065
C31A,1,17 451 900,23 490 000,14 440 000,26 612 506,-9 160 606,-17 562 506
C31B,1,13 598 600,20 590 000,5 140 000,13 951 839,- 353 239,1 498 161
C31C,1,11 835 300,21 790 000,6 420 000,6 861 661,4 973 639,8 508 339
C31D,1,14 506 300,22 950 000,9 400 000,4 234 818,10 271 482,9 315 182
C31E,1,14 956 600,37 330 000,8 550 000,16 109 563,-1 152 963,12 670 437
C31F,1,5 872 180,12 460 000,1 350 000,6 344 013,- 471 833,4 765 987
C32A,1,5 972 260,8 620 000,1 560 000,7 087 582,-1 115 322,-27 582
C32B,1,24 649 300,31 220 000,8 120 000,35 653 087,-11 003 787,-12 553 087
C32C,1,6 440 910,15 300 000,3 130 000,6 169 180,271 730,6 000 820
C32D,1,39 352 400,60 260 000,22 230 000,12 792 618,26 559 782,25 237 382
C33A,1,12 990 000,35 290 000,3 840 000,3 098 934,9 891 066,28 351 066
C33B,1,18 680 900,34 060 000,2 810 000,1 242 324,17 438 576,30 007 676
C33C,1,31 736 900,35 060 000,11 850 000,1 371 425,30 365 475,21 838 575
C41A,1,5 044 410,9 040 000,3 400 000,85 018,4 959 392,5 554 982
C41B,1,6 110 360,9 510 000,3 330 000,65 348,6 045 012,6 114 652
C41C,1,6 978 500,10 090 000,3 240 000,378 707,6 599 793,6 471 293
C41D,1,3 915 380,4 940 000,2 350 000,653 379,3 262 001,1 936 621
C41E,1,558 515,620 000,2 770 000,105 965,452 550,-2 255 965
C41F,1,659 726,560 000,90 000,167 890,491 836,302 110
C41G,1,78 923,290 000,240 000,12 739,66 184,37 261
C41H,1,2 252 670,2 320 000,860 000,709 908,1 542 762,750 092
C41J,1,1 571 540,2 160 000,1 000 000,721 552,849 988,438 448
C42A,1,3 525 570,8 770 000,7 290 000,214 481,3 311 089,1 265 519
C42B,1,2 088 890,5 100 000,4 080 000,375 567,1 713 323,644 433
C42C,1,2 453 320,6 270 000,4 840 000,880 250,1 573 070,549 750
C42D,1,355 731,1 710 000,2 650 000,133 650,222 081,-1 073 650
C42E,1,1 052 720,2 930 000,2 250 000,11 851,1 040 869,668 149
C42F,1,1 375,1 420 000,610 000,44 200,-42 825,765 800
C42G,1,93 740,820 000,1 700 000,53 375,40 365,- 933 375
C42H,1,242 125,530 000,910 000,43 641,198 484,- 423 641
C42J,1,173 689,1 990 000,1 400 000,16 359 894,-16 186 205,-15 769 894
C42K,1,90 428,670 000,170 000,18 143 625,-18 053 197,-17 643 625
C42L,1,157 329,960 000,710 000,2 863 312,-2 705 983,-2 613 312
C43A,1,4 902 050,3 370 000,2 220 000,3 025 227,1 876 823,-1 875 227
C43B,1,1 883 390,1 260 000,70 000,6 499 244,-4 615 854,-5 309 244
C43C,1,3 414 340,3 170 000,1 130 000,473 715,2 940 625,1 566 285
C43D,1,3 854 320,3 950 000,1 350 000,1 058 016,2 796 304,1 541 984
C60A,1,5 749 460,10 010 000,7 700 000,221 021,5 528 439,2 088 979
C60B,1,4 915 500,10 110 000,8 360 000,145 485,4 770 015,1 604 515
C60C,1,3 127 960,5 510 000,3 720 000,341 368,2 786 592,1 448 632
C60D,1,1 613 600,2 530 000,870 000,472 496,1 141 104,1 187 504
C60E,1,1 307 820,2 760 000,1 190 000,600 580,707 240,969 420
C60F,1,1 600 970,1 940 000,2 170 000,70 322,1 530 648,- 300 322
C60G,1,1 056 760,2 280 000,2 350 000,384 990,671 770,- 454 990
C60H,1,3 132 450,2 690 000,310 000,926 918,2 205 532,1 453 082
C60J,1,7 141 580,10 020 000,3 900 000,833 915,6 307 665,5 286 085
C70A,1,2 643 670,7 020 000,5 300 000,205 000,2 438 670,1 515 000
C70B,1,1 997 660,4 740 000,3 590 000,28 607,1 969 053,1 121 393
C70C,1,2 368 180,5 920 000,4 180 000,8 095,2 360 085,1 731 905
C70D,1,782 935,3 820 000,2 320 000,313 978,468 957,1 186 022
C70E,1,5 797 620,7 670 000,4 790 000,1 321 685,4 475 935,1 558 315
C70F,1,3 227 870,4 950 000,4 000 000,74 821,3 153 049,875 179
C70G,1,3 058 450,7 150 000,3 940 000,265 504,2 792 946,2 944 496
C70H,1,1 441 280,1 920 000,1 620 000,110 100,1 331 180,189 900
C70J,1,7 755 690,6 450 000,4 020 000,497 870,7 257 820,1 932 130
C70K,1,8 494 490,9 390 000,5 170 000,975 216,7 519 274,3 244 784
C81A,1,5 795 750,22 720 000,15 860 000,102 330,5 693 420,6 757 670
C81B,1,6 146 350,17 900 000,4 400 000,269 522,5 876 828,13 230 478
C81C,1,1 715 500,9 880 000,3 760 000,876,1 714 624,6 119 124
C81D,1,1 439 280,8 310 000,3 380 000,8 541,1 430 739,4 921 459
C81E,1,3 755 710,22 340 000,8 460 000,84 020,3 671 690,13 795 980
C81F,1,9 571 740,46 150 000,45 140 000,48 814,9 522 926,961 186
C81G,1,3 048 050,18 140 000,9 160 000,6 030,3 042 020,8 973 970
C81H,1,2 140 370,12 370 000,5 900 000,189 475,1 950 895,6 280 525
C81J,1,2 263 390,12 880 000,1 390 000,0,2 263 390,11 490 000
C81K,1,2 230 100,12 340 000,5 000 000,0,2 230 100,7 340 000
C81L,1,8 584 690,35 970 000,16 940 000,17 107,8 567 583,19 012 893
C81M,1,8 301 150,38 820 000,12 370 000,43 131,8 258 019,26 406 869
C82A,1,4 547 470,21 750 000,10 000,10 455,4 537 015,21 729 545
C82B,1,3 040 200,16 880 000,40 000,8 030,3 032 170,16 831 970
C82C,1,1 915 530,12 390 000,5 280 000,0,1 915 530,7 110 000
C82D,1,2 829 060,19 500 000,5 370 000,186 870,2 642 190,13 943 130
C82E,1,3 276 690,20 730 000,5 360 000,0,3 276 690,15 370 000
C82F,1,2 141 140,14 020 000,2 680 000,8 176,2 132 964,11 331 824
C82G,1,2 393 970,18 140 000,5 170 000,10 950,2 383 020,12 959 050
C82H,1,2 795 060,20 700 000,3 300 000,59 962,2 735 098,17 340 038
C83A,1,4 864 460,31 270 000,12 090 000,108 318,4 756 142,19 071 682
C83B,1,1 652 800,9 950 000,2 930 000,1 825,1 650 975,7 018 175
C83C,1,3 718 690,30 600 000,10 270 000,172 470,3 546 220,20 157 530
C83D,1,2 073 160,17 050 000,4 560 000,17 900,2 055 260,12 472 100
C83E,1,1 739 750,15 460 000,4 740 000,1 825,1 737 925,10 718 175
C83F,1,4 722 130,32 850 000,10 950 000,34 100,4 688 030,21 865 900
C83G,1,3 405 620,24 230 000,7 390 000,27 023,3 378 597,16 812 977
C83H,1,2 116 290,16 230 000,3 450 000,134 235,1 982 055,12 645 765
C83J,1,840 806,6 680 000,1 690 000,200 500,640 306,4 789 500
C83K,1,2 726 920,16 630 000,3 560 000,0,2 726 920,13 070 000
C83L,1,4 320 340,23 210 000,3 990 000,20 237,4 300 103,19 199 763
C83M,1,5 593 640,31 720 000,7 000 000,40 364,5 553 277,24 679 637
C91A,1,8 237 420,15 410 000,4 430 000,8 051 165,186 255,2 928 835
C91B,1,13 171 400,57 520 000,4 430 000,21 212 935,-8 041 535,31 877 065
C91C,1,11 552 000,33 310 000,13 620 000,2 632 754,8 919 246,17 057 246
C91D,1,6 249 120,27 830 000,12 390 000,618 680,5 630 440,14 821 320
C91E,1,1 476 900,8 320 000,3 380 000,7 676 578,-6 199 678,-2 736 578
C92A,1,31 193 100,27 500 000,9 030 000,3 360 389,27 832 711,15 109 611
C92B,1,12 798 400,13 600 000,5 570 000,364 998,12 433 402,7 665 002
C92C,1,17 182 600,12 230 000,950 000,870 650,16 311 950,10 409 350
D41A,0,58 138 200,Unknown,Unknown,35 649 879,22 488 321,Unknown
D41B,1,51 175 900,29 580 000,2 590 000,13 275 199,37 900 701,13 714 801
D41C,1,6 020 550,28 380 000,230 000,2 992 331,3 028 219,25 157 669
D41D,1,12 465 000,34 390 000,700 000,14 674 249,-2 209 249,19 015 751
D41E,1,5 268 350,20 570 000,8 720 000,157 680,5 110 670,11 692 320
D41F,1,7 103 680,18 800 000,470 000,1 312 675,5 791 005,17 017 325
D41G,1,8 821 080,41 910 000,16 270 000,5 314 181,3 506 899,20 325 819
D41H,1,8 010 620,48 680 000,15 610 000,10 438 296,-2 427 676,22 631 704
D41J,1,7 081 230,20 620 000,12 660 000,22 587 880,-15 506 650,-14 627 880
D41K,1,6 679 590,18 130 000,5 780 000,6 764 965,-85 375,5 585 035
D41L,1,46 707 800,49 120 000,13 590 000,14 486 997,32 220 803,21 043 003
D41M,1,2 510 770,3 920 000,220 000,1 292 186,1 218 584,2 407 814
D42C,1,3 904 680,72 220 000,30 140 000,29 327,3 875 353,42 050 673
D73A,1,6 475 370,18 570 000,3 150 000,21 029 888,-14 554 518,-5 609 888
D73C,1,8 830 050,27 370 000,12 470 000,15 401,8 814 649,14 884 599
