datetime,high,moderately_high,normal,moderately_low,low,very_low,2018_2019,2019_2020,high_change,high_pct_change,moderately_high_change,moderately_high_pct_change,normal_change,normal_pct_change,moderately_low_change,moderately_low_pct_change,low_change,low_pct_change,very_low_change,very_low_pct_change,2018_2019_change,2018_2019_pct_change,2019_2020_change,2019_2020_pct_change
2014-10-01,94.245,87.03875,85.80699999999999,79.695,72.3475,64.2245,76.95883913613325,80.56583933657072,,,,,,,,,,,,,,,,
2014-10-08,94.245,87.03875,85.80699999999999,79.695,72.3475,64.2245,76.06873444033926,79.89147029310702,0.0,0.0,0.0,0.0,0.0,0.0,0.0,0.0,0.0,0.0,0.0,0.0,-0.890104695793994,-0.011565983917967926,-0.6743690434636989,-0.008370409208380059
2014-10-15,90.99,86.4,82.04,78.74,71.9,61.906,74.55246559937359,78.97670117396412,-3.2550000000000097,-0.03453764125417802,-0.6387499999999875,-0.0073386853556604015,-3.7669999999999817,-0.04390084725022414,-0.9549999999999983,-0.011983185896229376,-0.4474999999999909,-0.006185424513632021,-2.3185000000000073,-0.03609993071180018,-1.5162688409656653,-0.019932878496287776,-0.9147691191429033,-0.011450147503691999
2014-10-22,94.245,87.03875,85.80699999999999,79.695,72.3475,64.2245,73.78068769407624,78.08422369820238,3.2550000000000097,0.03577316188592161,0.6387499999999875,0.007392939814814703,3.7669999999999817,0.04591662603607971,0.9549999999999983,0.012128524257048579,0.4474999999999909,0.006223922114047209,2.3185000000000073,0.03745194326882695,-0.7717779052973555,-0.01035214461510503,-0.8924774757617371,-0.011300516006560679
2014-10-29,94.245,87.03875,85.80699999999999,79.695,72.3475,64.2245,73.61365647266277,77.3093237140001,0.0,0.0,0.0,0.0,0.0,0.0,0.0,0.0,0.0,0.0,0.0,0.0,-0.16703122141346682,-0.0022638881072245542,-0.7748999842022783,-0.009923899444749362
2014-11-05,94.245,87.03875,85.80699999999999,79.695,72.3475,64.2245,73.54503317833253,76.7753233381018,0.0,0.0,0.0,0.0,0.0,0.0,0.0,0.0,0.0,0.0,0.0,0.0,-0.06862329433023717,-0.000932208745203722,-0.5340003758983016,-0.006907321785323051
2014-11-12,94.245,87.03875,85.80699999999999,79.695,72.3475,64.2245,72.97971835101784,76.98390942973981,0.0,0.0,0.0,0.0,0.0,0.0,0.0,0.0,0.0,0.0,0.0,0.0,-0.565314827314694,-0.007686648613563274,0.20858609163801134,0.0027168376838928587
2014-11-15,97.01,85.39250000000001,81.77799999999999,76.6,73.64750000000001,59.49,72.28736613306177,68.0609766986763,2.7650000000000006,0.029338426441721133,-1.6462499999999807,-0.018913989458717917,-4.028999999999996,-0.04695421119489085,-3.094999999999999,-0.03883556057469095,1.3000000000000114,0.01796883098932245,-4.734500000000004,-0.07371797367048405,-0.6923522179560706,-0.009486912714927076,-8.922932731063511,-0.11590646405411664
2014-11-19,94.245,87.03875,85.80699999999999,79.695,72.3475,64.2245,72.61633958727366,78.05290924678597,-2.7650000000000006,-0.02850221626636429,1.6462499999999807,0.01927862517199963,4.028999999999996,0.049267529164322976,3.094999999999999,0.04040469973890337,-1.3000000000000114,-0.01765165144777503,4.734500000000004,0.0795848041687679,0.3289734542118907,0.0045509121691658105,9.991932548109673,0.14680853894216894
2014-11-26,94.245,87.03875,85.80699999999999,79.695,72.3475,64.2245,71.85873592020467,78.19889765638027,0.0,0.0,0.0,0.0,0.0,0.0,0.0,0.0,0.0,0.0,0.0,0.0,-0.7576036670689916,-0.010432964142436107,0.14598840959429538,0.0018703775554695934
2014-12-03,94.245,87.03875,85.80699999999999,79.695,72.3475,64.2245,72.1752522795859,78.88591111940892,0.0,0.0,0.0,0.0,0.0,0.0,0.0,0.0,0.0,0.0,0.0,0.0,0.31651635938123945,0.004404702578301833,0.6870134630286486,0.008785462245868292
2014-12-10,94.245,87.03875,85.80699999999999,79.695,72.3475,64.2245,74.40735137187269,79.63820725233953,0.0,0.0,0.0,0.0,0.0,0.0,0.0,0.0,0.0,0.0,0.0,0.0,2.232099092286788,0.03092610031538623,0.7522961329306099,0.009536508132508725
2014-12-15,98.3,85.7,82.69399999999999,79.946,76.57,58.36,72.28736613306177,68.0609766986763,4.054999999999993,0.04302615523369924,-1.3387499999999903,-0.015381080265973401,-3.1129999999999995,-0.036279091449415546,0.2510000000000048,0.003149507497333559,4.222499999999997,0.058364145271087464,-5.864500000000007,-0.09131250535231894,-2.1199852388109264,-0.02849161003212808,-11.577230553663227,-0.1453728173084048
2014-12-17,94.245,87.03875,85.80699999999999,79.695,72.3475,64.2245,76.85649738962982,80.61148413016073,-4.054999999999993,-0.04125127161749742,1.3387499999999903,0.015621353558926465,3.1129999999999995,0.03764481098991457,-0.2510000000000048,-0.003139619242989111,-4.222499999999997,-0.055145618388402706,5.864500000000007,0.10048834818368757,4.569131256568056,0.0632078812798007,12.550507431484434,0.18440093046341088
2014-12-24,94.245,87.03875,85.80699999999999,79.695,72.3475,64.2245,77.60588998917888,81.51935345492373,0.0,0.0,0.0,0.0,0.0,0.0,0.0,0.0,0.0,0.0,0.0,0.0,0.7493925995490542,0.009750543220177654,0.9078693247629985,0.011262282720128303
2014-12-31,94.245,87.03875,85.80699999999999,79.695,72.3475,64.2245,78.51332222289521,82.06571726328555,0.0,0.0,0.0,0.0,0.0,0.0,0.0,0.0,0.0,0.0,0.0,0.0,0.9074322337163352,0.011692826843978876,0.5463638083618179,0.0067022588527265725
2015-01-07,94.245,87.03875,85.80699999999999,79.695,72.3475,64.2245,79.48603712651351,82.55382307928146,0.0,0.0,0.0,0.0,0.0,0.0,0.0,0.0,0.0,0.0,0.0,0.0,0.9727149036182965,0.012389170093411783,0.4881058159959082,0.0059477432510575134
2015-01-14,94.245,87.03875,85.80699999999999,79.695,72.3475,64.2245,80.6555991050873,82.90524428081976,0.0,0.0,0.0,0.0,0.0,0.0,0.0,0.0,0.0,0.0,0.0,0.0,1.169561978573796,0.014714055711599672,0.3514212015383009,0.004256873739218792
2015-01-15,97.4,87.1225,84.48,81.712,77.97500000000001,58.976,72.28736613306177,68.0609766986763,3.155000000000001,0.033476577006737784,0.0837500000000091,0.0009622151053412242,-1.326999999999984,-0.015464938757909996,2.01700000000001,0.025308990526381914,5.627500000000012,0.07778430491723998,-5.248500000000007,-0.08172115002841607,-8.368232972025538,-0.10375266026010732,-14.844267582143459,-0.17905100830367737
2015-01-21,94.245,87.03875,85.80699999999999,79.695,72.3475,64.2245,80.58763144732708,83.06487617522856,-3.155000000000001,-0.03239219712525665,-0.0837500000000091,-0.0009612901374502769,1.326999999999984,0.01570785984848455,-2.01700000000001,-0.024684256902291146,-5.627500000000012,-0.07217056748958017,5.248500000000007,0.08899382799782973,8.300265314265317,0.11482318084444709,15.003899476552263,0.2204479013426217
2015-01-28,94.245,87.03875,85.80699999999999,79.695,72.3475,64.2245,80.24479596277733,82.76859088715122,0.0,0.0,0.0,0.0,0.0,0.0,0.0,0.0,0.0,0.0,0.0,0.0,-0.3428354845497523,-0.00425419482360434,-0.29628528807734256,-0.003566914220787143
2015-02-04,94.245,87.03875,85.80699999999999,79.695,72.3475,64.2245,80.87411340764298,82.6715254539971,0.0,0.0,0.0,0.0,0.0,0.0,0.0,0.0,0.0,0.0,0.0,0.0,0.6293174448656487,0.0078424704968727,-0.09706543315411409,-0.0011727327010611077
2015-02-11,94.245,87.03875,85.80699999999999,79.695,72.3475,64.2245,82.47230559907388,82.43421623643378,0.0,0.0,0.0,0.0,0.0,0.0,0.0,0.0,0.0,0.0,0.0,0.0,1.598192191430897,0.01976148020782942,-0.2373092175633218,-0.0028705073029694494
2015-02-15,98.7,88.13749999999999,86.318,84.346,81.0825,63.934,72.28736613306177,68.0609766986763,4.454999999999998,0.04727041222346018,1.0987499999999955,0.012623687725294763,0.5110000000000099,0.005955225098185579,4.6510000000000105,0.0583599974904323,8.735,0.12073672207056219,-0.29050000000000864,-0.004523195976613437,-10.18493946601211,-0.12349526779964892,-14.373239537757485,-0.1743601163930869
2015-02-18,94.245,87.03875,85.80699999999999,79.695,72.3475,64.2245,84.42104480994969,81.7817329660936,-4.454999999999998,-0.04513677811550154,-1.0987499999999955,-0.012466316834491509,-0.5110000000000099,-0.005919970342223024,-4.6510000000000105,-0.05514191544353031,-8.735,-0.10772978139549227,0.29050000000000864,0.004543748240372958,12.133678676887925,0.16785337917213727,13.7207562674173,0.20159505391999688
2015-02-25,94.245,87.03875,85.80699999999999,79.695,72.3475,64.2245,84.27196554223954,81.04076997958785,0.0,0.0,0.0,0.0,0.0,0.0,0.0,0.0,0.0,0.0,0.0,0.0,-0.14907926771014957,-0.0017659017137937605,-0.7409629865057497,-0.00906025049399417
2015-03-04,94.245,87.03875,85.80699999999999,79.695,72.3475,64.2245,86.00162847635681,80.43742823121119,0.0,0.0,0.0,0.0,0.0,0.0,0.0,0.0,0.0,0.0,0.0,0.0,1.7296629341172718,0.02052477265705055,-0.6033417483766641,-0.007444916287550507
2015-03-11,94.245,87.03875,85.80699999999999,79.695,72.3475,64.2245,88.93188685336283,79.90036821798606,0.0,0.0,0.0,0.0,0.0,0.0,0.0,0.0,0.0,0.0,0.0,0.0,2.9302583770060124,0.034072126643643674,-0.5370600132251298,-0.006676742718344952
2015-03-15,94.56,90.5925,87.9,84.93,80.3075,65.975,72.28736613306177,68.0609766986763,0.3149999999999977,0.003342352379436475,3.553750000000008,0.04082951558932102,2.0930000000000177,0.024391949374759747,5.235000000000014,0.06568793525315275,7.960000000000008,0.11002453436538939,1.7504999999999882,0.027255953724824478,-16.64452072030106,-0.18716032358276302,-11.839391519309757,-0.14817693314014835
2015-03-18,94.245,87.03875,85.80699999999999,79.695,72.3475,64.2245,92.04918897756286,79.65519136158233,-0.3149999999999977,-0.003331218274111647,-3.553750000000008,-0.03922786102602316,-2.0930000000000177,-0.023811149032992196,-5.235000000000014,-0.06163899682091145,-7.960000000000008,-0.09911901130031453,-1.7504999999999882,-0.026532777567260135,19.761822844501097,0.2733786538594427,11.594214662906026,0.17035040085064668
2015-03-25,94.245,87.03875,85.80699999999999,79.695,72.3475,64.2245,91.62836396196808,79.8232528690344,0.0,0.0,0.0,0.0,0.0,0.0,0.0,0.0,0.0,0.0,0.0,0.0,-0.4208250155947866,-0.004571740612482333,0.16806150745208015,0.002109862578688615
2015-04-01,94.245,87.03875,85.80699999999999,79.695,72.3475,64.2245,90.7193082472212,80.36771220926421,0.0,0.0,0.0,0.0,0.0,0.0,0.0,0.0,0.0,0.0,0.0,0.0,-0.9090557147468701,-0.00992111694937814,0.5444593402298068,0.006820811238087421
2015-04-08,94.245,87.03875,85.80699999999999,79.695,72.3475,64.2245,90.15265092597738,80.52868659760213,0.0,0.0,0.0,0.0,0.0,0.0,0.0,0.0,0.0,0.0,0.0,0.0,-0.5666573212438237,-0.006246270305540813,0.16097438833791955,0.002002973382130957
2015-04-15,93.9,90.3025,88.99799999999999,84.1,79.7,69.59899999999999,89.61721439378282,80.24901076929898,-0.34499999999999886,-0.003660671653668568,3.2637500000000017,0.03749766626933404,3.1910000000000025,0.03718810819630103,4.405000000000001,0.055273229186272754,7.352500000000006,0.10162756142230212,5.374499999999983,0.08368301816285029,-0.5354365321945664,-0.005939221162051034,-0.27967582830315507,-0.0034729962715110974
2015-04-22,94.245,87.03875,85.80699999999999,79.695,72.3475,64.2245,89.19626449503183,79.7720195542046,0.34499999999999886,0.003674121405750741,-3.2637500000000017,-0.036142410232274824,-3.1910000000000025,-0.0358547383087261,-4.405000000000001,-0.05237812128418551,-7.352500000000006,-0.09225219573400256,-5.374499999999983,-0.07722093708242916,-0.4209498987509903,-0.004697199099509053,-0.4769912150943725,-0.0059438890339176265
2015-04-29,94.245,87.03875,85.80699999999999,79.695,72.3475,64.2245,88.93357277597148,79.28622407659834,0.0,0.0,0.0,0.0,0.0,0.0,0.0,0.0,0.0,0.0,0.0,0.0,-0.26269171906034217,-0.0029450977633146413,-0.48579547760625985,-0.006089797905594718
2015-05-06,94.245,87.03875,85.80699999999999,79.695,72.3475,64.2245,88.57618840372477,78.75253590859053,0.0,0.0,0.0,0.0,0.0,0.0,0.0,0.0,0.0,0.0,0.0,0.0,-0.35738437224671316,-0.004018554085834181,-0.5336881680078136,-0.006731158839046514
2015-05-13,94.245,87.03875,85.80699999999999,79.695,72.3475,64.2245,88.07418933660195,78.13417696068117,0.0,0.0,0.0,0.0,0.0,0.0,0.0,0.0,0.0,0.0,0.0,0.0,-0.5019990671228243,-0.005667426835243128,-0.618358947909357,-0.007851924268535315
2015-05-15,93.5,89.8475,88.47,85.01,77.74,69.19,72.28736613306177,68.0609766986763,-0.7450000000000045,-0.007904928643429399,2.8087500000000034,0.03227010957763077,2.663000000000011,0.031034764063538,5.315000000000012,0.06669176234393648,5.392499999999998,0.07453609316147758,4.965499999999992,0.07731473191694738,-15.78682320354018,-0.17924460415078136,-10.073200262004875,-0.12892181953966098
2015-05-20,94.245,87.03875,85.80699999999999,79.695,72.3475,64.2245,87.62779449477584,77.60345476763304,0.7450000000000045,0.007967914438502754,-2.8087500000000034,-0.031261303876012225,-2.663000000000011,-0.030100599073132228,-5.315000000000012,-0.06252205622867912,-5.392499999999998,-0.06936583483406222,-4.965499999999992,-0.07176615117791574,15.340428361714075,0.21221451523737134,9.54247806895674,0.1402048358959611
2015-05-27,94.245,87.03875,85.80699999999999,79.695,72.3475,64.2245,87.40188086521549,77.00048766872494,0.0,0.0,0.0,0.0,0.0,0.0,0.0,0.0,0.0,0.0,0.0,0.0,-0.22591362956035255,-0.0025781047082478192,-0.6029670989080955,-0.007769848658330414
2015-06-03,94.245,87.03875,85.80699999999999,79.695,72.3475,64.2245,87.15679767117891,76.4623973694612,0.0,0.0,0.0,0.0,0.0,0.0,0.0,0.0,0.0,0.0,0.0,0.0,-0.24508319403658163,-0.0028040951934951153,-0.5380902992637431,-0.006988141446307994
2015-06-10,94.245,87.03875,85.80699999999999,79.695,72.3475,64.2245,87.16719419393229,76.14581856850184,0.0,0.0,0.0,0.0,0.0,0.0,0.0,0.0,0.0,0.0,0.0,0.0,0.010396522753381987,0.00011928527700844072,-0.31657880095936264,-0.0041403201030916215
2015-06-15,95.6,89.345,88.3,84.658,76.055,67.869,72.28736613306177,68.0609766986763,1.3549999999999898,0.014377420552814435,2.3062500000000057,0.026496818945584755,2.493000000000009,0.02905357371776196,4.963000000000008,0.06227492314448857,3.7075000000000102,0.051245723763779116,3.6444999999999936,0.05674625726942195,-14.879828060870523,-0.17070445135317103,-8.084841869825539,-0.1061757824896492
2015-06-17,94.245,87.03875,85.80699999999999,79.695,72.3475,64.2245,87.16591414158128,75.68690419026699,-1.3549999999999898,-0.014173640167363888,-2.3062500000000057,-0.025812860260786885,-2.493000000000009,-0.02823329558323906,-4.963000000000008,-0.058624111129485845,-3.7075000000000102,-0.04874761685622264,-3.6444999999999936,-0.0536990378523331,14.878548008519516,0.20582501209315152,7.625927491590687,0.1120455194957406
2015-06-24,94.245,87.03875,85.80699999999999,79.695,72.3475,64.2245,87.00547050665722,75.38777781038615,0.0,0.0,0.0,0.0,0.0,0.0,0.0,0.0,0.0,0.0,0.0,0.0,-0.16044363492406433,-0.0018406694463556361,-0.2991263798808319,-0.003952155040307437
2015-07-01,94.245,87.03875,85.80699999999999,79.695,72.3475,64.2245,87.16878645417381,75.01718704437161,0.0,0.0,0.0,0.0,0.0,0.0,0.0,0.0,0.0,0.0,0.0,0.0,0.16331594751659395,0.001877076769605024,-0.3705907660145442,-0.004915793737104823
2015-07-08,94.245,87.03875,85.80699999999999,79.695,72.3475,64.2245,86.79928841577599,74.55764825035577,0.0,0.0,0.0,0.0,0.0,0.0,0.0,0.0,0.0,0.0,0.0,0.0,-0.3694980383978219,-0.004238880147678481,-0.45953879401584175,-0.006125780132811842
2015-07-15,93.93,88.73,87.1,83.79,74.555,66.91499999999999,86.95461184129599,74.10079444419814,-0.3149999999999977,-0.003342352379436586,1.6912500000000108,0.0194310005600955,1.2930000000000064,0.015068700688755099,4.095000000000013,0.05138339920948631,2.2075000000000102,0.030512457237637847,2.690499999999986,0.04189211282298788,0.15532342551999534,0.001789455056082856,-0.45685380615762483,-0.006127524363745529
2015-07-22,94.245,87.03875,85.80699999999999,79.695,72.3475,64.2245,86.64924130360532,73.89336352175496,0.3149999999999977,0.0033535611625679085,-1.6912500000000108,-0.01906063338217079,-1.2930000000000064,-0.014845005740528161,-4.095000000000013,-0.048872180451127956,-2.2075000000000102,-0.02960901347998135,-2.690499999999986,-0.04020772621983093,-0.30537053769066347,-0.003511838316845206,-0.20743092244318007,-0.0027993076727319544
2015-07-29,94.245,87.03875,85.80699999999999,79.695,72.3475,64.2245,86.25514128343669,73.88680715605463,0.0,0.0,0.0,0.0,0.0,0.0,0.0,0.0,0.0,0.0,0.0,0.0,-0.39410002016863643,-0.004548222399175628,-0.006556365700333799,-8.872739563958731e-05
2015-08-05,94.245,87.03875,85.80699999999999,79.695,72.3475,64.2245,85.66066623915,73.88921115681141,0.0,0.0,0.0,0.0,0.0,0.0,0.0,0.0,0.0,0.0,0.0,0.0,-0.594475044286682,-0.006892053452596136,0.0024040007567833754,3.25362652591199e-05
2015-08-12,94.245,87.03875,85.80699999999999,79.695,72.3475,64.2245,85.2483957197547,73.5420359825838,0.0,0.0,0.0,0.0,0.0,0.0,0.0,0.0,0.0,0.0,0.0,0.0,-0.4122705193953067,-0.004812833444982956,-0.34717517422761546,-0.004698590887522447
2015-08-15,93.6,87.8075,86.03,82.1,73.205,65.50999999999999,72.28736613306177,68.0609766986763,-0.6450000000000102,-0.006843864395989274,0.7687500000000114,0.008832272981861733,0.2230000000000132,0.002598855571223968,2.405000000000001,0.030177551916682477,0.8575000000000017,0.011852517364110637,1.2854999999999848,0.020015726085839347,-12.96102958669293,-0.15203839881399028,-5.4810592839074985,-0.07452961031981109
2015-08-19,94.245,87.03875,85.80699999999999,79.695,72.3475,64.2245,84.92710257964892,73.11730836835785,0.6450000000000102,0.0068910256410257276,-0.7687500000000114,-0.008754946900891292,-0.2230000000000132,-0.002592119028246076,-2.405000000000001,-0.02929354445797805,-0.8575000000000017,-0.011713680759510958,-1.2854999999999848,-0.019622958326972806,12.63973644658715,0.17485401838159054,5.056331669681555,0.07429120055192939
2015-08-26,94.245,87.03875,85.80699999999999,79.695,72.3475,64.2245,84.49684888576127,72.6041322587554,0.0,0.0,0.0,0.0,0.0,0.0,0.0,0.0,0.0,0.0,0.0,0.0,-0.43025369388765,-0.005066152980836014,-0.5131761096024547,-0.007018531193970112
2015-09-02,94.245,87.03875,85.80699999999999,79.695,72.3475,64.2245,84.49553761262119,72.15458411723532,0.0,0.0,0.0,0.0,0.0,0.0,0.0,0.0,0.0,0.0,0.0,0.0,-0.0013112731400752864,-1.5518604035147376e-05,-0.4495481415200828,-0.006191770737207225
2015-09-09,94.245,87.03875,85.80699999999999,79.695,72.3475,64.2245,83.00424540289491,71.79342202951364,0.0,0.0,0.0,0.0,0.0,0.0,0.0,0.0,0.0,0.0,0.0,0.0,-1.4912922097262822,-0.017649360568167127,-0.3611620877216808,-0.0050053935192097
2015-09-15,93.7,86.92500000000001,83.952,81.506,71.02250000000001,64.137,72.28736613306177,68.0609766986763,-0.5450000000000017,-0.005782800148549039,-0.11374999999998181,-0.0013068891729256515,-1.8549999999999898,-0.021618282890673135,1.811000000000007,0.02272413576761423,-1.3249999999999886,-0.018314385431424607,-0.08750000000000568,-0.0013624084266908865,-10.716879269833143,-0.12911242332020978,-3.7324453308373364,-0.051988681209581555
2015-09-16,94.245,87.03875,85.80699999999999,79.695,72.3475,64.2245,82.21382868653517,71.3249540898297,0.5450000000000017,0.005816435432230538,0.11374999999998181,0.0013085993672703466,1.8549999999999898,0.022095959595959558,-1.811000000000007,-0.022219223124678056,1.3249999999999886,0.01865605969939077,0.08750000000000568,0.0013642671157054753,9.9264625534734,0.1373194665192452,3.2639773911534036,0.04795666400151566
2015-09-23,94.245,87.03875,85.80699999999999,79.695,72.3475,64.2245,81.45194777136642,70.8384405340753,0.0,0.0,0.0,0.0,0.0,0.0,0.0,0.0,0.0,0.0,0.0,0.0,-0.7618809151687458,-0.009267065253385054,-0.48651355575439936,-0.006821084737631433
2015-09-30,94.245,87.03875,85.80699999999999,79.695,72.3475,64.2245,80.64841832360598,69.91767702343495,0.0,0.0,0.0,0.0,0.0,0.0,0.0,0.0,0.0,0.0,0.0,0.0,-0.8035294477604396,-0.00986507345430121,-0.9207635106403558,-0.012998077084961257
2015-10-07,94.245,87.03875,85.80699999999999,79.695,72.3475,64.2245,80.0221292952781,69.04043529272924,0.0,0.0,0.0,0.0,0.0,0.0,0.0,0.0,0.0,0.0,0.0,0.0,-0.626289028327875,-0.00776567031748665,-0.8772417307057054,-0.012546780271485147
2015-10-14,94.245,87.03875,85.80699999999999,79.695,72.3475,64.2245,79.10736017613522,68.0609766986763,0.0,0.0,0.0,0.0,0.0,0.0,0.0,0.0,0.0,0.0,0.0,0.0,-0.914769119142889,-0.011431451864614028,-0.979458594052943,-0.014186738393233922
2015-10-15,90.99,85.84,81.66,77.76,69.23,62.17,72.28736613306177,68.0609766986763,-3.2550000000000097,-0.03453764125417802,-1.1987499999999898,-0.01377260128391078,-4.146999999999991,-0.04832939037607642,-1.934999999999988,-0.024280067758328472,-3.1174999999999926,-0.043090638930163294,-2.0545000000000044,-0.031989349858698835,-6.81999404307345,-0.08621187747750025,0.0,0.0
2015-10-21,94.245,87.03875,85.80699999999999,79.695,72.3475,64.2245,78.20373687868289,67.11979479199775,3.2550000000000097,0.03577316188592161,1.1987499999999898,0.013964934762348502,4.146999999999991,0.050783737447954724,1.934999999999988,0.02488425925925908,3.1174999999999926,0.045031055900621064,2.0545000000000044,0.03304648544313982,5.916370745621123,0.08184515582889906,-0.9411819066785512,-0.01382851014385833
2015-10-28,94.245,87.03875,85.80699999999999,79.695,72.3475,64.2245,77.39792831332186,66.14998342176102,0.0,0.0,0.0,0.0,0.0,0.0,0.0,0.0,0.0,0.0,0.0,0.0,-0.8058085653610334,-0.010303964970511337,-0.9698113702367266,-0.014448962086998973
2015-11-04,94.245,87.03875,85.80699999999999,79.695,72.3475,64.2245,76.82074958616845,65.20283834437404,0.0,0.0,0.0,0.0,0.0,0.0,0.0,0.0,0.0,0.0,0.0,0.0,-0.5771787271534095,-0.007457289099740194,-0.9471450773869776,-0.01431814534779463
2015-11-11,94.245,87.03875,85.80699999999999,79.695,72.3475,64.2245,76.76598832217606,64.2361802738313,0.0,0.0,0.0,0.0,0.0,0.0,0.0,0.0,0.0,0.0,0.0,0.0,-0.054761263992389786,-0.0007128446973947433,-0.9666580705427492,-0.014825398634293552
2015-11-15,97.01,85.0475,81.622,76.466,70.88250000000001,59.78999999999999,72.28736613306177,68.0609766986763,2.7650000000000006,0.029338426441721133,-1.9912499999999937,-0.02287774123594366,-4.184999999999988,-0.04877224468866159,-3.228999999999999,-0.04051697095175355,-1.4649999999999892,-0.020249490307197804,-4.434500000000014,-0.06904685906468733,-4.47862218911429,-0.05834123010724679,3.8247964248450046,0.05954271266660549
2015-11-18,94.245,87.03875,85.80699999999999,79.695,72.3475,64.2245,78.06321210717223,63.27820158264424,-2.7650000000000006,-0.02850221626636429,1.9912499999999937,0.023413386636879308,4.184999999999988,0.05127294111881575,3.228999999999999,0.042227918290482114,1.4649999999999892,0.020668006912848647,4.434500000000014,0.07416792105703318,5.775845974110467,0.07990118167369209,-4.782775116032056,-0.07027191421608081
2015-11-25,94.245,87.03875,85.80699999999999,79.695,72.3475,64.2245,78.1001463006175,62.24260800988076,0.0,0.0,0.0,0.0,0.0,0.0,0.0,0.0,0.0,0.0,0.0,0.0,0.036934193445262054,0.0004731318690109898,-1.0355935727634815,-0.01636572384900903
2015-12-02,94.245,87.03875,85.80699999999999,79.695,72.3475,64.2245,78.7892827773015,61.3302116707056,0.0,0.0,0.0,0.0,0.0,0.0,0.0,0.0,0.0,0.0,0.0,0.0,0.6891364766839985,0.008823753979044113,-0.9123963391751602,-0.01465870997934926
2015-12-09,94.245,87.03875,85.80699999999999,79.695,72.3475,64.2245,79.50370809311539,60.47276392025711,0.0,0.0,0.0,0.0,0.0,0.0,0.0,0.0,0.0,0.0,0.0,0.0,0.714425315813898,0.009067544349061096,-0.8574477504484932,-0.01398083794414906
2015-12-15,98.3,85.55250000000001,81.77,79.0,70.19999999999999,58.3,72.28736613306177,68.0609766986763,4.054999999999993,0.04302615523369924,-1.486249999999984,-0.017075727764932158,-4.036999999999992,-0.047047443681750845,-0.6949999999999932,-0.008720747851182598,-2.147500000000008,-0.029683126576592223,-5.924500000000009,-0.09224672827347835,-7.216341960053626,-0.0907673633486602,7.588212778419191,0.12548149425459454
2015-12-16,94.245,87.03875,85.80699999999999,79.695,72.3475,64.2245,80.4611560308886,59.49670839221054,-4.054999999999993,-0.04125127161749742,1.486249999999984,0.017372373688670617,4.036999999999992,0.04937018466430221,0.6949999999999932,0.008797468354430293,2.147500000000008,0.03059116809116813,5.924500000000009,0.10162092624356789,8.173789897826836,0.11307356091493315,-8.564268306465756,-0.12583228630970145
2015-12-23,94.245,87.03875,85.80699999999999,79.695,72.3475,64.2245,81.44130148230062,58.59614473208505,0.0,0.0,0.0,0.0,0.0,0.0,0.0,0.0,0.0,0.0,0.0,0.0,0.9801454514120138,0.01218159792578355,-0.900563660125492,-0.01513636106032712
2015-12-30,94.245,87.03875,85.80699999999999,79.695,72.3475,64.2245,81.98766529066242,57.72102601503468,0.0,0.0,0.0,0.0,0.0,0.0,0.0,0.0,0.0,0.0,0.0,0.0,0.5463638083618036,0.006708682184807024,-0.8751187170503698,-0.01493474905305825
2016-01-06,94.245,87.03875,85.80699999999999,79.695,72.3475,64.2245,82.50490010284128,56.69258200296348,0.0,0.0,0.0,0.0,0.0,0.0,0.0,0.0,0.0,0.0,0.0,0.0,0.5172348121788559,0.00630869058589667,-1.0284440120711977,-0.01781749360801932
2016-01-13,94.245,87.03875,85.80699999999999,79.695,72.3475,64.2245,82.85185673154555,55.5328545729402,0.0,0.0,0.0,0.0,0.0,0.0,0.0,0.0,0.0,0.0,0.0,0.0,0.3469566287042767,0.004205285119693425,-1.1597274300232812,-0.020456422851981904
2016-01-15,97.4,86.7,83.882,81.4,77.01,58.512,72.28736613306177,68.0609766986763,3.155000000000001,0.033476577006737784,-0.33874999999999034,-0.0038919446798120205,-1.924999999999983,-0.02243406715069851,1.7050000000000125,0.02139406487232587,4.6625000000000085,0.064445903452089,-5.712500000000006,-0.08894580728538182,-10.564490598483786,-0.12751060767068356,12.528122125736097,0.2255983817522096
2016-01-20,94.245,87.03875,85.80699999999999,79.695,72.3475,64.2245,83.11851349081516,55.11627558465611,-3.155000000000001,-0.03239219712525665,0.33874999999999034,0.003907151095732253,1.924999999999983,0.022948904413342408,-1.7050000000000125,-0.02094594594594612,-4.6625000000000085,-0.060544085183742435,5.712500000000006,0.09762954607601859,10.831147357753395,0.1498345829590213,-12.94470111402019,-0.1901927028072159
2016-01-27,94.245,87.03875,85.80699999999999,79.695,72.3475,64.2245,82.78257780064527,55.09819874779659,0.0,0.0,0.0,0.0,0.0,0.0,0.0,0.0,0.0,0.0,0.0,0.0,-0.3359356901698902,-0.004041646993687031,-0.018076836859520995,-0.00032797638570036813
2016-02-03,94.245,87.03875,85.80699999999999,79.695,72.3475,64.2245,82.68504405565544,55.45321034007558,0.0,0.0,0.0,0.0,0.0,0.0,0.0,0.0,0.0,0.0,0.0,0.0,-0.09753374498983192,-0.001178191686959873,0.3550115922789914,0.006443252235957875
2016-02-10,94.245,87.03875,85.80699999999999,79.695,72.3475,64.2245,82.51907434106964,54.79310919720737,0.0,0.0,0.0,0.0,0.0,0.0,0.0,0.0,0.0,0.0,0.0,0.0,-0.165969714585799,-0.0020072519339058292,-0.6601011428682071,-0.011903749824762722
2016-02-15,98.7,87.44,86.17,83.76,79.86,58.8,72.28736613306177,68.0609766986763,4.454999999999998,0.04727041222346018,0.40125000000000455,0.0046100156539472525,0.36300000000001376,0.00423042409127472,4.065000000000012,0.05100696405044247,7.512500000000003,0.10383910985175726,-5.424500000000009,-0.08446153726381689,-10.231708208007873,-0.12399203807980141,13.267867501468928,0.24214481886246286
2016-02-17,94.245,87.03875,85.80699999999999,79.695,72.3475,64.2245,81.89578250849048,54.27150347456162,-4.454999999999998,-0.04513677811550154,-0.40125000000000455,-0.004588860933211425,-0.36300000000001376,-0.00421260299408166,-4.065000000000012,-0.048531518624642,-7.512500000000003,-0.09407087402955172,5.424500000000009,0.09225340136054427,9.608416375428718,0.13291971874784014,-13.78947322411468,-0.20260469204202392
2016-02-24,94.245,87.03875,85.80699999999999,79.695,72.3475,64.2245,81.12615883763755,54.358547034430906,0.0,0.0,0.0,0.0,0.0,0.0,0.0,0.0,0.0,0.0,0.0,0.0,-0.7696236708529369,-0.009397598353409031,0.08704355986928647,0.0016038538514062672
2016-03-02,94.245,87.03875,85.80699999999999,79.695,72.3475,64.2245,80.61395057249561,54.2323838258829,0.0,0.0,0.0,0.0,0.0,0.0,0.0,0.0,0.0,0.0,0.0,0.0,-0.5122082651419362,-0.00631372509780781,-0.12616320854800733,-0.0023209451950232385
2016-03-09,94.245,87.03875,85.80699999999999,79.695,72.3475,64.2245,79.99609115721104,54.00771902788454,0.0,0.0,0.0,0.0,0.0,0.0,0.0,0.0,0.0,0.0,0.0,0.0,-0.6178594152845704,-0.00766442298010106,-0.2246647979983578,-0.004142631803161434
2016-03-15,94.56,90.43,87.43199999999999,84.094,79.535,64.728,72.28736613306177,68.0609766986763,0.3149999999999977,0.003342352379436475,3.3912500000000136,0.03896253105656977,1.625,0.01893784889344685,4.399000000000001,0.05519794215446394,7.1875,0.09934690210442665,0.5034999999999883,0.007839687346728796,-7.708725024149274,-0.09636377118726747,14.053257670791758,0.2602083169543963
2016-03-16,94.245,87.03875,85.80699999999999,79.695,72.3475,64.2245,79.66109209071264,54.60547225502139,-0.3149999999999977,-0.003331218274111647,-3.3912500000000136,-0.03750138228464017,-1.625,-0.018585872449446428,-4.399000000000001,-0.05231050966775275,-7.1875,-0.09036901992833346,-0.5034999999999883,-0.007778704733654496,7.373725957650876,0.10200573560914927,-13.45550444365491,-0.19769778654846426
2016-03-23,94.245,87.03875,85.80699999999999,79.695,72.3475,64.2245,79.64048636994012,55.329357469917205,0.0,0.0,0.0,0.0,0.0,0.0,0.0,0.0,0.0,0.0,0.0,0.0,-0.020605720772522318,-0.0002586673146416363,0.7238852148958159,0.013256642329089185
2016-03-30,94.245,87.03875,85.80699999999999,79.695,72.3475,64.2245,80.28020033755918,55.27756218088451,0.0,0.0,0.0,0.0,0.0,0.0,0.0,0.0,0.0,0.0,0.0,0.0,0.6397139676190591,0.008032522110017037,-0.0517952890326967,-0.000936126703818263
2016-04-06,94.245,87.03875,85.80699999999999,79.695,72.3475,64.2245,80.58647627813227,55.2306997765216,0.0,0.0,0.0,0.0,0.0,0.0,0.0,0.0,0.0,0.0,0.0,0.0,0.30627594057308727,0.003815086899201514,-0.046862404362912,-0.000847765395470268
2016-04-13,94.245,87.03875,85.80699999999999,79.695,72.3475,64.2245,80.38416556509316,55.32938869070626,0.0,0.0,0.0,0.0,0.0,0.0,0.0,0.0,0.0,0.0,0.0,0.0,-0.20231071303911108,-0.002510479703081492,0.09868891418466319,0.0017868488826682238
2016-04-15,93.9,90.1825,88.428,83.09,79.14,68.127,72.28736613306177,68.0609766986763,-0.34499999999999886,-0.003660671653668568,3.1437500000000114,0.03611896999899478,2.6210000000000093,0.030545293507522775,3.3950000000000102,0.042599912165129705,6.792500000000004,0.09388714191920933,3.902499999999989,0.06076341583040712,-8.09679943203139,-0.10072629820949996,12.73158800797004,0.23010534381899972
2016-04-20,94.245,87.03875,85.80699999999999,79.695,72.3475,64.2245,79.91117061099709,55.10497365902028,0.34499999999999886,0.003674121405750741,-3.1437500000000114,-0.03485986749092129,-2.6210000000000093,-0.029639933052879264,-3.3950000000000102,-0.040859309182813885,-6.792500000000004,-0.0858289107910033,-3.902499999999989,-0.05728272197513451,7.623804477935323,0.10546524082648046,-12.956003039656018,-0.19035875869098418
2016-04-27,94.245,87.03875,85.80699999999999,79.695,72.3475,64.2245,79.42412630182886,54.816743334517646,0.0,0.0,0.0,0.0,0.0,0.0,0.0,0.0,0.0,0.0,0.0,0.0,-0.48704430916822616,-0.006094821355316249,-0.28823032450263497,-0.005230568229397048
2016-05-04,94.245,87.03875,85.80699999999999,79.695,72.3475,64.2245,78.94145290312751,54.52055170880745,0.0,0.0,0.0,0.0,0.0,0.0,0.0,0.0,0.0,0.0,0.0,0.0,-0.4826733987013512,-0.006077163466263191,-0.2961916257101933,-0.005403305772885725
2016-05-11,94.245,87.03875,85.80699999999999,79.695,72.3475,64.2245,78.28019659106448,54.40428549038806,0.0,0.0,0.0,0.0,0.0,0.0,0.0,0.0,0.0,0.0,0.0,0.0,-0.6612563120630313,-0.008376540939454058,-0.11626621841939055,-0.002132520944402083
2016-05-15,93.5,89.795,88.082,82.012,77.25,68.40599999999999,72.28736613306177,68.0609766986763,-0.7450000000000045,-0.007904928643429399,2.7562500000000085,0.03166692995935727,2.2750000000000057,0.026512988450825725,2.3170000000000073,0.029073342116820555,4.902500000000003,0.0677632260962715,4.181499999999986,0.06510755241379829,-5.9928304580027145,-0.07655614981793213,13.656691208288237,0.251022342912693
2016-05-18,94.245,87.03875,85.80699999999999,79.695,72.3475,64.2245,77.76911227432835,54.49629315571619,0.7450000000000045,0.007967914438502754,-2.7562500000000085,-0.030694916198006683,-2.2750000000000057,-0.025828205535750826,-2.3170000000000073,-0.028251963127347346,-4.902500000000003,-0.0634627831715211,-4.181499999999986,-0.061127678858579504,5.4817461412665835,0.07583269988252384,-13.564683542960111,-0.19930192308309802
2016-05-25,94.245,87.03875,85.80699999999999,79.695,72.3475,64.2245,77.18934222168384,54.35820360575138,0.0,0.0,0.0,0.0,0.0,0.0,0.0,0.0,0.0,0.0,0.0,0.0,-0.5797700526445055,-0.007455016981541274,-0.1380895499648105,-0.0025339255565555163
2016-06-01,94.245,87.03875,85.80699999999999,79.695,72.3475,64.2245,76.52839811751132,54.06344813633744,0.0,0.0,0.0,0.0,0.0,0.0,0.0,0.0,0.0,0.0,0.0,0.0,-0.660944104172529,-0.008562634233549082,-0.2947554694139356,-0.00542246523729395
2016-06-08,94.245,87.03875,85.80699999999999,79.695,72.3475,64.2245,76.29736427854688,53.7068130630279,0.0,0.0,0.0,0.0,0.0,0.0,0.0,0.0,0.0,0.0,0.0,0.0,-0.23103383896443574,-0.0030189295039166897,-0.3566350733095405,-0.006596602429245313
2016-06-15,95.6,89.2475,88.078,80.09,75.7625,67.528,75.7669230726002,53.50138027108387,1.3549999999999898,0.014377420552814435,2.208750000000009,0.025376628225934006,2.271000000000015,0.026466372207395894,0.39500000000001023,0.004956396260744178,3.4150000000000063,0.04720273679118159,3.3034999999999997,0.051436757000832944,-0.5304412059466728,-0.006952287421229109,-0.20543279194403397,-0.003825078797785819
2016-06-22,94.245,87.03875,85.80699999999999,79.695,72.3475,64.2245,75.48687259482847,53.41074632047391,-1.3549999999999898,-0.014173640167363888,-2.208750000000009,-0.024748592397546232,-2.271000000000015,-0.025783964213538124,-0.39500000000001023,-0.004931951554501324,-3.4150000000000063,-0.04507507012044221,-3.3034999999999997,-0.04892044781423999,-0.28005047777173786,-0.003696210251317611,-0.0906339506099556,-0.0016940488292213063
2016-06-29,94.245,87.03875,85.80699999999999,79.695,72.3475,64.2245,75.14000962849134,53.21221332290976,0.0,0.0,0.0,0.0,0.0,0.0,0.0,0.0,0.0,0.0,0.0,0.0,-0.34686296633712743,-0.004595010422525969,-0.19853299756415055,-0.0037170983601860774
2016-07-06,94.245,87.03875,85.80699999999999,79.695,72.3475,64.2245,74.71009936328322,52.9722815590663,0.0,0.0,0.0,0.0,0.0,0.0,0.0,0.0,0.0,0.0,0.0,0.0,-0.4299102652081217,-0.005721456083565779,-0.23993176384345816,-0.004508960422064612
2016-07-13,94.245,87.03875,85.80699999999999,79.695,72.3475,64.2245,74.17653607843162,52.68323949404839,0.0,0.0,0.0,0.0,0.0,0.0,0.0,0.0,0.0,0.0,0.0,0.0,-0.5335632848515957,-0.007141782562182231,-0.2890420650179166,-0.005456477548463234
2016-07-15,93.93,88.595,87.006,82.13,74.09,66.288,72.28736613306177,68.0609766986763,-0.3149999999999977,-0.003342352379436586,1.5562500000000057,0.017879967255963747,1.1990000000000123,0.013973218968149625,2.4350000000000023,0.03055398707572632,1.7425000000000068,0.024085144614534038,2.0634999999999906,0.032129483296872596,-1.8891699453698578,-0.025468565199274318,15.377737204627913,0.2918905016530946
2016-07-20,94.245,87.03875,85.80699999999999,79.695,72.3475,64.2245,73.91147157940352,52.39991083342648,0.3149999999999977,0.0033535611625679085,-1.5562500000000057,-0.01756588972289641,-1.1990000000000123,-0.013780658805140011,-2.4350000000000023,-0.02964811883599172,-1.7425000000000068,-0.023518693480901742,-2.0634999999999906,-0.031129314506396222,1.6241054463417584,0.022467348490083472,-15.661065865249817,-0.23010345465045912
2016-07-27,94.245,87.03875,85.80699999999999,79.695,72.3475,64.2245,73.84809337763355,52.72129763589941,0.0,0.0,0.0,0.0,0.0,0.0,0.0,0.0,0.0,0.0,0.0,0.0,-0.06337820176997866,-0.0008574880247362859,0.3213868024729294,0.0061333463618780115
2016-08-03,94.245,87.03875,85.80699999999999,79.695,72.3475,64.2245,73.9835916021073,53.46360311633428,0.0,0.0,0.0,0.0,0.0,0.0,0.0,0.0,0.0,0.0,0.0,0.0,0.13549822447374993,0.0018348235990448547,0.7423054804348723,0.014079802920659024
2016-08-10,94.245,87.03875,85.80699999999999,79.695,72.3475,64.2245,73.65327565396626,53.68427165333436,0.0,0.0,0.0,0.0,0.0,0.0,0.0,0.0,0.0,0.0,0.0,0.0,-0.3303159481410347,-0.004464719013879681,0.22066853700007982,0.004127453522350777
2016-08-15,93.6,87.265,85.854,81.848,72.465,65.088,72.28736613306177,68.0609766986763,-0.6450000000000102,-0.006843864395989274,0.2262500000000074,0.0025994169263690026,0.047000000000011255,0.0005477408603029588,2.153000000000006,0.027015496580714116,0.11750000000000682,0.001624105877881199,0.8634999999999877,0.01344502487368504,-1.365909520904495,-0.018545129307238617,14.376705045341936,0.26780106356251543
2016-08-17,94.245,87.03875,85.80699999999999,79.695,72.3475,64.2245,73.26395241452217,53.68589513436491,0.6450000000000102,0.0068910256410257276,-0.2262500000000074,-0.0025926774766517058,-0.047000000000011255,-0.0005474410044961076,-2.153000000000006,-0.026304857785162783,-0.11750000000000682,-0.0016214724349686849,-0.8634999999999877,-0.013266654375614362,0.9765862814603992,0.013509778177043685,-14.375081564311387,-0.21120886389793703
2016-08-24,94.245,87.03875,85.80699999999999,79.695,72.3475,64.2245,72.75068264255256,53.72432792568453,0.0,0.0,0.0,0.0,0.0,0.0,0.0,0.0,0.0,0.0,0.0,0.0,-0.513269771969604,-0.007005761429107138,0.03843279131961452,0.0007158824719868395
2016-08-31,94.245,87.03875,85.80699999999999,79.695,72.3475,64.2245,72.23772507847346,53.628917194350045,0.0,0.0,0.0,0.0,0.0,0.0,0.0,0.0,0.0,0.0,0.0,0.0,-0.5129575640791018,-0.007050896918719296,-0.09541073133448208,-0.0017759315940901743
2016-09-07,94.245,87.03875,85.80699999999999,79.695,72.3475,64.2245,71.94674732453448,53.24352777432615,0.0,0.0,0.0,0.0,0.0,0.0,0.0,0.0,0.0,0.0,0.0,0.0,-0.29097775393897507,-0.004028058104306065,-0.3853894200238983,-0.007186224152676002
2016-09-14,94.245,87.03875,85.80699999999999,79.695,72.3475,64.2245,71.41006196077795,52.691200795255945,0.0,0.0,0.0,0.0,0.0,0.0,0.0,0.0,0.0,0.0,0.0,0.0,-0.5366853637565328,-0.007459480570201071,-0.5523269790702017,-0.010373598485270419
2016-09-15,93.7,86.0675,83.606,80.464,70.3525,62.996,72.28736613306177,68.0609766986763,-0.5450000000000017,-0.005782800148549039,-0.9712499999999977,-0.011158822938059143,-2.2009999999999934,-0.025650587947370185,0.7690000000000055,0.009649287910157511,-1.9949999999999903,-0.02757524447976767,-1.228500000000004,-0.01912821431073819,0.8773041722838144,0.012285441969867916,15.369775903420354,0.291695305315649
2016-09-21,94.245,87.03875,85.80699999999999,79.695,72.3475,64.2245,71.11221563324814,52.08973229422222,0.5450000000000017,0.005816435432230538,0.9712499999999977,0.011284747436604903,2.2009999999999934,0.026325861780254867,-0.7690000000000055,-0.009557068999801244,1.9949999999999903,0.02835720123662977,1.228500000000004,0.01950123817385241,-1.1751504998136255,-0.016256651233501618,-15.971244404454076,-0.23466081709586595
2016-09-28,94.245,87.03875,85.80699999999999,79.695,72.3475,64.2245,70.15404961732679,51.49997158908197,0.0,0.0,0.0,0.0,0.0,0.0,0.0,0.0,0.0,0.0,0.0,0.0,-0.9581660159213499,-0.013474000316105572,-0.5897607051402503,-0.011322014515433909
2016-10-05,94.245,87.03875,85.80699999999999,79.695,72.3475,64.2245,69.32669870752177,50.85214021631012,0.0,0.0,0.0,0.0,0.0,0.0,0.0,0.0,0.0,0.0,0.0,0.0,-0.8273509098050198,-0.011793344993168864,-0.6478313727718543,-0.012579256896312452
2016-10-12,94.245,87.03875,85.80699999999999,79.695,72.3475,64.2245,68.32482358693149,50.2689358768702,0.0,0.0,0.0,0.0,0.0,0.0,0.0,0.0,0.0,0.0,0.0,0.0,-1.0018751205902845,-0.014451504820920946,-0.5832043394399165,-0.011468629185696688
2016-10-15,90.99,85.45,81.302,77.048,67.425,60.566,72.28736613306177,68.0609766986763,-3.2550000000000097,-0.03453764125417802,-1.5887499999999903,-0.018253364162513663,-4.504999999999981,-0.05250154416306341,-2.6469999999999914,-0.033214128866302706,-4.922499999999999,-0.06803966964995334,-3.6585000000000036,-0.05696424261769273,3.9625425461302797,0.05799564986931327,17.792040821806097,0.3539370888094051
2016-10-19,94.245,87.03875,85.80699999999999,79.695,72.3475,64.2245,67.40131264685478,49.62897214293876,3.2550000000000097,0.03577316188592161,1.5887499999999903,0.018592744294909203,4.504999999999981,0.05541069100391116,2.6469999999999914,0.03435520714359863,4.922499999999999,0.07300704486466447,3.6585000000000036,0.060405177822540734,-4.88605348620699,-0.0675920807131507,-18.432004555737542,-0.27081604540206405
2016-10-26,94.245,87.03875,85.80699999999999,79.695,72.3475,64.2245,66.4159845444606,49.13621442937451,0.0,0.0,0.0,0.0,0.0,0.0,0.0,0.0,0.0,0.0,0.0,0.0,-0.9853281023941776,-0.014618826602929014,-0.49275771356424514,-0.00992883173451653
2016-11-02,94.245,87.03875,85.80699999999999,79.695,72.3475,64.2245,65.48498061501208,48.54114619009589,0.0,0.0,0.0,0.0,0.0,0.0,0.0,0.0,0.0,0.0,0.0,0.0,-0.9310039294485222,-0.0140177690029617,-0.5950682392786248,-0.012110583735219227
2016-11-09,94.245,87.03875,85.80699999999999,79.695,72.3475,64.2245,64.49746705738444,48.42032173647532,0.0,0.0,0.0,0.0,0.0,0.0,0.0,0.0,0.0,0.0,0.0,0.0,-0.9875135576276364,-0.015080000762820012,-0.12082445362056404,-0.0024891141455002375
2016-11-15,97.01,84.87,80.97999999999999,74.6,63.627500000000005,58.609,72.28736613306177,68.0609766986763,2.7650000000000006,0.029338426441721133,-2.1687499999999886,-0.02491706280248729,-4.826999999999998,-0.05625415175918047,-5.094999999999999,-0.06393123784428134,-8.719999999999992,-0.12052938940530067,-5.615500000000004,-0.08743548022950753,7.789899075677326,0.12077837209865194,19.640654962200976,0.4056283448320326
2016-11-16,94.245,87.03875,85.80699999999999,79.695,72.3475,64.2245,63.583010146132025,49.16621760765084,-2.7650000000000006,-0.02850221626636429,2.1687499999999886,0.02555378814657705,4.826999999999998,0.05960731044702383,5.094999999999999,0.06829758713136735,8.719999999999992,0.13704766020981474,5.615500000000004,0.09581292975481581,-8.704355986929741,-0.12041324027365086,-18.894759091025456,-0.2776151622783417
2016-11-23,94.245,87.03875,85.80699999999999,79.695,72.3475,64.2245,62.51619578431931,49.673243221810594,0.0,0.0,0.0,0.0,0.0,0.0,0.0,0.0,0.0,0.0,0.0,0.0,-1.0668143618127175,-0.01677829280747911,0.5070256141597511,0.010312479560779853
2016-11-30,94.245,87.03875,85.80699999999999,79.695,72.3475,64.2245,61.55865418417893,49.775834734626415,0.0,0.0,0.0,0.0,0.0,0.0,0.0,0.0,0.0,0.0,0.0,0.0,-0.9575416001403809,-0.015316696547625797,0.10259151281582035,0.002065327451193477
2016-12-07,94.245,87.03875,85.80699999999999,79.695,72.3475,64.2245,60.75908977662774,49.54267788200665,0.0,0.0,0.0,0.0,0.0,0.0,0.0,0.0,0.0,0.0,0.0,0.0,-0.7995644075511876,-0.012988659647414469,-0.23315685261976427,-0.004684137470779004
2016-12-14,94.245,87.03875,85.80699999999999,79.695,72.3475,64.2245,59.75690244814695,49.35154421144717,0.0,0.0,0.0,0.0,0.0,0.0,0.0,0.0,0.0,0.0,0.0,0.0,-1.0021873284807867,-0.016494442760172756,-0.1911336705594806,-0.003857960020140494
2016-12-15,98.3,85.27000000000001,81.522,77.744,60.505,57.842,72.28736613306177,68.0609766986763,4.054999999999993,0.04302615523369924,-1.768749999999983,-0.02032140856802267,-4.284999999999982,-0.049937650774412146,-1.9509999999999934,-0.024480833176485306,-11.842499999999994,-0.16368913922388462,-6.382500000000007,-0.09937796323832815,12.530463684914814,0.20969064947414084,18.70943248722913,0.3791053104046427
2016-12-21,94.245,87.03875,85.80699999999999,79.695,72.3475,64.2245,58.84619203158046,49.43206262640517,-4.054999999999993,-0.04125127161749742,1.768749999999983,0.0207429342089831,4.284999999999982,0.05256249846667127,1.9509999999999934,0.025095184194278586,11.842499999999994,0.19572762581604808,6.382500000000007,0.11034369489298457,-13.441174101481309,-0.18594084721166482,-18.62891407227113,-0.27370917926650085
2016-12-28,94.245,87.03875,85.80699999999999,79.695,72.3475,64.2245,57.97107331453009,49.26112880636055,0.0,0.0,0.0,0.0,0.0,0.0,0.0,0.0,0.0,0.0,0.0,0.0,-0.8751187170503698,-0.014871288809660377,-0.17093382004461688,-0.0034579544320554323
2017-01-04,94.245,87.03875,85.80699999999999,79.695,72.3475,64.2245,57.09595459747974,49.6852944463836,0.0,0.0,0.0,0.0,0.0,0.0,0.0,0.0,0.0,0.0,0.0,0.0,-0.8751187170503485,-0.015095782551795667,0.42416564002304824,0.008610554615798405
2017-01-11,94.245,87.03875,85.80699999999999,79.695,72.3475,64.2245,55.68415051667284,51.64249449109178,0.0,0.0,0.0,0.0,0.0,0.0,0.0,0.0,0.0,0.0,0.0,0.0,-1.4118040808069026,-0.02472686709172245,1.9572000447081805,0.03939193812809605
2017-01-15,97.4,86.27,83.8,81.29,62.0925,55.82,72.28736613306177,68.0609766986763,3.155000000000001,0.033476577006737784,-0.7687499999999972,-0.008832272981861511,-2.006999999999991,-0.023389700141014047,1.595000000000013,0.020013802622498522,-10.254999999999995,-0.14174643215038518,-8.404500000000006,-0.13086127568139894,16.60321561638893,0.298167709524771,16.418482207584518,0.3179258161206111
2017-01-18,94.245,87.03875,85.80699999999999,79.695,72.3475,64.2245,55.15464593439763,53.52370313525409,-3.155000000000001,-0.03239219712525665,0.7687499999999972,0.008910977164715339,2.006999999999991,0.02394988066825765,-1.595000000000013,-0.019621109607578013,10.254999999999995,0.16515682248258634,8.404500000000006,0.150564313865998,-17.13272019866414,-0.2370084997581371,-14.537273563422211,-0.21359190344538415
2017-01-25,94.245,87.03875,85.80699999999999,79.695,72.3475,64.2245,55.02039654148587,54.77334643773919,0.0,0.0,0.0,0.0,0.0,0.0,0.0,0.0,0.0,0.0,0.0,0.0,-0.1342493929117552,-0.002434054115249551,1.2496433024851044,0.02334747465673792
2017-02-01,94.245,87.03875,85.80699999999999,79.695,72.3475,64.2245,55.59770015179548,55.55043187717492,0.0,0.0,0.0,0.0,0.0,0.0,0.0,0.0,0.0,0.0,0.0,0.0,0.5773036103096061,0.010492538160358666,0.77708543943573,0.014187291629498056
2017-02-08,94.245,87.03875,85.80699999999999,79.695,72.3475,64.2245,55.01477679945701,56.63847637554114,0.0,0.0,0.0,0.0,0.0,0.0,0.0,0.0,0.0,0.0,0.0,0.0,-0.5829233523384687,-0.010484666645327878,1.0880444983662159,0.01958660736917306
2017-02-15,98.7,87.3,86.10799999999999,82.49199999999999,76.09,58.498000000000005,54.36604002380273,59.055371318210405,4.454999999999998,0.04727041222346018,0.261250000000004,0.0030015366718847414,0.30100000000000193,0.0035078723181092286,2.796999999999997,0.035096304661522026,3.742500000000007,0.05172949998272247,-5.7265000000000015,-0.08916379263365226,-0.6487367756542781,-0.011792045944657548,2.4168949426692663,0.042672315664779914
2017-02-22,94.245,87.03875,85.80699999999999,79.695,72.3475,64.2245,54.24412284256543,64.11104735132193,-4.454999999999998,-0.04513677811550154,-0.261250000000004,-0.0029925544100802837,-0.30100000000000193,-0.003495610163980145,-2.796999999999997,-0.03390631818843037,-3.742500000000007,-0.04918517545012491,5.7265000000000015,0.09789223563198735,-0.12191718123730055,-0.0022425245830655083,5.055676033111524,0.08560908043181747
2017-03-01,94.245,87.03875,85.80699999999999,79.695,72.3475,64.2245,54.30684540776537,72.72445717975118,0.0,0.0,0.0,0.0,0.0,0.0,0.0,0.0,0.0,0.0,0.0,0.0,0.06272256519994102,0.0011563015846340896,8.613409828429255,0.1343514134347028
2017-03-08,94.245,87.03875,85.80699999999999,79.695,72.3475,64.2245,53.983335591637086,74.6080073830922,0.0,0.0,0.0,0.0,0.0,0.0,0.0,0.0,0.0,0.0,0.0,0.0,-0.32350981612828633,-0.005957072514508943,1.8835502033410165,0.025899817975753248
2017-03-15,94.56,90.2475,86.81,83.412,79.01,64.791,54.438753241498425,75.06333137058641,0.3149999999999977,0.003342352379436475,3.208750000000009,0.036865763812095276,1.0030000000000143,0.011689023040078572,3.717000000000013,0.04664031620553377,6.6625000000000085,0.09209025882027722,0.5664999999999907,0.00882062141394635,0.4554176498613387,0.008436263614875372,0.45532398749421077,0.006102883637626677
2017-03-22,94.245,87.03875,85.80699999999999,79.695,72.3475,64.2245,55.31034400938621,74.7241487183554,-0.3149999999999977,-0.003331218274111647,-3.208750000000009,-0.03555500152358804,-1.0030000000000143,-0.01155396843681622,-3.717000000000013,-0.04456193353474336,-6.6625000000000085,-0.08432476901658026,-0.5664999999999907,-0.008743498325384569,0.8715907678877883,0.016010483635091388,-0.33918265223101685,-0.004518619757981179
2017-03-29,94.245,87.03875,85.80699999999999,79.695,72.3475,64.2245,55.32014733714768,74.51318984674964,0.0,0.0,0.0,0.0,0.0,0.0,0.0,0.0,0.0,0.0,0.0,0.0,0.009803327761467528,0.0001772422127730433,-0.21095887160575444,-0.0028231686171612536
2017-04-05,94.245,87.03875,85.80699999999999,79.695,72.3475,64.2245,55.18951955576563,74.02573966732376,0.0,0.0,0.0,0.0,0.0,0.0,0.0,0.0,0.0,0.0,0.0,0.0,-0.1306277813820529,-0.0023613057388648384,-0.48745017942587765,-0.006541797236548463
2017-04-12,94.245,87.03875,85.80699999999999,79.695,72.3475,64.2245,55.35136812619692,73.68368470250023,0.0,0.0,0.0,0.0,0.0,0.0,0.0,0.0,0.0,0.0,0.0,0.0,0.16184857043128886,0.0029325961112554033,-0.34205496482353226,-0.004620757136108988
2017-04-15,93.9,90.075,87.8,82.28200000000001,78.66749999999999,68.187,72.28736613306177,68.0609766986763,-0.34499999999999886,-0.003660671653668568,3.0362500000000097,0.034883887923482515,1.9930000000000092,0.023226543289009083,2.5870000000000175,0.032461258548215355,6.319999999999993,0.0873561629634747,3.9624999999999915,0.06169763875156664,16.93599800686485,0.3059725275128171,-5.622708003823931,-0.0763087246047176
2017-04-19,94.245,87.03875,85.80699999999999,79.695,72.3475,64.2245,55.15046234866503,73.85415021070911,0.34499999999999886,0.003674121405750741,-3.0362500000000097,-0.033708021093533325,-1.9930000000000092,-0.022699316628701727,-2.5870000000000175,-0.031440655307357845,-6.319999999999993,-0.08033813201131335,-3.9624999999999915,-0.05811225013565624,-17.136903784396736,-0.2370663741275656,5.7931735120328085,0.08511740196854212
2017-04-26,94.245,87.03875,85.80699999999999,79.695,72.3475,64.2245,54.85214770929949,73.32567591447253,0.0,0.0,0.0,0.0,0.0,0.0,0.0,0.0,0.0,0.0,0.0,0.0,-0.29831463936554314,-0.0054091049587141615,-0.5284742962365812,-0.007155647918618224
2017-05-03,94.245,87.03875,85.80699999999999,79.695,72.3475,64.2245,54.57206601073871,73.08983407399452,0.0,0.0,0.0,0.0,0.0,0.0,0.0,0.0,0.0,0.0,0.0,0.0,-0.28008169856077814,-0.005106120913352941,-0.2358418404780025,-0.003216360947740693
2017-05-10,94.245,87.03875,85.80699999999999,79.695,72.3475,64.2245,54.37434475368983,73.05199447766682,0.0,0.0,0.0,0.0,0.0,0.0,0.0,0.0,0.0,0.0,0.0,0.0,-0.197721257048876,-0.003623122075128493,-0.037839596327700065,-0.000517713534407438
2017-05-15,93.5,89.7225,87.558,80.896,76.7,68.44,72.28736613306177,68.0609766986763,-0.7450000000000045,-0.007904928643429399,2.6837500000000034,0.030833967629360526,1.751000000000019,0.020406260561492973,1.2010000000000076,0.015069954200389146,4.352500000000006,0.0601610283700198,4.215499999999992,0.06563694540245524,17.913021379371934,0.3294388458475421,-4.991017778990525,-0.0683214443996647
2017-05-17,94.245,87.03875,85.80699999999999,79.695,72.3475,64.2245,54.50553450927477,73.48771180963811,0.7450000000000045,0.007967914438502754,-2.6837500000000034,-0.029911672100086384,-1.751000000000019,-0.019998172639850376,-1.2010000000000076,-0.014846222310126667,-4.352500000000006,-0.056747066492829235,-4.215499999999992,-0.061594097019286864,-17.781831623787,-0.24598809688342205,5.426735110961815,0.07973342984758203
2017-05-24,94.245,87.03875,85.80699999999999,79.695,72.3475,64.2245,54.39192205792456,73.33629098274926,0.0,0.0,0.0,0.0,0.0,0.0,0.0,0.0,0.0,0.0,0.0,0.0,-0.11361245135020681,-0.002084420460657488,-0.1514208268888524,-0.0020604917905334696
2017-05-31,94.245,87.03875,85.80699999999999,79.695,72.3475,64.2245,54.11674202324451,73.0888037879559,0.0,0.0,0.0,0.0,0.0,0.0,0.0,0.0,0.0,0.0,0.0,0.0,-0.2751800346800479,-0.005059207769620544,-0.247487194793365,-0.0033746892769853654
2017-06-07,94.245,87.03875,85.80699999999999,79.695,72.3475,64.2245,53.75461209106231,72.79804457954026,0.0,0.0,0.0,0.0,0.0,0.0,0.0,0.0,0.0,0.0,0.0,0.0,-0.36212993218219935,-0.0066916432631265454,-0.2907592084156363,-0.0039781634579652
2017-06-14,94.245,87.03875,85.80699999999999,79.695,72.3475,64.2245,53.50609461023031,72.55739473754869,0.0,0.0,0.0,0.0,0.0,0.0,0.0,0.0,0.0,0.0,0.0,0.0,-0.24851748083199965,-0.004623184340182829,-0.24064984199156925,-0.0033057184898508396
2017-06-15,95.6,89.1,87.1,79.63,75.285,67.58800000000001,72.28736613306177,68.0609766986763,1.3549999999999898,0.014377420552814435,2.061250000000001,0.023681980726975027,1.2930000000000064,0.015068700688755099,-0.06499999999999773,-0.0008156095112616946,2.9375,0.04060264694702642,3.363500000000002,0.05237097992199247,18.781271522831453,0.35101181761900624,-4.496418038872392,-0.06197050011424243
2017-06-21,94.245,87.03875,85.80699999999999,79.695,72.3475,64.2245,53.434661444885634,72.32785949645863,-1.3549999999999898,-0.014173640167363888,-2.061250000000001,-0.023134118967452322,-1.2930000000000064,-0.014845005740528161,0.06499999999999773,0.0008162752731382117,-2.9375,-0.039018396758982554,-3.363500000000002,-0.04976475113925549,-18.852704688176132,-0.2608022078640039,4.26688279778233,0.06269205945534595
2017-06-28,94.245,87.03875,85.80699999999999,79.695,72.3475,64.2245,53.24652497007488,72.06660393369454,0.0,0.0,0.0,0.0,0.0,0.0,0.0,0.0,0.0,0.0,0.0,0.0,-0.18813647481075435,-0.0035208695951934876,-0.26125556276409156,-0.003612101403013046
2017-07-05,94.245,87.03875,85.80699999999999,79.695,72.3475,64.2245,53.00653076465333,71.73269759481286,0.0,0.0,0.0,0.0,0.0,0.0,0.0,0.0,0.0,0.0,0.0,0.0,-0.23999420542155292,-0.004507227571309724,-0.3339063388816754,-0.0046333019825506305
2017-07-12,94.245,87.03875,85.80699999999999,79.695,72.3475,64.2245,52.733910834675314,71.36700849267903,0.0,0.0,0.0,0.0,0.0,0.0,0.0,0.0,0.0,0.0,0.0,0.0,-0.27261992997801343,-0.005143138516052526,-0.3656891021338282,-0.0050979415858504185
2017-07-15,93.93,88.38250000000001,86.85999999999999,80.978,73.6325,66.381,72.28736613306177,68.0609766986763,-0.3149999999999977,-0.003342352379436586,1.3437500000000142,0.01543852594390449,1.0529999999999973,0.012271726082953682,1.2830000000000013,0.016098876968442255,1.2849999999999966,0.01776149832406082,2.156499999999994,0.03357752882466958,19.553455298386453,0.3707947123377209,-3.3060317940027346,-0.04632437121617439
2017-07-19,94.245,87.03875,85.80699999999999,79.695,72.3475,64.2245,52.42679193279788,71.0248286446993,0.3149999999999977,0.0033535611625679085,-1.3437500000000142,-0.015203801657568072,-1.0529999999999973,-0.012122956481694702,-1.2830000000000013,-0.015843809429721634,-1.2849999999999966,-0.017451532950802928,-2.156499999999994,-0.03248670553320976,-19.860574200263883,-0.2747447481169235,2.9638519460229986,0.04354700872343842
2017-07-26,94.245,87.03875,85.80699999999999,79.695,72.3475,64.2245,52.57830642205386,70.53388173689991,0.0,0.0,0.0,0.0,0.0,0.0,0.0,0.0,0.0,0.0,0.0,0.0,0.15151448925598032,0.0028900202295458755,-0.4909469077993833,-0.006912327944574637
2017-08-02,94.245,87.03875,85.80699999999999,79.695,72.3475,64.2245,53.4068125010537,70.0833657509193,0.0,0.0,0.0,0.0,0.0,0.0,0.0,0.0,0.0,0.0,0.0,0.0,0.8285060789998369,0.015757564961284443,-0.4505159859806156,-0.006387228022712521
2017-08-09,94.245,87.03875,85.80699999999999,79.695,72.3475,64.2245,53.686425887778746,69.6591064485291,0.0,0.0,0.0,0.0,0.0,0.0,0.0,0.0,0.0,0.0,0.0,0.0,0.2796133867250461,0.0052355378205641845,-0.4242593023901975,-0.0060536376620101695
2017-08-15,93.6,86.955,85.70600000000002,81.572,71.825,65.151,72.28736613306177,68.0609766986763,-0.6450000000000102,-0.006843864395989274,-0.08374999999999488,-0.0009622151053410022,-0.10099999999997067,-0.001177060146607789,1.8770000000000095,0.023552293117510725,-0.5224999999999937,-0.007222087839939051,0.9264999999999901,0.014425958940902373,18.60094024528302,0.3464738048341074,-1.5981297498528022,-0.022942151160575852
2017-08-16,94.245,87.03875,85.80699999999999,79.695,72.3475,64.2245,53.68249206835854,69.1662550725977,0.6450000000000102,0.0068910256410257276,0.08374999999999488,0.0009631418549824744,0.10099999999997067,0.0011784472499005716,-1.8770000000000095,-0.023010346687588945,0.5224999999999937,0.007274625826661829,-0.9264999999999901,-0.014220810118033334,-18.604874064703225,-0.2573737993227836,1.1052783739214078,0.01623953148387458
2017-08-23,94.245,87.03875,85.80699999999999,79.695,72.3475,64.2245,53.71602319579743,68.61227339170789,0.0,0.0,0.0,0.0,0.0,0.0,0.0,0.0,0.0,0.0,0.0,0.0,0.03353112743889142,0.0006246194270600469,-0.5539816808898195,-0.008009421361737101
2017-08-30,94.245,87.03875,85.80699999999999,79.695,72.3475,64.2245,53.67178333771465,68.17102998007489,0.0,0.0,0.0,0.0,0.0,0.0,0.0,0.0,0.0,0.0,0.0,0.0,-0.044239858082782746,-0.0008235877388302892,-0.4412434116329962,-0.0064309691228846555
2017-09-06,94.245,87.03875,85.80699999999999,79.695,72.3475,64.2245,53.31483605651462,67.66025787122923,0.0,0.0,0.0,0.0,0.0,0.0,0.0,0.0,0.0,0.0,0.0,0.0,-0.3569472812000285,-0.006650557499720766,-0.5107721088456572,-0.0074925097801067375
2017-09-13,94.245,87.03875,85.80699999999999,79.695,72.3475,64.2245,52.780211264835344,67.04642593773201,0.0,0.0,0.0,0.0,0.0,0.0,0.0,0.0,0.0,0.0,0.0,0.0,-0.5346247916792777,-0.010027692687877066,-0.6138319334972238,-0.009072267130070144
2017-09-15,93.7,85.94749999999999,83.258,78.8,69.43,63.181,72.28736613306177,68.0609766986763,-0.5450000000000017,-0.005782800148549039,-1.0912500000000023,-0.012537519208398629,-2.5489999999999924,-0.02970620112578215,-0.894999999999996,-0.011230315578141581,-2.9174999999999898,-0.04032620339334447,-1.0435000000000088,-0.016247693637163496,19.507154868226422,0.3695922089122634,1.0145507609442888,0.015132063294269082
2017-09-20,94.245,87.03875,85.80699999999999,79.695,72.3475,64.2245,52.167940370790575,66.31973085182176,0.5450000000000017,0.005816435432230538,1.0912500000000023,0.01269670438349002,2.5489999999999924,0.030615676571620565,0.894999999999996,0.011357868020304585,2.9174999999999898,0.04202074031398517,1.0435000000000088,0.01651604121492234,-20.11942576227119,-0.2783256167507431,-1.7412458468545395,-0.025583615330169174
2017-09-27,94.245,87.03875,85.80699999999999,79.695,72.3475,64.2245,51.59940980220381,65.47926721061607,0.0,0.0,0.0,0.0,0.0,0.0,0.0,0.0,0.0,0.0,0.0,0.0,-0.5685305685867661,-0.010898083469384812,-0.8404636412056874,-0.012672904886835812
2017-10-04,94.245,87.03875,85.80699999999999,79.695,72.3475,64.2245,50.92753842186405,65.02500472994954,0.0,0.0,0.0,0.0,0.0,0.0,0.0,0.0,0.0,0.0,0.0,0.0,-0.6718713803397591,-0.013020912117313821,-0.45426248066652875,-0.006937500983408729
2017-10-11,94.245,87.03875,85.80699999999999,79.695,72.3475,64.2245,50.37212058467796,64.91164204491173,0.0,0.0,0.0,0.0,0.0,0.0,0.0,0.0,0.0,0.0,0.0,0.0,-0.5554178371860914,-0.010906041297052749,-0.11336268503781355,-0.0017433706542369087
2017-10-15,90.99,84.63499999999999,80.94,74.684,65.9325,60.92400000000001,72.28736613306177,68.0609766986763,-3.2550000000000097,-0.03453764125417802,-2.4037500000000023,-0.027617009665235392,-4.86699999999999,-0.05672031419348056,-5.010999999999996,-0.06287721939895852,-6.414999999999992,-0.08866926984346368,-3.3004999999999995,-0.051390045854775024,21.91524554838381,0.43506696351096097,3.1493346537645692,0.04851725444852528
2017-10-18,94.245,87.03875,85.80699999999999,79.695,72.3475,64.2245,49.69103907156867,64.88344967240026,3.2550000000000097,0.03577316188592161,2.4037500000000023,0.02840137059136305,4.86699999999999,0.06013096120583139,5.010999999999996,0.0670960312784532,6.414999999999992,0.09729647745800607,3.3004999999999995,0.05417405291839006,-22.5963270614931,-0.3125902667403774,-3.1775270262760387,-0.04668647410606197
2017-10-25,94.245,87.03875,85.80699999999999,79.695,72.3475,64.2245,49.22737913339832,64.23093518127104,0.0,0.0,0.0,0.0,0.0,0.0,0.0,0.0,0.0,0.0,0.0,0.0,-0.4636599381703448,-0.009330856163070944,-0.6525144911292244,-0.010056716996765802
2017-11-01,94.245,87.03875,85.80699999999999,79.695,72.3475,64.2245,48.61076854967571,63.39234478740829,0.0,0.0,0.0,0.0,0.0,0.0,0.0,0.0,0.0,0.0,0.0,0.0,-0.6166105837226112,-0.01252576502299041,-0.838590393862745,-0.013055864615641899
2017-11-08,94.245,87.03875,85.80699999999999,79.695,72.3475,64.2245,48.30667806433605,62.52396976079256,0.0,0.0,0.0,0.0,0.0,0.0,0.0,0.0,0.0,0.0,0.0,0.0,-0.304090485339664,-0.006255619781631583,-0.8683750266157304,-0.013698420992753979
2017-11-15,97.01,84.8025,79.06800000000001,73.866,62.645,58.657,49.077394462805735,61.63879794966834,2.7650000000000006,0.029338426441721133,-2.2362499999999983,-0.025692579454553277,-6.738999999999976,-0.07853671611873125,-5.8289999999999935,-0.07314135140222089,-9.702499999999993,-0.1341096789799232,-5.56750000000001,-0.08668810189258003,0.7707163984696876,0.01595465532618956,-0.8851718111242235,-0.014157319417029357
2017-11-22,94.245,87.03875,85.80699999999999,79.695,72.3475,64.2245,49.6418663288161,61.221750649548525,-2.7650000000000006,-0.02850221626636429,2.2362499999999983,0.026370095221249334,6.738999999999976,0.08523043456265467,5.8289999999999935,0.07891316708634544,9.702499999999993,0.15488067682975482,5.56750000000001,0.09491620778423737,0.5644718660103649,0.011501667360074741,-0.41704730011981184,-0.006765986910717392
2017-11-29,94.245,87.03875,85.80699999999999,79.695,72.3475,64.2245,49.80305926267736,60.84329224469356,0.0,0.0,0.0,0.0,0.0,0.0,0.0,0.0,0.0,0.0,0.0,0.0,0.16119293386125833,0.003247116713814835,-0.3784584048549675,-0.006181763847645794
2017-12-06,94.245,87.03875,85.80699999999999,79.695,72.3475,64.2245,49.59122620897823,60.6718901128132,0.0,0.0,0.0,0.0,0.0,0.0,0.0,0.0,0.0,0.0,0.0,0.0,-0.21183305369913086,-0.004253414485681617,-0.17140213188035602,-0.0028171081076781013
2017-12-13,94.245,87.03875,85.80699999999999,79.695,72.3475,64.2245,49.32569339811439,60.92050125601234,0.0,0.0,0.0,0.0,0.0,0.0,0.0,0.0,0.0,0.0,0.0,0.0,-0.2655328108638386,-0.005354431240415014,0.2486111431991347,0.004097633067584816
2017-12-15,98.3,84.07499999999999,81.332,77.026,60.3025,57.997,72.28736613306177,68.0609766986763,4.054999999999993,0.04302615523369924,-2.9637500000000045,-0.03405092559348577,-4.474999999999994,-0.05215192233733834,-2.668999999999997,-0.03349018131626824,-12.044999999999995,-0.1664881302049137,-6.227500000000006,-0.0969645540253331,22.961672734947378,0.46551140294411253,7.140475442663963,0.1172097289984011
2017-12-20,94.245,87.03875,85.80699999999999,79.695,72.3475,64.2245,49.45647728344168,61.02259323620338,-4.054999999999993,-0.04125127161749742,2.9637500000000045,0.0352512637526019,4.474999999999994,0.05502139379334081,2.668999999999997,0.034650637447095844,12.044999999999995,0.19974296256374102,6.227500000000006,0.10737624359880704,-22.830888849620088,-0.3158351185128879,-7.038383462472922,-0.10341290712934792
2017-12-27,94.245,87.03875,85.80699999999999,79.695,72.3475,64.2245,49.285543463397055,60.98441021119615,0.0,0.0,0.0,0.0,0.0,0.0,0.0,0.0,0.0,0.0,0.0,0.0,-0.17093382004462399,-0.00345624738019612,-0.038183025007228366,-0.0006257194750709516
2018-01-03,94.245,87.03875,85.80699999999999,79.695,72.3475,64.2245,49.4121749837808,60.83192787747964,0.0,0.0,0.0,0.0,0.0,0.0,0.0,0.0,0.0,0.0,0.0,0.0,0.12663152038374648,0.002569344101436055,-0.152482333716506,-0.0025003494038631224
2018-01-10,94.245,87.03875,85.80699999999999,79.695,72.3475,64.2245,51.34673995642828,60.51160258183438,0.0,0.0,0.0,0.0,0.0,0.0,0.0,0.0,0.0,0.0,0.0,0.0,1.934564972647479,0.0391515850755908,-0.3203252956452616,-0.005265742954759234
2018-01-15,97.4,86.1,83.71,80.744,59.88,56.024,72.28736613306177,68.0609766986763,3.155000000000001,0.033476577006737784,-0.9387499999999989,-0.010785426031508893,-2.096999999999994,-0.02443856561818958,1.0490000000000066,0.01316268272790011,-12.467499999999994,-0.17232800027644346,-8.200500000000005,-0.127684917749457,20.940626176633486,0.4078277646137465,7.549374116841918,0.12475911717314592
2018-01-17,94.245,87.03875,85.80699999999999,79.695,72.3475,64.2245,53.32248514983169,60.20567006994082,-3.155000000000001,-0.03239219712525665,0.9387499999999989,0.010903019744483045,2.096999999999994,0.02505077051726201,-1.0490000000000066,-0.01299167740017837,12.467499999999994,0.20820808283233116,8.200500000000005,0.1463747679565901,-18.964880983230074,-0.2623540183815909,-7.855306628735477,-0.11541571998757771
2018-01-24,94.245,87.03875,85.80699999999999,79.695,72.3475,64.2245,54.65164780202522,59.6181572616121,0.0,0.0,0.0,0.0,0.0,0.0,0.0,0.0,0.0,0.0,0.0,0.0,1.3291626521935243,0.024926869939739138,-0.5875128083287251,-0.009758429856294493
2018-01-31,94.245,87.03875,85.80699999999999,79.695,72.3475,64.2245,55.46619818832006,59.638388332916016,0.0,0.0,0.0,0.0,0.0,0.0,0.0,0.0,0.0,0.0,0.0,0.0,0.8145503862948402,0.014904406711496287,0.020231071303918213,0.0003393441232197869
2018-02-07,94.245,87.03875,85.80699999999999,79.695,72.3475,64.2245,56.30510079007329,60.327493588810974,0.0,0.0,0.0,0.0,0.0,0.0,0.0,0.0,0.0,0.0,0.0,0.0,0.8389026017532331,0.0151245736890957,0.6891052558949582,0.011554726329092047
2018-02-14,94.245,87.03875,85.80699999999999,79.695,72.3475,64.2245,58.68040964172896,61.261244947695815,0.0,0.0,0.0,0.0,0.0,0.0,0.0,0.0,0.0,0.0,0.0,0.0,2.3753088516556673,0.04218638841464317,0.933751358884841,0.01547804000028985
2018-02-15,98.7,86.79,86.03,81.946,64.49,58.56999999999999,72.28736613306177,68.0609766986763,4.454999999999998,0.04727041222346018,-0.24874999999998693,-0.0028579224770575173,0.2230000000000132,0.002598855571223968,2.2510000000000048,0.02824518476692406,-7.857500000000002,-0.1086077611527696,-5.654500000000013,-0.08804272512826117,13.60695649133281,0.2318824386947802,6.799731750980484,0.11099565078682327
2018-02-21,94.245,87.03875,85.80699999999999,79.695,72.3475,64.2245,62.52059791557525,62.98978393340731,-4.454999999999998,-0.04513677811550154,0.24874999999998693,0.002866113607558285,-0.2230000000000132,-0.002592119028246076,-2.2510000000000048,-0.027469309057184033,7.857500000000002,0.12184059544115367,5.654500000000013,0.09654259859996617,-9.766768217486515,-0.1351103068205376,-5.071192765268989,-0.07450955027754724
2018-02-28,94.245,87.03875,85.80699999999999,79.695,72.3475,64.2245,72.39382902371969,63.79259530301962,0.0,0.0,0.0,0.0,0.0,0.0,0.0,0.0,0.0,0.0,0.0,0.0,9.873231108144438,0.1579196526795339,0.8028113696123071,0.012745104356303827
2018-03-07,94.245,87.03875,85.80699999999999,79.695,72.3475,64.2245,74.49280267150048,64.2736452206904,0.0,0.0,0.0,0.0,0.0,0.0,0.0,0.0,0.0,0.0,0.0,0.0,2.098973647780795,0.02899381999939621,0.48104991767078076,0.007540842559951688
2018-03-14,94.245,87.03875,85.80699999999999,79.695,72.3475,64.2245,75.12368115581859,65.08807072382902,0.0,0.0,0.0,0.0,0.0,0.0,0.0,0.0,0.0,0.0,0.0,0.0,0.630878484318103,0.008468985750209379,0.8144255031386223,0.012671220067606237
2018-03-15,94.56,90.04,86.456,82.58800000000001,74.41,64.31200000000001,72.28736613306177,68.0609766986763,0.3149999999999977,0.003342352379436475,3.001250000000013,0.034481768177966776,0.6490000000000151,0.007563485496521416,2.893000000000015,0.03630089717046259,2.0625,0.028508241473444107,0.08750000000000568,0.0013624084266907754,-2.8363150227568212,-0.03775527209421281,2.9729059748472793,0.045675128203775284
2018-03-21,94.245,87.03875,85.80699999999999,79.695,72.3475,64.2245,74.74288119178493,67.62847510797711,-0.3149999999999977,-0.003331218274111647,-3.001250000000013,-0.033332407818747356,-0.6490000000000151,-0.007506708614786861,-2.893000000000015,-0.035029302077783875,-2.0625,-0.027718048649375104,-0.08750000000000568,-0.0013605547953726704,2.455515058723165,0.0339687996683018,-0.43250159069918936,-0.006354619220555469
2018-03-28,94.245,87.03875,85.80699999999999,79.695,72.3475,64.2245,74.57182248858413,72.63638333384327,0.0,0.0,0.0,0.0,0.0,0.0,0.0,0.0,0.0,0.0,0.0,0.0,-0.1710587032007993,-0.0022886287024697083,5.00790822586616,0.07405029047114287
2018-04-04,94.245,87.03875,85.80699999999999,79.695,72.3475,64.2245,74.12283632126692,76.5266185325355,0.0,0.0,0.0,0.0,0.0,0.0,0.0,0.0,0.0,0.0,0.0,0.0,-0.44898616731721575,-0.006020855496537525,3.890235198692224,0.05355766655964067
2018-04-11,94.245,87.03875,85.80699999999999,79.695,72.3475,64.2245,73.61197055005411,79.10264583698877,0.0,0.0,0.0,0.0,0.0,0.0,0.0,0.0,0.0,0.0,0.0,0.0,-0.5108657712128064,-0.006892150875050018,2.5760273044532767,0.03366184673843997
2018-04-15,93.9,90.01,87.404,80.924,78.5925,68.267,72.28736613306177,68.0609766986763,-0.34499999999999886,-0.003660671653668568,2.971250000000012,0.034137094110382016,1.5970000000000084,0.018611535189436923,1.2290000000000134,0.015421293682163384,6.2450000000000045,0.0863194996371679,4.04249999999999,0.06294326931311245,-1.3246044169923437,-0.017994415950210785,-11.041669138312471,-0.13958659690178576
2018-04-18,94.245,87.03875,85.80699999999999,79.695,72.3475,64.2245,73.94821844811449,81.66743365738431,0.34499999999999886,0.003674121405750741,-2.971250000000012,-0.033010221086546054,-1.5970000000000084,-0.01827147498970305,-1.2290000000000134,-0.015187089120656583,-6.2450000000000045,-0.07946050831822382,-4.04249999999999,-0.0592160194530299,1.660852315052722,0.022975692764839906,13.606456958708009,0.1999156876479653
2018-04-25,94.245,87.03875,85.80699999999999,79.695,72.3475,64.2245,73.35477368986642,82.39553367880178,0.0,0.0,0.0,0.0,0.0,0.0,0.0,0.0,0.0,0.0,0.0,0.0,-0.5934447582480686,-0.008025139357000999,0.7281000214174753,0.008915426735117471
2018-05-02,94.245,87.03875,85.80699999999999,79.695,72.3475,64.2245,73.13504177653783,81.53983429254005,0.0,0.0,0.0,0.0,0.0,0.0,0.0,0.0,0.0,0.0,0.0,0.0,-0.21973191332858732,-0.0029954684920382446,-0.8556993862617333,-0.010385264201303257
2018-05-09,94.245,87.03875,85.80699999999999,79.695,72.3475,64.2245,72.95786379868336,80.9477320282211,0.0,0.0,0.0,0.0,0.0,0.0,0.0,0.0,0.0,0.0,0.0,0.0,-0.17717797785446976,-0.002422614024011005,-0.5921022643189531,-0.007261509291209389
2018-05-15,93.5,89.64,87.154,80.078,76.87,68.47,72.28736613306177,68.0609766986763,-0.7450000000000045,-0.007904928643429399,2.6012500000000074,0.029886113943502268,1.3470000000000084,0.015698019975060484,0.3830000000000098,0.0048058221971267745,4.522500000000008,0.06251079857631581,4.245499999999993,0.06610405686303511,-0.6704976656215962,-0.009190204190623441,-12.886755329544798,-0.15919847297330136
2018-05-16,94.245,87.03875,85.80699999999999,79.695,72.3475,64.2245,73.50525789308378,80.84220576123464,0.7450000000000045,0.007967914438502754,-2.6012500000000074,-0.029018853190539984,-1.3470000000000084,-0.015455400784817774,-0.3830000000000098,-0.004782836734184337,-4.522500000000008,-0.05883309483543653,-4.245499999999993,-0.06200525777712862,1.2178917600220132,0.016847919977886594,12.781229062558339,0.18779085582541932
2018-05-23,94.245,87.03875,85.80699999999999,79.695,72.3475,64.2245,73.3681986291576,80.88223081279577,0.0,0.0,0.0,0.0,0.0,0.0,0.0,0.0,0.0,0.0,0.0,0.0,-0.13705926392617584,-0.0018646185028767803,0.040025051561130454,0.0004951009337788026
2018-05-30,94.245,87.03875,85.80699999999999,79.695,72.3475,64.2245,73.13282510051535,80.54186177058091,0.0,0.0,0.0,0.0,0.0,0.0,0.0,0.0,0.0,0.0,0.0,0.0,-0.23537352864225625,-0.003208113774633592,-0.34036904221486,-0.0042082054215671905
2018-06-06,94.245,87.03875,85.80699999999999,79.695,72.3475,64.2245,72.83338651274403,80.5046465900342,0.0,0.0,0.0,0.0,0.0,0.0,0.0,0.0,0.0,0.0,0.0,0.0,-0.29943858777131993,-0.004094448523761618,-0.0372151805467098,-0.0004620600980482781
2018-06-13,94.245,87.03875,85.80699999999999,79.695,72.3475,64.2245,72.58939604632417,80.47938897169337,0.0,0.0,0.0,0.0,0.0,0.0,0.0,0.0,0.0,0.0,0.0,0.0,-0.24399046641985933,-0.003349981074643127,-0.025257618340830845,-0.00031374112440307744
2018-06-15,95.6,89.0675,86.786,79.7,75.47,67.63900000000001,72.28736613306177,68.0609766986763,1.3549999999999898,0.014377420552814435,2.0287500000000023,0.023308583820424777,0.9790000000000134,0.011409325579498253,0.005000000000009663,6.273919317401067e-05,3.1225000000000023,0.04315974981858406,3.414500000000004,0.053165069404977894,-0.3020299132624018,-0.004160799368955415,-12.418412273017069,-0.15430549898167012
2018-06-20,94.245,87.03875,85.80699999999999,79.695,72.3475,64.2245,72.36257701388139,80.43830241330456,-1.3549999999999898,-0.014173640167363888,-2.0287500000000023,-0.0227776686221125,-0.9790000000000134,-0.011280621298366267,-0.005000000000009663,-6.273525721467443e-05,-3.1225000000000023,-0.0413740559162582,-3.414500000000004,-0.050481231242330615,0.07521088081962546,0.0010404429548751537,12.377325714628256,0.18185642221130482
2018-06-27,94.245,87.03875,85.80699999999999,79.695,72.3475,64.2245,72.11046914230873,80.30764341113347,0.0,0.0,0.0,0.0,0.0,0.0,0.0,0.0,0.0,0.0,0.0,0.0,-0.2521078715726617,-0.0034839537503521534,-0.13065900217108606,-0.0016243381355779407
2018-07-04,94.245,87.03875,85.80699999999999,79.695,72.3475,64.2245,71.78992530114013,80.0319638438286,0.0,0.0,0.0,0.0,0.0,0.0,0.0,0.0,0.0,0.0,0.0,0.0,-0.32054384116860035,-0.004445177586294924,-0.27567956730486287,-0.0034327936370082135
2018-07-11,94.245,87.03875,85.80699999999999,79.695,72.3475,64.2245,71.40681499871683,79.89618463225345,0.0,0.0,0.0,0.0,0.0,0.0,0.0,0.0,0.0,0.0,0.0,0.0,-0.38311030242330446,-0.005336546887550808,-0.13577921157515505,-0.0016965622865398045
2018-07-15,93.93,88.16,86.756,79.13799999999999,73.7,66.464,72.28736613306177,68.0609766986763,-0.3149999999999977,-0.003342352379436586,1.1212500000000034,0.0128821932759835,0.9490000000000123,0.011059703753773187,-0.5570000000000022,-0.006989146119580902,1.3525000000000063,0.01869449531773748,2.2394999999999925,0.03486987053227342,0.880551134344941,0.012331471924084125,-11.835207933577152,-0.14813232932276188
2018-07-18,94.245,87.03875,85.80699999999999,79.695,72.3475,64.2245,71.09648035556732,79.60092963021474,0.3149999999999977,0.0033535611625679085,-1.1212500000000034,-0.01271835299455537,-0.9490000000000123,-0.010938724699156355,0.5570000000000022,0.007038338092951513,-1.3525000000000063,-0.018351424694708407,-2.2394999999999925,-0.03369493259508893,-1.1908857774944437,-0.01647432796627757,11.539952931538437,0.16955314912139485
2018-07-25,94.245,87.03875,85.80699999999999,79.695,72.3475,64.2245,70.60028835520767,79.29218724730674,0.0,0.0,0.0,0.0,0.0,0.0,0.0,0.0,0.0,0.0,0.0,0.0,-0.49619200035965605,-0.006979135927377866,-0.30874238290799383,-0.0038786278545018815
2018-08-01,94.245,87.03875,85.80699999999999,79.695,72.3475,64.2245,70.14259158774571,78.90907694488344,0.0,0.0,0.0,0.0,0.0,0.0,0.0,0.0,0.0,0.0,0.0,0.0,-0.45769676746195387,-0.006482930567636935,-0.38311030242330446,-0.004831627373683256
2018-08-08,94.245,87.03875,85.80699999999999,79.695,72.3475,64.2245,69.72317150765815,78.47773052337907,0.0,0.0,0.0,0.0,0.0,0.0,0.0,0.0,0.0,0.0,0.0,0.0,-0.41942008008756204,-0.005979534981436774,-0.4313464215043723,-0.005466372668453068
2018-08-15,93.6,86.69,85.54,77.592,72.1,65.19800000000001,69.25258055431888,78.23027454937474,-0.6450000000000102,-0.006843864395989274,-0.34874999999999545,-0.004006836035673755,-0.2669999999999817,-0.0031116342489538873,-2.1029999999999944,-0.02638810464897412,-0.24750000000000227,-0.0034209889768133106,0.9735000000000014,0.01515776689581072,-0.4705909533392685,-0.006749419786327149,-0.24745597400432473,-0.0031531999250489218
2018-08-22,94.245,87.03875,85.80699999999999,79.695,72.3475,64.2245,68.6735285798225,78.20579745076014,0.6450000000000102,0.0068910256410257276,0.34874999999999545,0.004022955358172764,0.2669999999999817,0.003121346738367725,2.1029999999999944,0.02710330961954832,0.24750000000000227,0.003432732316227538,-0.9735000000000014,-0.014931439614712105,-0.5790519744963802,-0.008361449780809216,-0.02447709861459657,-0.00031288524494632597
2018-08-29,94.245,87.03875,85.80699999999999,79.695,72.3475,64.2245,68.23856054678842,77.91647439864077,0.0,0.0,0.0,0.0,0.0,0.0,0.0,0.0,0.0,0.0,0.0,0.0,-0.4349680330340817,-0.006333852971141529,-0.2893230521193715,-0.0036995090076478165
2018-09-05,94.245,87.03875,85.80699999999999,79.695,72.3475,64.2245,67.74683311926279,77.61834708400953,0.0,0.0,0.0,0.0,0.0,0.0,0.0,0.0,0.0,0.0,0.0,0.0,-0.4917274275256318,-0.007206005278913685,-0.29812731463124464,-0.0038262423567312354
2018-09-12,94.245,87.03875,85.80699999999999,79.695,72.3475,64.2245,67.13690378439672,77.39312031180827,0.0,0.0,0.0,0.0,0.0,0.0,0.0,0.0,0.0,0.0,0.0,0.0,-0.6099293348660666,-0.00900306784513949,-0.2252267722012533,-0.002901720800076779
2018-09-15,93.7,85.88250000000001,82.89,76.666,69.77000000000001,63.3,72.28736613306177,68.0609766986763,-0.5450000000000017,-0.005782800148549039,-1.1562499999999858,-0.013284313021498906,-2.9169999999999874,-0.03399489552134427,-3.0289999999999964,-0.038007403224794456,-2.5774999999999864,-0.035626662980752455,-0.924500000000009,-0.014394818176864055,5.1504623486650445,0.0767158158679051,-9.332143613131976,-0.12058104874869768
2018-09-19,94.245,87.03875,85.80699999999999,79.695,72.3475,64.2245,66.45685255732604,76.86861105578095,0.5450000000000017,0.005816435432230538,1.1562499999999858,0.013463161878147334,2.9169999999999874,0.03519121727590768,3.0289999999999964,0.03950903920903648,2.5774999999999864,0.036942812096889543,0.924500000000009,0.014605055292259195,-5.830513575735722,-0.08065743556077698,8.807634357104646,0.12940799242564993
2018-09-26,94.245,87.03875,85.80699999999999,79.695,72.3475,64.2245,65.55675720903629,76.2890595486598,0.0,0.0,0.0,0.0,0.0,0.0,0.0,0.0,0.0,0.0,0.0,0.0,-0.9000953482897529,-0.013544056235785806,-0.5795515071211526,-0.007539507988515548
2018-10-03,94.245,87.03875,85.80699999999999,79.695,72.3475,64.2245,65.05847341581034,75.76673574786591,0.0,0.0,0.0,0.0,0.0,0.0,0.0,0.0,0.0,0.0,0.0,0.0,-0.4982837932259514,-0.007600799893702881,-0.5223238007938846,-0.006846640971641893
2018-10-10,94.245,87.03875,85.80699999999999,79.695,72.3475,64.2245,64.88469850396224,74.98752729477482,0.0,0.0,0.0,0.0,0.0,0.0,0.0,0.0,0.0,0.0,0.0,0.0,-0.17377491184809912,-0.002671057323116788,-0.779208453091087,-0.010284308085861227
2018-10-15,90.99,84.33,80.598,74.02,66.44,61.05799999999999,72.28736613306177,68.0609766986763,-3.2550000000000097,-0.03453764125417802,-2.708749999999995,-0.03112119601901442,-5.208999999999989,-0.060706003006747555,-5.674999999999997,-0.07120898425246247,-5.907499999999999,-0.08165451466878604,-3.1665000000000134,-0.04930361466418598,7.4026676290995255,0.1140895742722372,-6.926550596098522,-0.09236936922683636
2018-10-17,94.245,87.03875,85.80699999999999,79.695,72.3475,64.2245,64.96487349024069,74.30176266330815,3.2550000000000097,0.03577316188592161,2.708749999999995,0.03212083481560524,5.208999999999989,0.06462939527035405,5.674999999999997,0.07666846798162652,5.907499999999999,0.08891481035520776,3.1665000000000134,0.051860526057191825,-7.322492642821075,-0.10129699053278995,6.240785964631854,0.09169404065800357
2018-10-24,94.245,87.03875,85.80699999999999,79.695,72.3475,64.2245,64.35357044065645,73.63463684290387,0.0,0.0,0.0,0.0,0.0,0.0,0.0,0.0,0.0,0.0,0.0,0.0,-0.6113030495842366,-0.00940974740258782,-0.66712582040428,-0.008978600190513664
2018-10-31,94.245,87.03875,85.80699999999999,79.695,72.3475,64.2245,63.504989394297965,72.83791352715615,0.0,0.0,0.0,0.0,0.0,0.0,0.0,0.0,0.0,0.0,0.0,0.0,-0.8485810463584897,-0.013186231013258332,-0.7967233157477267,-0.01081995308060657
2018-11-07,94.245,87.03875,85.80699999999999,79.695,72.3475,64.2245,62.676483315298135,71.73104289299324,0.0,0.0,0.0,0.0,0.0,0.0,0.0,0.0,0.0,0.0,0.0,0.0,-0.8285060789998298,-0.013046314736873565,-1.1068706341629024,-0.015196352841027383
2018-11-14,94.245,87.03875,85.80699999999999,79.695,72.3475,64.2245,61.70005313778297,70.78046352881086,0.0,0.0,0.0,0.0,0.0,0.0,0.0,0.0,0.0,0.0,0.0,0.0,-0.9764301775151623,-0.015578892207515294,-0.9505793641823885,-0.013251994197274408
2018-11-15,97.01,84.6475,78.712,73.44,62.9575,58.688,72.28736613306177,68.0609766986763,2.7650000000000006,0.029338426441721133,-2.3912499999999994,-0.02747339547040828,-7.094999999999985,-0.08268556178400344,-6.2549999999999955,-0.0784867306606436,-9.389999999999993,-0.12979024845364384,-5.536500000000004,-0.086205420049981,10.587312995278793,0.1715932557081623,-2.7194868301345565,-0.03842143290044442
2018-11-21,94.245,87.03875,85.80699999999999,79.695,72.3475,64.2245,61.27716755011093,69.6713449978364,-2.7650000000000006,-0.02850221626636429,2.3912499999999994,0.028249505301396916,7.094999999999985,0.09013873361113922,6.2549999999999955,0.08517156862745101,9.389999999999993,0.14914823492038276,5.536500000000004,0.09433785441657583,-11.010198582950835,-0.15231151959090605,1.6103682991601005,0.02366066984741666
2018-11-28,94.245,87.03875,85.80699999999999,79.695,72.3475,64.2245,60.893932364531445,68.69319767692353,0.0,0.0,0.0,0.0,0.0,0.0,0.0,0.0,0.0,0.0,0.0,0.0,-0.3832351855794869,-0.006254126959541417,-0.9781473209128677,-0.014039449373960622
2018-12-05,94.245,87.03875,85.80699999999999,79.695,72.3475,64.2245,60.6310533207368,67.70843154873222,0.0,0.0,0.0,0.0,0.0,0.0,0.0,0.0,0.0,0.0,0.0,0.0,-0.26287904379464777,-0.004316998978173503,-0.9847661281913105,-0.014335715347287281
2018-12-12,94.245,87.03875,85.80699999999999,79.695,72.3475,64.2245,60.89833449578739,66.91311316849173,0.0,0.0,0.0,0.0,0.0,0.0,0.0,0.0,0.0,0.0,0.0,0.0,0.26728117505059146,0.004408321485636746,-0.795318380240488,-0.011746223654111154
2018-12-15,98.3,83.7,81.10799999999999,76.45,60.36,58.1,72.28736613306177,68.0609766986763,4.054999999999993,0.04302615523369924,-3.3387499999999903,-0.03835935143829605,-4.698999999999998,-0.05476243196941977,-3.2449999999999903,-0.04071773636991016,-11.987499999999997,-0.16569335498807836,-6.124500000000005,-0.09536080467734287,11.389031637274378,0.18701712832659179,1.1478635301845657,0.017154537815243565
2018-12-19,94.245,87.03875,85.80699999999999,79.695,72.3475,64.2245,61.02696414667028,66.20824141412692,-4.054999999999993,-0.04125127161749742,3.3387499999999903,0.039889486260453966,4.698999999999998,0.057935098880504965,3.2449999999999903,0.042446043165467406,11.987499999999997,0.19860006626905236,6.124500000000005,0.10541308089500867,-11.260401986391486,-0.15577275240135446,-1.8527352845493823,-0.02722169699021404
2018-12-26,94.245,87.03875,85.80699999999999,79.695,72.3475,64.2245,60.99259005792705,65.46690377815256,0.0,0.0,0.0,0.0,0.0,0.0,0.0,0.0,0.0,0.0,0.0,0.0,-0.03437408874322756,-0.0005632606704900622,-0.7413376359743609,-0.011197059763864647
2019-01-02,94.245,87.03875,85.80699999999999,79.695,72.3475,64.2245,60.887750648299686,64.8773303977466,0.0,0.0,0.0,0.0,0.0,0.0,0.0,0.0,0.0,0.0,0.0,0.0,-0.10483940962736682,-0.0017188876472994385,-0.5895733804059518,-0.009005670749358097
2019-01-09,94.245,87.03875,85.80699999999999,79.695,72.3475,64.2245,60.53214586102877,64.74589087584928,0.0,0.0,0.0,0.0,0.0,0.0,0.0,0.0,0.0,0.0,0.0,0.0,-0.35560478727091294,-0.005840333786100271,-0.13143952189732033,-0.0020259699511601115
2019-01-15,97.4,86.05999999999999,83.52000000000001,77.9,60.2025,56.242,72.28736613306177,68.0609766986763,3.155000000000001,0.033476577006737784,-0.9787500000000051,-0.0112449914549555,-2.2869999999999777,-0.026652837181115552,-1.7949999999999875,-0.022523370349457172,-12.144999999999996,-0.16787034797332312,-7.982500000000009,-0.12429057446924474,11.755220272032993,0.19419797703886,3.3150858228270152,0.05120148596277274
2019-01-16,94.245,87.03875,85.80699999999999,79.695,72.3475,64.2245,60.30723129671801,64.60901893665739,-3.155000000000001,-0.03239219712525665,0.9787500000000051,0.011372879386474688,2.2869999999999777,0.027382662835248706,1.7949999999999875,0.023042362002567263,12.144999999999996,0.20173580831360827,7.982500000000009,0.1419312968955586,-11.980134836343758,-0.16572930343445524,-3.451957762018907,-0.05071860454341737
2019-01-23,94.245,87.03875,85.80699999999999,79.695,72.3475,64.2245,59.658026209228,63.95200865190507,0.0,0.0,0.0,0.0,0.0,0.0,0.0,0.0,0.0,0.0,0.0,0.0,-0.6492050874900102,-0.010764962568018621,-0.6570102847523245,-0.010169018127274998
2019-01-30,94.245,87.03875,85.80699999999999,79.695,72.3475,64.2245,59.528584817829824,63.32369027228899,0.0,0.0,0.0,0.0,0.0,0.0,0.0,0.0,0.0,0.0,0.0,0.0,-0.12944139139817423,-0.0021697229966041176,-0.6283183796160756,-0.009824841984808486
2019-02-06,94.245,87.03875,85.80699999999999,79.695,72.3475,64.2245,60.25746535897352,63.03995574140945,0.0,0.0,0.0,0.0,0.0,0.0,0.0,0.0,0.0,0.0,0.0,0.0,0.7288805411436954,0.012244210800142818,-0.28373453087954204,-0.004480701135064824
2019-02-13,94.245,87.03875,85.80699999999999,79.695,72.3475,64.2245,60.96942423245252,63.76827430835025,0.0,0.0,0.0,0.0,0.0,0.0,0.0,0.0,0.0,0.0,0.0,0.0,0.7119588734789986,0.011815280799443384,0.7283185669407999,0.011553284871080427
2019-02-15,98.7,86.64,85.75999999999999,81.066,64.01,58.64,72.28736613306177,68.0609766986763,4.454999999999998,0.04727041222346018,-0.3987499999999926,-0.004581292814981763,-0.046999999999997044,-0.0005477408603027367,1.3710000000000093,0.017203086768304177,-8.337499999999991,-0.1152424064411347,-5.584500000000006,-0.0869527983869085,11.317941900609249,0.18563307826982878,4.292702390326049,0.06731721121334999
2019-02-20,94.245,87.03875,85.80699999999999,79.695,72.3475,64.2245,62.85506622865981,65.35341620995855,-4.454999999999998,-0.04513677811550154,0.3987499999999926,0.00460237765466287,0.046999999999997044,0.0005480410447760153,-1.3710000000000093,-0.016912145659092714,8.337499999999991,0.13025308545539738,5.584500000000006,0.09523362892223752,-9.432299904401958,-0.13048338055421205,-2.7075604887177462,-0.03978139339235198
2019-02-27,94.245,87.03875,85.80699999999999,79.695,72.3475,64.2245,63.72790582810958,65.38572972662452,0.0,0.0,0.0,0.0,0.0,0.0,0.0,0.0,0.0,0.0,0.0,0.0,0.8728395994497689,0.013886543310200006,0.03231351666596538,0.000494442655639471
2019-03-06,94.245,87.03875,85.80699999999999,79.695,72.3475,64.2245,64.19481272834105,65.0471714901745,0.0,0.0,0.0,0.0,0.0,0.0,0.0,0.0,0.0,0.0,0.0,0.0,0.4669069002314714,0.00732656901500639,-0.3385582364500124,-0.00517786125299069
2019-03-13,94.245,87.03875,85.80699999999999,79.695,72.3475,64.2245,64.87801725510569,65.39846780855663,0.0,0.0,0.0,0.0,0.0,0.0,0.0,0.0,0.0,0.0,0.0,0.0,0.6832045267646407,0.010642674972132449,0.3512963183821256,0.005400639418044362
2019-03-15,94.56,89.6325,86.182,80.306,72.83,64.40899999999999,72.28736613306177,68.0609766986763,0.3149999999999977,0.003342352379436475,2.59375,0.029799945426606023,0.3750000000000142,0.00437027282156488,0.6110000000000042,0.0076667294058598845,0.4825000000000017,0.0066692007325754865,0.18449999999998568,0.0028727354825648366,7.409348877956077,0.1142043051165067,2.6625088901196676,0.04071209891206817
2019-03-20,94.245,87.03875,85.80699999999999,79.695,72.3475,64.2245,66.88345341889494,66.58142350563256,-0.3149999999999977,-0.003331218274111647,-2.59375,-0.028937606336987165,-0.3750000000000142,-0.004351256642918688,-0.6110000000000042,-0.007608397878116291,-0.4825000000000017,-0.006625017163256919,-0.18449999999998568,-0.0028645065130646907,-5.403912714166822,-0.07475597747218599,-1.479553193043742,-0.021738641800485903
2019-03-27,94.245,87.03875,85.80699999999999,79.695,72.3475,64.2245,71.99495222282651,66.97080918665473,0.0,0.0,0.0,0.0,0.0,0.0,0.0,0.0,0.0,0.0,0.0,0.0,5.111498803931568,0.07642396650660288,0.3893856810221763,0.005848263081807525
2019-04-03,94.245,87.03875,85.80699999999999,79.695,72.3475,64.2245,76.18500065875865,67.33852764007676,0.0,0.0,0.0,0.0,0.0,0.0,0.0,0.0,0.0,0.0,0.0,0.0,4.190048435932141,0.05819919739600388,0.3677184534220288,0.005490727346554314
2019-04-10,94.245,87.03875,85.80699999999999,79.695,72.3475,64.2245,78.66861442762615,67.71436349865158,0.0,0.0,0.0,0.0,0.0,0.0,0.0,0.0,0.0,0.0,0.0,0.0,2.4836137688674995,0.03259977354324506,0.37583585857481694,0.005581290113494175
2019-04-15,93.9,89.9325,87.08599999999998,80.102,74.3575,67.927,72.28736613306177,68.0609766986763,-0.34499999999999886,-0.003660671653668568,2.8937500000000114,0.033246686102454515,1.2789999999999964,0.014905543836749802,0.4070000000000107,0.005106970324361804,2.010000000000005,0.027782577145029297,3.7025000000000006,0.057649339426542934,-6.3812482945643865,-0.08111555467187026,0.34661320002471996,0.00511875445793164
2019-04-17,94.245,87.03875,85.80699999999999,79.695,72.3475,64.2245,81.47005582901498,68.6200785889702,0.34499999999999886,0.003674121405750741,-2.8937500000000114,-0.03217691046062332,-1.2789999999999964,-0.014686631605539291,-0.4070000000000107,-0.005081021697336041,-2.010000000000005,-0.0270315704535522,-3.7025000000000006,-0.054507044326998155,9.182689695953215,0.1270303538110702,0.5591018902939027,0.008214720349506432
2019-04-24,94.245,87.03875,85.80699999999999,79.695,72.3475,64.2245,82.5248814078328,70.57237696979763,0.0,0.0,0.0,0.0,0.0,0.0,0.0,0.0,0.0,0.0,0.0,0.0,1.0548255788178125,0.012947402184572354,1.952298380827429,0.02845083277332816
2019-05-01,94.245,87.03875,85.80699999999999,79.695,72.3475,64.2245,81.64433027348788,73.86960450128849,0.0,0.0,0.0,0.0,0.0,0.0,0.0,0.0,0.0,0.0,0.0,0.0,-0.8805511343449126,-0.010670129048635402,3.2972275314908615,0.04672121973306864
2019-05-08,94.245,87.03875,85.80699999999999,79.695,72.3475,64.2245,80.98254320801101,74.3863710016316,0.0,0.0,0.0,0.0,0.0,0.0,0.0,0.0,0.0,0.0,0.0,0.0,-0.6617870654768723,-0.008105732060757376,0.5167665003431097,0.006995658144265393
2019-05-15,93.5,89.56,86.716,79.38400000000001,75.5225,68.5,80.80801899722572,74.26791932797877,-0.7450000000000045,-0.007904928643429399,2.521250000000009,0.028966983096609278,0.909000000000006,0.010593541319472877,-0.3109999999999786,-0.003902377815421021,3.174999999999997,0.04388541414699887,4.275499999999994,0.06657116832361476,-0.17452421078529312,-0.0021550843412884158,-0.11845167365282805,-0.001592384089421861
2019-05-22,94.245,87.03875,85.80699999999999,79.695,72.3475,64.2245,80.9477320282211,74.08321713996344,0.7450000000000045,0.007967914438502754,-2.521250000000009,-0.02815151853506037,-0.909000000000006,-0.010482494580008384,0.3109999999999786,0.003917666028418587,-3.174999999999997,-0.04204045152106983,-4.275499999999994,-0.062416058394160534,0.1397130309953809,0.0017289500810580005,-0.18470218801533633,-0.002486971355689427
2019-05-29,94.245,87.03875,85.80699999999999,79.695,72.3475,64.2245,80.548262032336,73.9495609420436,0.0,0.0,0.0,0.0,0.0,0.0,0.0,0.0,0.0,0.0,0.0,0.0,-0.3994699958850987,-0.00493491276254443,-0.13365619791983363,-0.0018041359849062522
2019-06-05,94.245,87.03875,85.80699999999999,79.695,72.3475,64.2245,80.50730035710339,73.65814609705794,0.0,0.0,0.0,0.0,0.0,0.0,0.0,0.0,0.0,0.0,0.0,0.0,-0.04096167523260874,-0.0005085358044866206,-0.29141484498566683,-0.003940724478595059
2019-06-12,94.245,87.03875,85.80699999999999,79.695,72.3475,64.2245,80.48532092161273,73.35305654646871,0.0,0.0,0.0,0.0,0.0,0.0,0.0,0.0,0.0,0.0,0.0,0.0,-0.021979435490663946,-0.0002730117069280613,-0.30508955058922993,-0.004141966187788948
2019-06-15,95.6,89.03,86.618,78.14400000000006,74.42750000000001,67.69900000000001,72.28736613306177,68.0609766986763,1.3549999999999898,0.014377420552814435,1.991250000000008,0.02287774123594377,0.811000000000007,0.00945144335543735,-1.5509999999999309,-0.01946169772256645,2.0800000000000125,0.028750129582916006,3.474500000000006,0.054099292326137416,-8.197954788550959,-0.10185652109824117,-5.292079847792408,-0.07214532150326836
2019-06-19,94.245,87.03875,85.80699999999999,79.695,72.3475,64.2245,80.44401581770056,72.97013356877972,-1.3549999999999898,-0.014173640167363888,-1.991250000000008,-0.022366056385488164,-0.811000000000007,-0.00936294996421072,1.5509999999999309,0.01984797297297214,-2.0800000000000125,-0.02794665950085673,-3.474500000000006,-0.05132276695372173,8.156649684638793,0.11283644875958787,4.909156870103416,0.07212880431965485
2019-06-26,94.245,87.03875,85.80699999999999,79.695,72.3475,64.2245,80.35868940122897,72.65470993701518,0.0,0.0,0.0,0.0,0.0,0.0,0.0,0.0,0.0,0.0,0.0,0.0,-0.08532641647158812,-0.0010606931491952132,-0.31542363176453136,-0.004322640186306126
2019-07-03,94.245,87.03875,85.80699999999999,79.695,72.3475,64.2245,80.04211060026962,72.42598643644041,0.0,0.0,0.0,0.0,0.0,0.0,0.0,0.0,0.0,0.0,0.0,0.0,-0.3165788009593484,-0.003939571480299775,-0.2287235005747732,-0.0031480891021801183
2019-07-10,94.245,87.03875,85.80699999999999,79.695,72.3475,64.2245,79.93864490536042,71.98939492237577,0.0,0.0,0.0,0.0,0.0,0.0,0.0,0.0,0.0,0.0,0.0,0.0,-0.10346569490920388,-0.0012926407628843783,-0.436591514064645,-0.0060281058711957325
2019-07-15,93.93,87.9175,86.67,77.19600000000005,72.5425,66.528,72.28736613306177,68.0609766986763,-0.3149999999999977,-0.003342352379436586,0.8787500000000108,0.010096077896339484,0.8630000000000138,0.010057454520027598,-2.4989999999999384,-0.03135704874835232,0.1950000000000074,0.0026953246483985005,2.3034999999999997,0.03586637498151024,-7.651278772298653,-0.09571439172326501,-3.9284182236994667,-0.05456940189503434
2019-07-17,94.245,87.03875,85.80699999999999,79.695,72.3475,64.2245,79.64239083807213,71.02086360449005,0.3149999999999977,0.0033535611625679085,-0.8787500000000108,-0.00999516592259797,-0.8630000000000138,-0.009957309334256537,2.4989999999999384,0.032372143634384454,-0.1950000000000074,-0.0026880794017301035,-2.3034999999999997,-0.034624518999519016,7.355024705010365,0.10174702853983808,2.9598869058137467,0.04348875154874632
2019-07-24,94.245,87.03875,85.80699999999999,79.695,72.3475,64.2245,79.34285858793368,70.68676994087407,0.0,0.0,0.0,0.0,0.0,0.0,0.0,0.0,0.0,0.0,0.0,0.0,-0.29953225013845497,-0.003760965071320621,-0.3340936636159739,-0.00470416222304082
2019-07-31,94.245,87.03875,85.80699999999999,79.695,72.3475,64.2245,78.97395374452778,70.41817749268343,0.0,0.0,0.0,0.0,0.0,0.0,0.0,0.0,0.0,0.0,0.0,0.0,-0.36890484340590035,-0.004649502803041217,-0.2685924481906454,-0.0037997555754112344
2019-08-07,94.245,87.03875,85.80699999999999,79.695,72.3475,64.2245,78.53118051423138,70.17340650653733,0.0,0.0,0.0,0.0,0.0,0.0,0.0,0.0,0.0,0.0,0.0,0.0,-0.44277323029639604,-0.005606572918062547,-0.2447709861460936,-0.003475963094493939
2019-08-14,94.245,87.03875,85.80699999999999,79.695,72.3475,64.2245,78.22044000082423,69.73846969429228,0.0,0.0,0.0,0.0,0.0,0.0,0.0,0.0,0.0,0.0,0.0,0.0,-0.31074051340715414,-0.003956906178824604,-0.43493681224505565,-0.006198029052566167
2019-08-15,93.6,86.52250000000001,85.264,75.96200000000006,70.95750000000001,65.23899999999999,72.28736613306177,68.0609766986763,-0.6450000000000102,-0.006843864395989274,-0.5162499999999852,-0.005931266246355649,-0.5429999999999922,-0.006328155045625561,-3.732999999999933,-0.046841081623689496,-1.3899999999999864,-0.019212826980890663,1.014499999999984,0.015796152558602783,-5.9330738677624595,-0.07585068388390481,-1.677492995615978,-0.02405405514301484
2019-08-21,94.245,87.03875,85.80699999999999,79.695,72.3475,64.2245,78.24270042341635,69.16372618868472,0.6450000000000102,0.0068910256410257276,0.5162499999999852,0.00596665607211988,0.5429999999999922,0.006368455620191282,3.732999999999933,0.049142992548905085,1.3899999999999864,0.019589190712750337,-1.014499999999984,-0.015550514262940629,5.955334290354585,0.08238416488148714,1.1027494900084207,0.01620237533308666
2019-08-28,94.245,87.03875,85.80699999999999,79.695,72.3475,64.2245,77.96892532424351,68.56481779235304,0.0,0.0,0.0,0.0,0.0,0.0,0.0,0.0,0.0,0.0,0.0,0.0,-0.2737750991728376,-0.0034990497220991346,-0.5989083963316801,-0.008659284705075154
2019-09-04,94.245,87.03875,85.80699999999999,79.695,72.3475,64.2245,77.63629903771285,67.85545024436513,0.0,0.0,0.0,0.0,0.0,0.0,0.0,0.0,0.0,0.0,0.0,0.0,-0.33262628653066884,-0.004266139172079186,-0.7093675479879096,-0.0103459408312907
2019-09-11,94.245,87.03875,85.80699999999999,79.695,72.3475,64.2245,77.46093186562322,67.15932031093409,0.0,0.0,0.0,0.0,0.0,0.0,0.0,0.0,0.0,0.0,0.0,0.0,-0.17536717208962216,-0.0022588296230405813,-0.6961299334310382,-0.01025901281214836
2019-09-15,93.7,85.59750000000001,82.476,74.00400000000008,68.17500000000001,63.463,72.28736613306177,68.0609766986763,-0.5450000000000017,-0.005782800148549039,-1.4412499999999824,-0.016558716663554796,-3.330999999999989,-0.03881967671635167,-5.690999999999917,-0.0714097496706182,-4.172499999999985,-0.05767303638688259,-0.7615000000000052,-0.011856845907714408,-5.173565732561457,-0.06678935571723299,0.9016563877422072,0.013425633010693439
2019-09-18,94.245,87.03875,85.80699999999999,79.695,72.3475,64.2245,76.96139924083529,66.40259082595847,0.5450000000000017,0.005816435432230538,1.4412499999999824,0.016837524460410425,3.330999999999989,0.040387506668606576,5.690999999999917,0.07690124858115666,4.172499999999985,0.061202786945361076,0.7615000000000052,0.011999117596079634,4.674033107773525,0.06465905949830675,-1.6583858727178296,-0.024366177994475935
2019-09-25,94.245,87.03875,85.80699999999999,79.695,72.3475,64.2245,76.34691167076804,65.42900174024679,0.0,0.0,0.0,0.0,0.0,0.0,0.0,0.0,0.0,0.0,0.0,0.0,-0.6144875700672543,-0.00798436068118169,-0.97358908571168,-0.014661914145239652
2019-10-02,94.245,87.03875,85.80699999999999,79.695,72.3475,64.2245,75.88328295338673,64.5551318547584,0.0,0.0,0.0,0.0,0.0,0.0,0.0,0.0,0.0,0.0,0.0,0.0,-0.4636287173813116,-0.006072658438112444,-0.8738698854883893,-0.01335600211291088
2019-10-09,94.245,87.03875,85.80699999999999,79.695,72.3475,64.2245,75.08577911791281,63.6920955830701,0.0,0.0,0.0,0.0,0.0,0.0,0.0,0.0,0.0,0.0,0.0,0.0,-0.7975038354739183,-0.010509611661949414,-0.8630362716883013,-0.01336898007783538
2019-10-15,90.99,84.10249999999999,79.93599999999999,72.46000000000001,64.6825,61.064,72.28736613306177,68.0609766986763,-3.2550000000000097,-0.03453764125417802,-2.936250000000001,-0.03373497436486628,-5.870999999999995,-0.06842099129441648,-7.234999999999985,-0.09078361252274281,-7.664999999999992,-0.10594699194858137,-3.160500000000006,-0.049210192372069916,-2.7984129848510406,-0.03726954714629094,4.3688811156062,0.06859377251778609
2019-10-16,94.245,87.03875,85.80699999999999,79.695,72.3475,64.2245,74.39901542119655,62.72103538127139,3.2550000000000097,0.03577316188592161,2.936250000000001,0.03491275526886839,5.870999999999995,0.07344625700560448,7.234999999999985,0.09984819210598928,7.664999999999992,0.11850191319135761,3.160500000000006,0.05175717280230585,2.1116492881347853,0.02921187201990172,-5.339941317404907,-0.07845819405510768
2019-10-23,94.245,87.03875,85.80699999999999,79.695,72.3475,64.2245,73.72511468956858,61.72571662638144,0.0,0.0,0.0,0.0,0.0,0.0,0.0,0.0,0.0,0.0,0.0,0.0,-0.6739007316279668,-0.009057925401469324,-0.9953187548899507,-0.015868978387227894
2019-10-30,94.245,87.03875,85.80699999999999,79.695,72.3475,64.2245,73.01003373718466,60.822967511022505,0.0,0.0,0.0,0.0,0.0,0.0,0.0,0.0,0.0,0.0,0.0,0.0,-0.7150809523839285,-0.009699285723662743,-0.9027491153589366,-0.014625170264497278
2019-11-06,94.245,87.03875,85.80699999999999,79.695,72.3475,64.2245,71.85420890579253,60.02786767630536,0.0,0.0,0.0,0.0,0.0,0.0,0.0,0.0,0.0,0.0,0.0,0.0,-1.155824831392124,-0.01583104091627685,-0.7950998347171421,-0.013072361761583773
2019-11-13,94.245,87.03875,85.80699999999999,79.695,72.3475,64.2245,70.94790062048196,59.31959285593417,0.0,0.0,0.0,0.0,0.0,0.0,0.0,0.0,0.0,0.0,0.0,0.0,-0.9063082853105726,-0.01261315515280148,-0.7082748203711944,-0.011799100114475158
2019-11-15,97.01,84.1325,78.324,72.41600000000001,62.13,58.599,72.28736613306177,68.0609766986763,2.7650000000000006,0.029338426441721133,-2.90625,-0.033390300297281406,-7.48299999999999,-0.08720733739671582,-7.278999999999982,-0.09133571742267377,-10.217499999999994,-0.14122810048723167,-5.6255000000000095,-0.08759118404970079,1.3394655125798067,0.0188795651578888,8.741383842742131,0.1473608199566001
2019-11-20,94.245,87.03875,85.80699999999999,79.695,72.3475,64.2245,69.80731153414588,58.57194862057188,-2.7650000000000006,-0.02850221626636429,2.90625,0.03454372567081676,7.48299999999999,0.0955390429497982,7.278999999999982,0.10051646045072893,10.217499999999994,0.16445356510542397,5.6255000000000095,0.09599993173944954,-2.480054598915885,-0.034308271715845384,-9.489028078104418,-0.139419510832394
2019-11-27,94.245,87.03875,85.80699999999999,79.695,72.3475,64.2245,68.84227694463367,58.12508546691002,0.0,0.0,0.0,0.0,0.0,0.0,0.0,0.0,0.0,0.0,0.0,0.0,-0.9650345895122143,-0.013824262363121842,-0.4468631536618588,-0.007629303176451052
2019-12-04,94.245,87.03875,85.80699999999999,79.695,72.3475,64.2245,67.82806961236894,57.17029129620599,0.0,0.0,0.0,0.0,0.0,0.0,0.0,0.0,0.0,0.0,0.0,0.0,-1.014207332264732,-0.014732332765233891,-0.9547941707040337,-0.016426542224141527
2019-12-11,94.245,87.03875,85.80699999999999,79.695,72.3475,64.2245,67.01170842030926,57.038414683261976,0.0,0.0,0.0,0.0,0.0,0.0,0.0,0.0,0.0,0.0,0.0,0.0,-0.8163611920596736,-0.012035742675931993,-0.1318766129440121,-0.0023067332692209286
2019-12-15,98.3,83.51,80.934,70.72400000000012,59.9375,57.709,72.28736613306177,68.0609766986763,4.054999999999993,0.04302615523369924,-3.528749999999988,-0.04054228719966668,-4.8729999999999905,-0.05679023855862564,-8.970999999999876,-0.11256666039274577,-12.409999999999997,-0.1715332250596081,-6.515500000000003,-0.10144882404689803,5.275657712752505,0.07872740207819584,11.022562015414323,0.19324804303596665
2019-12-18,94.245,87.03875,85.80699999999999,79.695,72.3475,64.2245,66.31414233058196,59.37944310854157,-4.054999999999993,-0.04125127161749742,3.528749999999988,0.04225541851275283,4.8729999999999905,0.06020955346331558,8.970999999999876,0.12684520106328634,12.409999999999997,0.20704900938477566,6.515500000000003,0.11290266682839767,-5.973223802479808,-0.0826316425955359,-8.681533590134727,-0.12755523078327458
2019-12-25,94.245,87.03875,85.80699999999999,79.695,72.3475,64.2245,65.57280469460761,59.26548722851182,0.0,0.0,0.0,0.0,0.0,0.0,0.0,0.0,0.0,0.0,0.0,0.0,-0.7413376359743467,-0.01117917852693795,-0.11395588002974932,-0.0019191133170690655
2020-01-01,94.245,87.03875,85.80699999999999,79.695,72.3475,64.2245,64.90736479681199,59.21085084767565,0.0,0.0,0.0,0.0,0.0,0.0,0.0,0.0,0.0,0.0,0.0,0.0,-0.665439897795622,-0.010148107906849169,-0.05463638083617184,-0.0009218920385402063
2020-01-08,94.245,87.03875,85.80699999999999,79.695,72.3475,64.2245,64.73658708071261,68.0609766986763,0.0,0.0,0.0,0.0,0.0,0.0,0.0,0.0,0.0,0.0,0.0,0.0,-0.17077771609937997,-0.0026310992078324436,8.850125851000648,0.14946797291881952
2020-01-15,97.4,85.41,82.85,77.142,60.06,56.456,64.70074561488408,68.0609766986763,3.155000000000001,0.033476577006737784,-1.6287499999999966,-0.01871292958596027,-2.9569999999999936,-0.03446105795564458,-2.5529999999999973,-0.03203463203463197,-12.287499999999994,-0.1698400082933066,-7.768500000000003,-0.12095851271710956,-0.03584146582852554,-0.0005536508401939866,0.0,0.0
2020-01-22,94.245,87.03875,85.80699999999999,79.695,72.3475,64.2245,64.05113465713642,68.0609766986763,-3.155000000000001,-0.03239219712525665,1.6287499999999966,0.01906978105608248,2.9569999999999936,0.03569100784550394,2.5529999999999973,0.033094812164579546,12.287499999999994,0.20458707958707945,7.768500000000003,0.13760273487317565,-0.6496109577476687,-0.010040239128221606,0.0,0.0
2020-01-29,94.245,87.03875,85.80699999999999,79.695,72.3475,64.2245,63.38997200744054,68.0609766986763,0.0,0.0,0.0,0.0,0.0,0.0,0.0,0.0,0.0,0.0,0.0,0.0,-0.6611626496958749,-0.010322419005300287,0.0,0.0
2020-02-05,94.245,87.03875,85.80699999999999,79.695,72.3475,64.2245,63.01613427936486,68.0609766986763,0.0,0.0,0.0,0.0,0.0,0.0,0.0,0.0,0.0,0.0,0.0,0.0,-0.37383772807567794,-0.00589742693105777,0.0,0.0
2020-02-12,94.245,87.03875,85.80699999999999,79.695,72.3475,64.2245,63.46365306959676,68.0609766986763,0.0,0.0,0.0,0.0,0.0,0.0,0.0,0.0,0.0,0.0,0.0,0.0,0.44751879023189645,0.007101654129527235,0.0,0.0
2020-02-15,98.7,86.59,85.326,80.176,63.8,58.71900000000001,72.28736613306177,68.0609766986763,4.454999999999998,0.04727041222346018,-0.44874999999998977,-0.005155749594289771,-0.48099999999999454,-0.00560560327246018,0.48100000000000875,0.006035510383336495,-8.5475,-0.11814506375479461,-5.505499999999998,-0.08572273820738185,8.823713063465007,0.13903569423885154,0.0,0.0
2020-02-19,94.245,87.03875,85.80699999999999,79.695,72.3475,64.2245,65.32241396643266,68.0609766986763,-4.454999999999998,-0.04513677811550154,0.44874999999998977,0.0051824691072870355,0.48099999999999454,0.005637203197149665,-0.48100000000000875,-0.005999301536619539,8.5475,0.13397335423197498,5.505499999999998,0.09376011171852383,-6.964952166629104,-0.09635089143804854,0.0,0.0
2020-02-26,94.245,87.03875,85.80699999999999,79.695,72.3475,64.2245,65.4470785771063,68.0609766986763,0.0,0.0,0.0,0.0,0.0,0.0,0.0,0.0,0.0,0.0,0.0,0.0,0.12466461067363355,0.0019084507614446355,0.0,0.0
2020-03-04,94.245,87.03875,85.80699999999999,79.695,72.3475,64.2245,65.07911035737189,68.0609766986763,0.0,0.0,0.0,0.0,0.0,0.0,0.0,0.0,0.0,0.0,0.0,0.0,-0.36796821973440785,-0.0056223780760646935,0.0,0.0
2020-03-11,94.245,87.03875,85.80699999999999,79.695,72.3475,64.2245,64.96733993257558,68.0609766986763,0.0,0.0,0.0,0.0,0.0,0.0,0.0,0.0,0.0,0.0,0.0,0.0,-0.11177042479630472,-0.0017174547129260587,0.0,0.0
2020-03-15,94.56,89.495,86.03,79.69,66.78,64.46,72.28736613306177,68.0609766986763,0.3149999999999977,0.003342352379436475,2.4562500000000114,0.028220189283509,0.2230000000000132,0.002598855571223968,-0.0049999999999954525,-6.273919317389964e-05,-5.5674999999999955,-0.07695497425619402,0.2354999999999876,0.003666824965550264,7.320026200486183,0.11267240136479417,0.0,0.0
2020-03-18,94.245,87.03875,85.80699999999999,79.695,72.3475,64.2245,66.47624066732564,68.0609766986763,-0.3149999999999977,-0.003331218274111647,-2.4562500000000114,-0.027445667355718295,-0.2230000000000132,-0.002592119028246076,0.0049999999999954525,6.27431296271741e-05,5.5674999999999955,0.08337076969152424,-0.2354999999999876,-0.0036534284827798302,-5.811125465736126,-0.0803892267293208,0.0,0.0
2020-03-25,94.245,87.03875,85.80699999999999,79.695,72.3475,64.2245,66.84433377021625,68.0609766986763,0.0,0.0,0.0,0.0,0.0,0.0,0.0,0.0,0.0,0.0,0.0,0.0,0.3680931028906116,0.005537212983097284,0.0,0.0
2020-04-01,94.245,87.03875,85.80699999999999,79.695,72.3475,64.2245,67.28704455893455,68.0609766986763,0.0,0.0,0.0,0.0,0.0,0.0,0.0,0.0,0.0,0.0,0.0,0.0,0.4427107887183013,0.0066230114618266445,0.0,0.0
2020-04-08,94.245,87.03875,85.80699999999999,79.695,72.3475,64.2245,67.4671885117487,68.0609766986763,0.0,0.0,0.0,0.0,0.0,0.0,0.0,0.0,0.0,0.0,0.0,0.0,0.18014395281414863,0.002677245731254718,0.0,0.0
2020-04-15,93.9,89.86250000000001,86.77,79.672,73.0175,67.587,68.3323165763033,68.0609766986763,-0.34499999999999886,-0.003660671653668568,2.823750000000018,0.03244244661142326,0.9630000000000081,0.011222860605778262,-0.022999999999996135,-0.000288600288600227,0.6700000000000017,0.009260859048343173,3.362499999999997,0.052355409539972975,0.8651280645545967,0.0128229452514379,0.0,0.0
2020-04-22,94.245,87.03875,85.80699999999999,79.695,72.3475,64.2245,69.33949923103198,68.0609766986763,0.34499999999999886,0.003674121405750741,-2.823750000000018,-0.03142300737237469,-0.9630000000000081,-0.011098305866082847,0.022999999999996135,0.00028868360277134464,-0.6700000000000017,-0.00917588249392276,-3.362499999999997,-0.04975069170106672,1.0071826547286804,0.014739477676042334,0.0,0.0
2020-04-29,94.245,87.03875,85.80699999999999,79.695,72.3475,64.2245,73.65452448552823,68.0609766986763,0.0,0.0,0.0,0.0,0.0,0.0,0.0,0.0,0.0,0.0,0.0,0.0,4.315025254496248,0.06223040694480697,0.0,0.0
2020-05-06,94.245,87.03875,85.80699999999999,79.695,72.3475,64.2245,74.40725770950554,68.0609766986763,0.0,0.0,0.0,0.0,0.0,0.0,0.0,0.0,0.0,0.0,0.0,0.0,0.7527332239773159,0.010219782548799294,0.0,0.0
2020-05-13,94.245,87.03875,85.80699999999999,79.695,72.3475,64.2245,74.33420106313031,68.0609766986763,0.0,0.0,0.0,0.0,0.0,0.0,0.0,0.0,0.0,0.0,0.0,0.0,-0.07305664637523535,-0.0009818483925380095,0.0,0.0
2020-05-15,93.5,89.465,86.57,78.03,73.4,68.5,72.28736613306177,68.0609766986763,-0.7450000000000045,-0.007904928643429399,2.4262500000000102,0.027875515215924018,0.7630000000000052,0.008892048434276933,-1.664999999999992,-0.020892151326933783,1.052500000000009,0.014547842012509138,4.275499999999994,0.06657116832361476,-2.046834930068542,-0.02753557448381283,0.0,0.0
2020-05-20,94.245,87.03875,85.80699999999999,79.695,72.3475,64.2245,74.10223060049442,68.0609766986763,0.7450000000000045,0.007967914438502754,-2.4262500000000102,-0.027119543955737013,-0.7630000000000052,-0.008813676793346437,1.664999999999992,0.02133794694348312,-1.052500000000009,-0.014339237057220844,-4.275499999999994,-0.062416058394160534,1.8148644674326562,0.025106246976712043,0.0,0.0
2020-05-27,94.245,87.03875,85.80699999999999,79.695,72.3475,64.2245,74.03573031981952,68.0609766986763,0.0,0.0,0.0,0.0,0.0,0.0,0.0,0.0,0.0,0.0,0.0,0.0,-0.06650028067490155,-0.0008974126707929075,0.0,0.0
2020-06-03,94.245,87.03875,85.80699999999999,79.695,72.3475,64.2245,73.7341374976038,68.0609766986763,0.0,0.0,0.0,0.0,0.0,0.0,0.0,0.0,0.0,0.0,0.0,0.0,-0.30159282221572425,-0.004073611767087426,0.0,0.0
2020-06-10,94.245,87.03875,85.80699999999999,79.695,72.3475,64.2245,73.46813637490423,68.0609766986763,0.0,0.0,0.0,0.0,0.0,0.0,0.0,0.0,0.0,0.0,0.0,0.0,-0.26600112269956355,-0.0036075708176311894,0.0,0.0
2020-06-15,95.6,88.98249999999999,86.49,76.16,72.23,67.75800000000001,72.28736613306177,68.0609766986763,1.3549999999999898,0.014377420552814435,1.9437499999999943,0.02233200729560103,0.6830000000000069,0.007959723565676535,-3.5349999999999966,-0.044356609574000894,-0.11749999999999261,-0.001624105877880977,3.5335000000000036,0.055017944865277224,-1.1807702418424668,-0.016071868705326287,0.0,0.0
2020-06-17,94.245,87.03875,85.80699999999999,79.695,72.3475,64.2245,73.06538819616895,68.0609766986763,-1.3549999999999898,-0.014173640167363888,-1.9437499999999943,-0.021844182844941384,-0.6830000000000069,-0.007896866689790838,3.5349999999999966,0.04641544117647056,0.11749999999999261,0.0016267478886888842,-3.5335000000000036,-0.05214882375512864,0.778022063107187,0.010762905120585753,0.0,0.0
2020-06-24,94.245,87.03875,85.80699999999999,79.695,72.3475,64.2245,72.73195016912301,68.0609766986763,0.0,0.0,0.0,0.0,0.0,0.0,0.0,0.0,0.0,0.0,0.0,0.0,-0.3334380270459434,-0.004563556497513055,0.0,0.0
2020-07-01,94.245,87.03875,85.80699999999999,79.695,72.3475,64.2245,72.46157813595656,68.0609766986763,0.0,0.0,0.0,0.0,0.0,0.0,0.0,0.0,0.0,0.0,0.0,0.0,-0.27037203316645275,-0.0037173763736261245,0.0,0.0
2020-07-08,94.245,87.03875,85.80699999999999,79.695,72.3475,64.2245,72.33700718765006,68.0609766986763,0.0,0.0,0.0,0.0,0.0,0.0,0.0,0.0,0.0,0.0,0.0,0.0,-0.12457094830649851,-0.0017191310417331573,0.0,0.0
2020-07-15,93.93,87.795,86.59,74.79,70.95,66.56,71.12033303840096,68.0609766986763,-0.3149999999999977,-0.003342352379436586,0.7562500000000085,0.008688658787034509,0.7830000000000155,0.0091251296514272,-4.904999999999987,-0.061547148503670046,-1.3974999999999937,-0.019316493313521477,2.335499999999996,0.03636462720612843,-1.2166741492491013,-0.016819525669522384,0.0,0.0
2020-07-22,94.245,87.03875,85.80699999999999,79.695,72.3475,64.2245,70.77222124050185,68.0609766986763,0.3149999999999977,0.0033535611625679085,-0.7562500000000085,-0.008613816276553443,-0.7830000000000155,-0.009042614620626166,4.904999999999987,0.06558363417569169,1.3974999999999937,0.019696969696969546,-2.335499999999996,-0.03508864182692306,-0.34811179789910796,-0.004894687398484865,0.0,0.0
2020-07-29,94.245,87.03875,85.80699999999999,79.695,72.3475,64.2245,70.47312608141009,68.0609766986763,0.0,0.0,0.0,0.0,0.0,0.0,0.0,0.0,0.0,0.0,0.0,0.0,-0.2990951590917632,-0.0042261660556811576,0.0,0.0
2020-08-05,94.245,87.03875,85.80699999999999,79.695,72.3475,64.2245,70.28080602086673,68.0609766986763,0.0,0.0,0.0,0.0,0.0,0.0,0.0,0.0,0.0,0.0,0.0,0.0,-0.19232006054335216,-0.002728984383652655,0.0,0.0
2020-08-12,94.245,87.03875,85.80699999999999,79.695,72.3475,64.2245,69.90490772071381,68.0609766986763,0.0,0.0,0.0,0.0,0.0,0.0,0.0,0.0,0.0,0.0,0.0,0.0,-0.3758983001529259,-0.0053485200502868535,0.0,0.0
2020-08-15,93.6,86.5,84.91,73.57,69.25,65.29,72.28736613306177,68.0609766986763,-0.6450000000000102,-0.006843864395989274,-0.5387499999999932,-0.0061897717970443855,-0.8969999999999914,-0.010453692589182606,-6.125,-0.07685551163812032,-3.0974999999999966,-0.04281419537648157,1.0655000000000001,0.016590242041588432,2.382458412347958,0.03408141845872148,0.0,0.0
2020-08-19,94.245,87.03875,85.80699999999999,79.695,72.3475,64.2245,69.32232779705488,68.0609766986763,0.6450000000000102,0.0068910256410257276,0.5387499999999932,0.006228323699421834,0.8969999999999914,0.010564126722411915,6.125,0.08325404376784018,3.0974999999999966,0.04472924187725624,-1.0655000000000001,-0.016319497625976398,-2.9650383360068844,-0.04101737958675988,0.0,0.0
2020-08-26,94.245,87.03875,85.80699999999999,79.695,72.3475,64.2245,68.76722216775929,68.0609766986763,0.0,0.0,0.0,0.0,0.0,0.0,0.0,0.0,0.0,0.0,0.0,0.0,-0.5551056292955963,-0.008007602268070069,0.0,0.0
2020-09-02,94.245,87.03875,85.80699999999999,79.695,72.3475,64.2245,68.05882246423191,68.0609766986763,0.0,0.0,0.0,0.0,0.0,0.0,0.0,0.0,0.0,0.0,0.0,0.0,-0.7083997035273768,-0.01030141513931182,0.0,0.0
2020-09-09,94.245,87.03875,85.80699999999999,79.695,72.3475,64.2245,67.34698847390911,68.0609766986763,0.0,0.0,0.0,0.0,0.0,0.0,0.0,0.0,0.0,0.0,0.0,0.0,-0.7118339903228019,-0.010459099416492368,0.0,0.0
2020-09-15,93.7,85.17,82.298,71.376,66.8025,63.569,72.28736613306177,68.0609766986763,-0.5450000000000017,-0.005782800148549039,-1.8687499999999915,-0.021470322126638908,-3.508999999999986,-0.040894099548987706,-8.318999999999988,-0.10438546960286077,-5.545000000000002,-0.07664397525830202,-0.6555000000000035,-0.010206385413666141,4.940377659152659,0.07335706868417158,0.0,0.0
2020-09-16,94.245,87.03875,85.80699999999999,79.695,72.3475,64.2245,66.69010307231297,68.0609766986763,0.5450000000000017,0.005816435432230538,1.8687499999999915,0.02194141129505689,3.508999999999986,0.042637731172081805,8.318999999999988,0.11655178211163397,5.545000000000002,0.0830058755286105,0.6555000000000035,0.010311629882489903,-5.597263060748801,-0.07743072351599767,0.0,0.0
2020-09-23,94.245,87.03875,85.80699999999999,79.695,72.3475,64.2245,65.68385704125578,68.0609766986763,0.0,0.0,0.0,0.0,0.0,0.0,0.0,0.0,0.0,0.0,0.0,0.0,-1.006246031057188,-0.01508838620276387,0.0,0.0
2020-09-30,94.245,87.03875,85.80699999999999,79.695,72.3475,64.2245,64.79187909811883,68.0609766986763,0.0,0.0,0.0,0.0,0.0,0.0,0.0,0.0,0.0,0.0,0.0,0.0,-0.8919779431369506,-0.013579865484706577,0.0,0.0
