datetime,high,moderately_high,normal,moderately_low,low,very_low,2024_2025,2025_2026,high_change,high_pct_change,moderately_high_change,moderately_high_pct_change,normal_change,normal_pct_change,moderately_low_change,moderately_low_pct_change,low_change,low_pct_change,very_low_change,very_low_pct_change,2024_2025_change,2024_2025_pct_change,2025_2026_change,2025_2026_pct_change
2020-10-01,96.64,88.39750000000001,85.739,79.11600000000001,69.28750000000001,64.29999999999998,64.67352108683313,63.92671981277517,,,,,,,,,,,,,,,,
2020-10-08,96.64,88.39750000000001,85.739,79.11600000000001,69.28750000000001,64.29999999999998,63.82768746991096,63.278295245011385,0.0,0.0,0.0,0.0,0.0,0.0,0.0,0.0,0.0,0.0,0.0,0.0,-0.845833616922171,-0.013078515019872228,-0.648424567763783,-0.010143247919850329
2020-10-15,90.99,84.02000000000001,79.47,70.61,64.17,61.1,62.86761698585761,62.63293031457443,-5.650000000000006,-0.05846440397350994,-4.377499999999998,-0.04952063123957118,-6.2690000000000055,-0.07311725119257284,-8.506000000000014,-0.10751301885838527,-5.117500000000007,-0.0738589211618258,-3.1999999999999815,-0.04976671850699821,-0.9600704840533538,-0.015041599063195576,-0.6453649304369549,-0.010198835602920786
2020-10-22,96.64,88.39750000000001,85.739,79.11600000000001,69.28750000000001,64.29999999999998,61.85700004433352,61.8518486141404,5.650000000000006,0.062094735685240154,4.377499999999998,0.0521006903118304,6.2690000000000055,0.07888511387945152,8.506000000000014,0.12046452343860659,5.117500000000007,0.07974910394265233,3.1999999999999815,0.05237315875613713,-1.0106169415240913,-0.016075318104572522,-0.7810817004340294,-0.012470783284624254
2020-10-29,96.64,88.39750000000001,85.739,79.11600000000001,69.28750000000001,64.29999999999998,60.94619596539987,61.12830682792413,0.0,0.0,0.0,0.0,0.0,0.0,0.0,0.0,0.0,0.0,0.0,0.0,-0.9108040789336442,-0.014724349358696043,-0.7235417862162734,-0.011697981587099338
2020-11-05,96.64,88.39750000000001,85.739,79.11600000000001,69.28750000000001,64.29999999999998,60.117315236931454,60.94738235538375,0.0,0.0,0.0,0.0,0.0,0.0,0.0,0.0,0.0,0.0,0.0,0.0,-0.8288807284684196,-0.013600204497406065,-0.1809244725403758,-0.00295974945044164
2020-11-12,96.64,88.39750000000001,85.739,79.11600000000001,69.28750000000001,64.29999999999998,59.45003331258192,61.56555397855882,0.0,0.0,0.0,0.0,0.0,0.0,0.0,0.0,0.0,0.0,0.0,0.0,-0.6672819243495312,-0.011099662746409611,0.6181716231750656,0.01014270997842881
2020-11-15,97.01,83.98249999999999,77.818,69.402,61.73,58.628,85.97902462508516,91.37486676528276,0.37000000000000455,0.0038286423841060735,-4.4150000000000205,-0.04994485138154381,-7.9210000000000065,-0.09238502898330991,-9.714000000000013,-0.12278173820718963,-7.557500000000012,-0.10907450838895916,-5.671999999999983,-0.08821150855365445,26.528991312503237,0.446240142087333,29.809312786723943,0.4841881679015754
2020-11-19,96.64,88.39750000000001,85.739,79.11600000000001,69.28750000000001,64.29999999999998,58.61962276545009,62.35344181100558,-0.37000000000000455,-0.003814039789712398,4.4150000000000205,0.05257047599202247,7.9210000000000065,0.1017887892261431,9.714000000000013,0.13996714792080933,7.557500000000012,0.12242831686376165,5.671999999999983,0.09674558231561692,-27.35940185963507,-0.31821019113599847,-29.02142495427718,-0.3176083969438265
2020-11-26,96.64,88.39750000000001,85.739,79.11600000000001,69.28750000000001,64.29999999999998,58.229300460756406,62.54054799977772,0.0,0.0,0.0,0.0,0.0,0.0,0.0,0.0,0.0,0.0,0.0,0.0,-0.390322304693683,-0.006658560500388155,0.18710618877214102,0.003000735538212451
2020-12-03,96.64,88.39750000000001,85.739,79.11600000000001,69.28750000000001,64.29999999999998,57.387119676153006,62.368833660006864,0.0,0.0,0.0,0.0,0.0,0.0,0.0,0.0,0.0,0.0,0.0,0.0,-0.8421807846034,-0.014463178811000565,-0.17171433977085826,-0.002745648147685964
2020-12-10,96.64,88.39750000000001,85.739,79.11600000000001,69.28750000000001,64.29999999999998,56.56236009183907,62.57454743905234,0.0,0.0,0.0,0.0,0.0,0.0,0.0,0.0,0.0,0.0,0.0,0.0,-0.8247595843139379,-0.01437185885906489,0.2057137790454746,0.0032983425690928936
2020-12-15,98.3,83.36500000000001,80.67,66.3,60.11,57.87,85.97902462508516,91.37486676528276,1.6599999999999966,0.01717715231788075,-5.032499999999999,-0.05693034305268807,-5.069000000000003,-0.059121286695669406,-12.816000000000017,-0.16198998938267883,-9.177500000000009,-0.13245534908894108,-6.4299999999999855,-0.09999999999999976,29.41666453324609,0.5200749135199256,28.800319326230422,0.46025613456145176
2020-12-17,96.64,88.39750000000001,85.739,79.11600000000001,69.28750000000001,64.29999999999998,59.3991122056426,63.87514306926582,-1.6599999999999966,-0.01688708036622577,5.032499999999999,0.06036706051700347,5.069000000000003,0.06283624643609764,12.816000000000017,0.19330316742081477,9.177500000000009,0.15267842289136602,6.4299999999999855,0.11111111111111094,-26.579912419442557,-0.30914414923110944,-27.499723696016943,-0.3009550073178905
2020-12-24,96.64,88.39750000000001,85.739,79.11600000000001,69.28750000000001,64.29999999999998,59.27329242577414,66.03755736039469,0.0,0.0,0.0,0.0,0.0,0.0,0.0,0.0,0.0,0.0,0.0,0.0,-0.12581977986846482,-0.0021182097710967795,2.1624142911288686,0.03385376826137132
2020-12-31,96.64,88.39750000000001,85.739,79.11600000000001,69.28750000000001,64.29999999999998,59.21865604493796,68.44293183190477,0.0,0.0,0.0,0.0,0.0,0.0,0.0,0.0,0.0,0.0,0.0,0.0,-0.054636380836178944,-0.00092177064239507,2.405374471510086,0.03642434044589127
2021-01-07,96.64,88.39750000000001,85.739,79.11600000000001,69.28750000000001,64.29999999999998,59.30857191739979,70.9526774012065,0.0,0.0,0.0,0.0,0.0,0.0,0.0,0.0,0.0,0.0,0.0,0.0,0.0899158724618303,0.0015183707038808336,2.509745569301728,0.0366691709739384
2021-01-14,96.64,88.39750000000001,85.739,79.11600000000001,69.28750000000001,64.29999999999998,60.27207668824857,74.11140951247489,0.0,0.0,0.0,0.0,0.0,0.0,0.0,0.0,0.0,0.0,0.0,0.0,0.963504770848779,0.016245624193930608,3.1587321112683924,0.04451885717303017
2021-01-15,97.4,85.0925,82.648,76.876,60.33,57.008,85.97902462508516,91.37486676528276,0.7600000000000051,0.007864238410596025,-3.305000000000007,-0.03738793517916239,-3.091000000000008,-0.03605127188327373,-2.240000000000009,-0.02831285707063058,-8.95750000000001,-0.12928017319141272,-7.29199999999998,-0.11340590979782239,25.706947936836592,0.4265150522322845,17.263457252807868,0.23293926490363104
2021-01-21,96.64,88.39750000000001,85.739,79.11600000000001,69.28750000000001,64.29999999999998,61.24001481114233,76.65605992393367,-0.7600000000000051,-0.007802874743326527,3.305000000000007,0.03884008578899434,3.091000000000008,0.03739957409737693,2.240000000000009,0.029137832353400395,8.95750000000001,0.14847505387037985,7.29199999999998,0.12791187201796195,-24.73900981394283,-0.28773308282826227,-14.718806841349092,-0.16108156829555453
2021-01-28,96.64,88.39750000000001,85.739,79.11600000000001,69.28750000000001,64.29999999999998,61.90167699346299,80.25946973363048,0.0,0.0,0.0,0.0,0.0,0.0,0.0,0.0,0.0,0.0,0.0,0.0,0.6616621823206614,0.010804409247142654,3.6034098096968137,0.04700750094999018
2021-02-04,96.64,88.39750000000001,85.739,79.11600000000001,69.28750000000001,64.29999999999998,61.9882210207075,85.68689170195137,0.0,0.0,0.0,0.0,0.0,0.0,0.0,0.0,0.0,0.0,0.0,0.0,0.08654402724450705,0.0013980885728450687,5.4274219683208855,0.06762344663294817
2021-02-11,96.64,88.39750000000001,85.739,79.11600000000001,69.28750000000001,64.29999999999998,62.61163773644285,87.57481281575926,0.0,0.0,0.0,0.0,0.0,0.0,0.0,0.0,0.0,0.0,0.0,0.0,0.6234167157353525,0.010057018986350696,1.8879211138078915,0.0220327879365112
2021-02-15,98.7,86.64,85.838,80.71,63.94,58.791,85.97902462508516,91.37486676528276,2.0600000000000023,0.021316225165562974,-1.7575000000000074,-0.01988178398710383,0.09899999999998954,0.0011546670709943196,1.5939999999999799,0.020147631326153714,-5.347500000000011,-0.07717842323651469,-5.508999999999986,-0.0856765163297043,23.367386888642308,0.3732115583209128,3.8000539495235017,0.043392087603065566
2021-02-18,96.64,88.39750000000001,85.739,79.11600000000001,69.28750000000001,64.29999999999998,64.06996079293312,86.78127402049458,-2.0600000000000023,-0.02087132725430596,1.7575000000000074,0.020285087719298378,-0.09899999999998954,-0.0011533353526409496,-1.5939999999999799,-0.01974972122413554,5.347500000000011,0.08363309352518011,5.508999999999986,0.09370481876477665,-21.909063832152043,-0.2548187063959769,-4.593592744788182,-0.05027195012593422
2021-02-25,96.64,88.39750000000001,85.739,79.11600000000001,69.28750000000001,64.29999999999998,64.83162316257851,86.14618072965482,0.0,0.0,0.0,0.0,0.0,0.0,0.0,0.0,0.0,0.0,0.0,0.0,0.7616623696453928,0.011887979331016041,-0.6350932908397624,-0.007318321815484974
2021-03-04,96.64,88.39750000000001,85.739,79.11600000000001,69.28750000000001,64.29999999999998,65.52928291467298,85.96943984284704,0.0,0.0,0.0,0.0,0.0,0.0,0.0,0.0,0.0,0.0,0.0,0.0,0.6976597520944665,0.010761102654254673,-0.176740886807778,-0.002051639263758287
2021-03-11,96.64,88.39750000000001,85.739,79.11600000000001,69.28750000000001,64.29999999999998,65.87277403579276,85.57552714741271,0.0,0.0,0.0,0.0,0.0,0.0,0.0,0.0,0.0,0.0,0.0,0.0,0.34349112111978286,0.005241795817711781,-0.3939126954343237,-0.004582008399198645
2021-03-15,94.56,89.1625,85.97,80.1,66.9625,64.49099999999999,85.97902462508516,91.37486676528276,-2.0799999999999983,-0.021523178807946963,0.7649999999999864,0.008654090896235589,0.23099999999999454,0.0026942231656539306,0.9839999999999804,0.012437433641740991,-2.325000000000003,-0.03355583618978897,0.1910000000000025,0.0029704510108865545,20.1062505892924,0.30522853915894643,5.7993396178700465,0.06776866951552729
2021-03-18,96.64,88.39750000000001,85.739,79.11600000000001,69.28750000000001,64.29999999999998,66.34470748306116,85.32807117340838,2.0799999999999983,0.021996615905245376,-0.7649999999999864,-0.008579840179447462,-0.23099999999999454,-0.0026869838315690675,-0.9839999999999804,-0.012284644194756278,2.325000000000003,0.034720925891357224,-0.1910000000000025,-0.0029616535640631936,-19.634317142024003,-0.22836171063396216,-6.046795591874385,-0.0661756980440471
2021-03-25,96.64,88.39750000000001,85.739,79.11600000000001,69.28750000000001,64.29999999999998,66.85357512377482,85.48395657313127,0.0,0.0,0.0,0.0,0.0,0.0,0.0,0.0,0.0,0.0,0.0,0.0,0.5088676407136603,0.007670056286608551,0.15588539972289084,0.001826894685174496
2021-04-01,96.64,88.39750000000001,85.739,79.11600000000001,69.28750000000001,64.29999999999998,67.0244777230304,85.90983935655203,0.0,0.0,0.0,0.0,0.0,0.0,0.0,0.0,0.0,0.0,0.0,0.0,0.1709025992555837,0.002556371875986674,0.4258827834207608,0.004982020024499212
2021-04-08,96.64,88.39750000000001,85.739,79.11600000000001,69.28750000000001,64.29999999999998,67.31576768485986,85.96147854163948,0.0,0.0,0.0,0.0,0.0,0.0,0.0,0.0,0.0,0.0,0.0,0.0,0.2912899618294631,0.004346023598023052,0.05163918508745269,0.0006010858066343161
2021-04-15,93.9,89.74499999999999,86.564,79.858,73.2075,67.63600000000001,67.8956313998715,85.64558659803922,-2.739999999999995,-0.028352649006622488,1.3474999999999824,0.015243643768205972,0.8249999999999886,0.009622225591620959,0.7419999999999902,0.009378633904646216,3.9199999999999875,0.05657586144686966,3.336000000000027,0.051881804043546254,0.5798637150116406,0.008614084559301016,-0.3158919436002634,-0.0036748081694203405
2021-04-22,96.64,88.39750000000001,85.739,79.11600000000001,69.28750000000001,64.29999999999998,68.84330723067231,85.28751536843342,2.739999999999995,0.0291799787007454,-1.3474999999999824,-0.015014764053707497,-0.8249999999999886,-0.00953052077075911,-0.7419999999999902,-0.009291492399008172,-3.9199999999999875,-0.05354642625414041,-3.336000000000027,-0.04932284582175217,0.9476758308008044,0.013957832208959964,-0.3580712296057982,-0.004180848585769392
2021-04-29,96.64,88.39750000000001,85.739,79.11600000000001,69.28750000000001,64.29999999999998,69.50150390540851,85.1512678450225,0.0,0.0,0.0,0.0,0.0,0.0,0.0,0.0,0.0,0.0,0.0,0.0,0.6581966747362031,0.009560793942260615,-0.1362475234109155,-0.0015975084140080753
2021-05-06,96.64,88.39750000000001,85.739,79.11600000000001,69.28750000000001,64.29999999999998,70.50437809124837,85.03959108259336,0.0,0.0,0.0,0.0,0.0,0.0,0.0,0.0,0.0,0.0,0.0,0.0,1.0028741858398575,0.014429532160984193,-0.11167676242914126,-0.001311510271724825
2021-05-13,96.64,88.39750000000001,85.739,79.11600000000001,69.28750000000001,64.29999999999998,70.69507467076117,84.91139852275715,0.0,0.0,0.0,0.0,0.0,0.0,0.0,0.0,0.0,0.0,0.0,0.0,0.19069657951280305,0.002704748055021522,-0.12819255983620792,-0.001507445628609605
2021-05-15,93.5,89.29,86.5,78.476,73.4525,68.5,85.97902462508516,91.37486676528276,-3.1400000000000006,-0.0324917218543046,0.8924999999999983,0.01009643937894178,0.7609999999999957,0.008875774151786198,-0.6400000000000148,-0.008089387734465991,4.164999999999992,0.06011185278729925,4.200000000000017,0.06531881804043582,15.283949954323987,0.2161954001110249,6.463468242525607,0.07612014823655655
2021-05-20,96.64,88.39750000000001,85.739,79.11600000000001,69.28750000000001,64.29999999999998,70.4788394858061,84.69172905100665,3.1400000000000006,0.03358288770053486,-0.8924999999999983,-0.009995520215029696,-0.7609999999999957,-0.008797687861271664,0.6400000000000148,0.008155359600387602,-4.164999999999992,-0.056703311664000444,-4.200000000000017,-0.06131386861313892,-15.500185139279054,-0.18027868083952114,-6.683137714276114,-0.07313978067342397
2021-05-27,96.64,88.39750000000001,85.739,79.11600000000001,69.28750000000001,64.29999999999998,70.21583555885525,84.48810706482747,0.0,0.0,0.0,0.0,0.0,0.0,0.0,0.0,0.0,0.0,0.0,0.0,-0.2630039269508586,-0.003731672213527659,-0.20362198617917215,-0.002404272394256335
2021-06-03,96.64,88.39750000000001,85.739,79.11600000000001,69.28750000000001,64.29999999999998,69.97746483446427,84.19144712728155,0.0,0.0,0.0,0.0,0.0,0.0,0.0,0.0,0.0,0.0,0.0,0.0,-0.2383707243909754,-0.0033948285667151357,-0.29665993754592535,-0.0035112626836141247
2021-06-10,96.64,88.39750000000001,85.739,79.11600000000001,69.28750000000001,64.29999999999998,69.73909411007327,83.95039141503231,0.0,0.0,0.0,0.0,0.0,0.0,0.0,0.0,0.0,0.0,0.0,0.0,-0.23837072439100382,-0.0034063926859151383,-0.24105571224923494,-0.00286318528157381
2021-06-15,95.6,88.845,86.364,76.288,72.4975,67.8,85.97902462508516,91.37486676528276,-1.0400000000000063,-0.010761589403973537,0.4474999999999909,0.005062360360869933,0.625,0.007289564842137164,-2.828000000000017,-0.035744982051671204,3.2099999999999937,0.046328702868482674,3.500000000000014,0.054432348367029704,16.239930515011892,0.2328669553604965,7.424475350250447,0.08843884138128044
2021-06-17,96.64,88.39750000000001,85.739,79.11600000000001,69.28750000000001,64.29999999999998,69.50072338568228,83.75448096374829,1.0400000000000063,0.01087866108786617,-0.4474999999999909,-0.005036861950587945,-0.625,-0.007236811634477314,2.828000000000017,0.03707005033557076,-3.2099999999999937,-0.044277388875478385,-3.500000000000014,-0.051622418879056275,-16.47830123940288,-0.19165489852039086,-7.620385801534468,-0.08339695663917268
2021-06-24,96.64,88.39750000000001,85.739,79.11600000000001,69.28750000000001,64.29999999999998,69.30393875230487,83.47074643286876,0.0,0.0,0.0,0.0,0.0,0.0,0.0,0.0,0.0,0.0,0.0,0.0,-0.19678463337740482,-0.002831404103312507,-0.2837345308795278,-0.0033876937402589347
2021-07-01,96.64,88.39750000000001,85.739,79.11600000000001,69.28750000000001,64.29999999999998,69.15788790113251,83.46593843135517,0.0,0.0,0.0,0.0,0.0,0.0,0.0,0.0,0.0,0.0,0.0,0.0,-0.14605085117236172,-0.002107396113435245,-0.004808001513595173,-5.760103651952786e-05
2021-07-08,96.64,88.39750000000001,85.739,79.11600000000001,69.28750000000001,64.29999999999998,68.9761204672878,83.607836917584,0.0,0.0,0.0,0.0,0.0,0.0,0.0,0.0,0.0,0.0,0.0,0.0,-0.18176743384471195,-0.002628296487373394,0.1418984862288255,0.001700076568905029
2021-07-15,93.93,87.75500000000001,86.246,75.334,71.1525,66.59100000000001,69.01592697332558,83.30483915986106,-2.7099999999999937,-0.028042218543046338,-0.6424999999999983,-0.007268305099126127,0.5069999999999908,0.005913294999941643,-3.7820000000000107,-0.04780322564335926,1.8649999999999949,0.026916832040411176,2.2910000000000252,0.03562986003110469,0.03980650603777747,0.0005771056094210358,-0.3029977577229346,-0.003624035364311773
2021-07-22,96.64,88.39750000000001,85.739,79.11600000000001,69.28750000000001,64.29999999999998,68.88720366007554,82.91286215334777,2.7099999999999937,0.028851272223996416,0.6424999999999983,0.0073215201413023845,-0.5069999999999908,-0.005878533497205574,3.7820000000000107,0.0502030955478272,-1.8649999999999949,-0.026211306700396952,-2.2910000000000252,-0.03440404859515589,-0.12872331325003472,-0.001865124745767499,-0.3919770065132866,-0.004705332973047205
2021-07-29,96.64,88.39750000000001,85.739,79.11600000000001,69.28750000000001,64.29999999999998,68.46375609820062,82.53081335775215,0.0,0.0,0.0,0.0,0.0,0.0,0.0,0.0,0.0,0.0,0.0,0.0,-0.42344756187492294,-0.006146969819887382,-0.38204879559562244,-0.004607835089434298
2021-08-05,96.64,88.39750000000001,85.739,79.11600000000001,69.28750000000001,64.29999999999998,68.03624983374931,82.06481186040313,0.0,0.0,0.0,0.0,0.0,0.0,0.0,0.0,0.0,0.0,0.0,0.0,-0.4275062644513099,-0.006244271258476042,-0.4660014973490263,-0.005646394096820773
2021-08-12,96.64,88.39750000000001,85.739,79.11600000000001,69.28750000000001,64.29999999999998,67.67889668229164,81.70468005872006,0.0,0.0,0.0,0.0,0.0,0.0,0.0,0.0,0.0,0.0,0.0,0.0,-0.3573531514576729,-0.005252393427487401,-0.36013180168306747,-0.004388382712625649
2021-08-15,93.6,86.4325,84.37,73.958,69.58,65.312,85.97902462508516,91.37486676528276,-3.0400000000000063,-0.03145695364238421,-1.9650000000000034,-0.022229135439350678,-1.3689999999999998,-0.015967062830217316,-5.1580000000000155,-0.06519540927246092,0.29249999999998977,0.004221540681941027,1.0120000000000147,0.015738724727838438,18.300127942793523,0.27039636932470557,9.670186706562703,0.11835535858671586
2021-08-19,96.64,88.39750000000001,85.739,79.11600000000001,69.28750000000001,64.29999999999998,67.23977628431399,81.42185093072294,3.0400000000000063,0.032478632478632585,1.9650000000000034,0.022734503803546247,1.3689999999999998,0.016226146734621416,5.1580000000000155,0.06974228616241662,-0.29249999999998977,-0.004203794193733734,-1.0120000000000147,-0.01549485546300855,-18.73924834077117,-0.21795139480221348,-9.953015834559821,-0.10892509271861828
2021-08-26,96.64,88.39750000000001,85.739,79.11600000000001,69.28750000000001,64.29999999999998,66.76034984767377,81.14742019498009,0.0,0.0,0.0,0.0,0.0,0.0,0.0,0.0,0.0,0.0,0.0,0.0,-0.47942643664022455,-0.007130101602555006,-0.2744307357428539,-0.0033704801918142957
2021-09-02,96.64,88.39750000000001,85.739,79.11600000000001,69.28750000000001,64.29999999999998,66.44292808541009,80.81317042741884,0.0,0.0,0.0,0.0,0.0,0.0,0.0,0.0,0.0,0.0,0.0,0.0,-0.31742176226367746,-0.00475464497996092,-0.33424976756124636,-0.004119043670866129
2021-09-09,96.64,88.39750000000001,85.739,79.11600000000001,69.28750000000001,64.29999999999998,66.01386078150631,80.38291673353119,0.0,0.0,0.0,0.0,0.0,0.0,0.0,0.0,0.0,0.0,0.0,0.0,-0.42906730390377845,-0.006457682047850577,-0.43025369388765,-0.0053240541314250045
2021-09-15,93.7,84.82499999999999,82.0,71.818,67.1,63.703,85.97902462508516,91.37486676528276,-2.9399999999999977,-0.0304221854304636,-3.5725000000000193,-0.040414038858565204,-3.7390000000000043,-0.043609092711601516,-7.298000000000016,-0.09224429950958102,-2.187500000000014,-0.03157135125383381,-0.59699999999998,-0.009284603421461535,19.96516384357885,0.30243896671427617,10.991950031751571,0.13674485174741546
2021-09-16,96.64,88.39750000000001,85.739,79.11600000000001,69.28750000000001,64.29999999999998,65.45791219090638,79.8030217977305,2.9399999999999977,0.031376734258271144,3.5725000000000193,0.04211612142646648,3.7390000000000043,0.04559756097560985,7.298000000000016,0.10161797877969336,2.187500000000014,0.03260059612518651,0.59699999999998,0.009371615151562374,-20.521112434178775,-0.2386757994017945,-11.571844967552266,-0.1266414428518643
2021-09-23,96.64,88.39750000000001,85.739,79.11600000000001,69.28750000000001,64.29999999999998,64.76668392135608,79.10611134457324,0.0,0.0,0.0,0.0,0.0,0.0,0.0,0.0,0.0,0.0,0.0,0.0,-0.691228269550308,-0.010559888734830936,-0.6969104531572583,-0.00873288300941355
2021-09-30,96.64,88.39750000000001,85.739,79.11600000000001,69.28750000000001,64.29999999999998,64.02465942802267,78.70467443897805,0.0,0.0,0.0,0.0,0.0,0.0,0.0,0.0,0.0,0.0,0.0,0.0,-0.7420244933334033,-0.011456885676506379,-0.4014369055951903,-0.005074663622973374
2021-10-07,96.64,88.39750000000001,85.739,79.11600000000001,69.28750000000001,64.29999999999998,63.36384020700633,78.99162471112966,0.0,0.0,0.0,0.0,0.0,0.0,0.0,0.0,0.0,0.0,0.0,0.0,-0.6608192210163466,-0.010321323485668055,0.28695027215161417,0.0036459114302556106
2021-10-14,96.64,88.39750000000001,85.739,79.11600000000001,69.28750000000001,64.29999999999998,62.73399200872684,79.19758825648753,0.0,0.0,0.0,0.0,0.0,0.0,0.0,0.0,0.0,0.0,0.0,0.0,-0.6298481982794897,-0.009940183489854926,0.20596354535787498,0.002607409913532921
2021-10-15,90.99,82.935,79.106,72.04,64.29,61.19,85.97902462508516,91.37486676528276,-5.650000000000006,-0.05846440397350994,-5.462500000000006,-0.061794734013971064,-6.63300000000001,-0.07736269375663363,-7.076000000000008,-0.08943829313918816,-4.997500000000002,-0.07212700703590114,-3.109999999999985,-0.04836702954898886,23.245032616358323,0.37053329259079737,12.177278508795226,0.15375819866329965
2021-10-21,96.64,88.39750000000001,85.739,79.11600000000001,69.28750000000001,64.29999999999998,61.97744984848551,78.70033474930018,5.650000000000006,0.062094735685240154,5.462500000000006,0.06586483390607101,6.63300000000001,0.08384951836775989,7.076000000000008,0.0982232093281512,4.997500000000002,0.07773370664177937,3.109999999999985,0.05082529825134796,-24.001574776599647,-0.27915616490486417,-12.674532015982578,-0.13870917096426538
2021-10-28,96.64,88.39750000000001,85.739,79.11600000000001,69.28750000000001,64.29999999999998,61.2020191108694,78.27301580958316,0.0,0.0,0.0,0.0,0.0,0.0,0.0,0.0,0.0,0.0,0.0,0.0,-0.7754307376161123,-0.012511497964369012,-0.4273189397170256,-0.00542969659631376
2021-11-04,96.64,88.39750000000001,85.739,79.11600000000001,69.28750000000001,64.29999999999998,60.90938665511082,78.06976847287257,0.0,0.0,0.0,0.0,0.0,0.0,0.0,0.0,0.0,0.0,0.0,0.0,-0.29263245575857866,-0.004781418325896514,-0.20324733671058937,-0.002596646297684968
2021-11-11,96.64,88.39750000000001,85.739,79.11600000000001,69.28750000000001,64.29999999999998,61.41016811146072,77.96452319298757,0.0,0.0,0.0,0.0,0.0,0.0,0.0,0.0,0.0,0.0,0.0,0.0,0.5007814563498982,0.008221745183307982,-0.10524527988499699,-0.0013480926348791167
2021-11-15,97.01,83.5925,77.8,71.142,62.13,58.66,85.97902462508516,91.37486676528276,0.37000000000000455,0.0038286423841060735,-4.805000000000007,-0.054356740858055974,-7.939000000000007,-0.09259496845076343,-7.974000000000018,-0.1007887153041106,-7.157500000000006,-0.1033014613025438,-5.639999999999986,-0.08771384136858462,24.56885651362444,0.40007798820924023,13.41034357229519,0.1720057152033141
2021-11-18,96.64,88.39750000000001,85.739,79.11600000000001,69.28750000000001,64.29999999999998,62.29799368965412,77.708668826729,-0.37000000000000455,-0.003814039789712398,4.805000000000007,0.05748123336423738,7.939000000000007,0.10204370179948596,7.974000000000018,0.112085687779371,7.157500000000006,0.11520199581522617,5.639999999999986,0.09614728946471174,-23.68103093543104,-0.27542800163985437,-13.666197938553765,-0.14956189182369506
2021-11-25,96.64,88.39750000000001,85.739,79.11600000000001,69.28750000000001,64.29999999999998,62.552099691725935,77.80957441693616,0.0,0.0,0.0,0.0,0.0,0.0,0.0,0.0,0.0,0.0,0.0,0.0,0.2541060020718149,0.004078879383141665,0.10090559020716228,0.00129851137242043
2021-12-02,96.64,88.39750000000001,85.739,79.11600000000001,69.28750000000001,64.29999999999998,62.41066951733284,79.35128820097695,0.0,0.0,0.0,0.0,0.0,0.0,0.0,0.0,0.0,0.0,0.0,0.0,-0.14143017439309347,-0.002260998033480899,1.5417137840407946,0.019813934153908308
2021-12-09,96.64,88.39750000000001,85.739,79.11600000000001,69.28750000000001,64.29999999999998,62.45019503626919,82.52744151253484,0.0,0.0,0.0,0.0,0.0,0.0,0.0,0.0,0.0,0.0,0.0,0.0,0.039525518936351034,0.0006333134901777004,3.176153311557883,0.040026487074960704
2021-12-15,98.3,83.6,80.936,67.364,60.3025,58.004,85.97902462508516,91.37486676528276,1.6599999999999966,0.01717715231788075,-4.797500000000014,-0.0542718968296616,-4.802999999999997,-0.056018847898855806,-11.75200000000001,-0.14854138227412927,-8.985000000000007,-0.12967707017860375,-6.295999999999985,-0.0979160186625192,23.528829588815967,0.37676150691204624,8.847425252747925,0.10720585893122725
2021-12-16,96.64,88.39750000000001,85.739,79.11600000000001,69.28750000000001,64.29999999999998,63.60739358237949,86.5794316192912,-1.6599999999999966,-0.01688708036622577,4.797500000000014,0.057386363636363846,4.802999999999997,0.05934318473855882,11.75200000000001,0.17445519862240966,8.985000000000007,0.14899879772812086,6.295999999999985,0.108544238328391,-22.371631042705673,-0.26019870707138204,-4.795435145991561,-0.05248089891402774
2021-12-23,96.64,88.39750000000001,85.739,79.11600000000001,69.28750000000001,64.29999999999998,65.67374150560383,90.45536769659888,0.0,0.0,0.0,0.0,0.0,0.0,0.0,0.0,0.0,0.0,0.0,0.0,2.066347923224342,0.03248597068433812,3.875936077307685,0.04476740034920801
2021-12-30,96.64,88.39750000000001,85.739,79.11600000000001,69.28750000000001,64.29999999999998,68.12622814778922,93.0578077885878,0.0,0.0,0.0,0.0,0.0,0.0,0.0,0.0,0.0,0.0,0.0,0.0,2.4524866421853915,0.03734348897993156,2.6024400919889104,0.028770432957808456
2022-01-06,96.64,88.39750000000001,85.739,79.11600000000001,69.28750000000001,64.29999999999998,70.53837753052301,93.32209176788967,0.0,0.0,0.0,0.0,0.0,0.0,0.0,0.0,0.0,0.0,0.0,0.0,2.412149382733787,0.03540705904781638,0.2642839793018794,0.002839997906487257
2022-01-13,96.64,88.39750000000001,85.739,79.11600000000001,69.28750000000001,64.29999999999998,73.61090904322644,93.5817238496232,0.0,0.0,0.0,0.0,0.0,0.0,0.0,0.0,0.0,0.0,0.0,0.0,3.072531512703435,0.04355829578549497,0.25963208173352825,0.0027821073961702414
2022-01-15,97.4,86.1,83.17,77.21,60.955,57.26,85.97902462508516,91.37486676528276,0.7600000000000051,0.007864238410596025,-2.2975000000000136,-0.02599055403150552,-2.5690000000000026,-0.02996302732712075,-1.9060000000000201,-0.024091207846706375,-8.33250000000001,-0.12025978711888885,-7.039999999999985,-0.10948678071539641,12.368115581858717,0.16802014460378145,-2.2068570843404416,-0.023582137553766924
2022-01-20,96.64,88.39750000000001,85.739,79.11600000000001,69.28750000000001,64.29999999999998,76.4751978929714,95.18310056153712,-0.7600000000000051,-0.007802874743326527,2.2975000000000136,0.026684088269454342,2.5690000000000026,0.03088854154142129,1.9060000000000201,0.024685921512757725,8.33250000000001,0.13669920433106397,7.039999999999985,0.12294795668878766,-9.503826732113765,-0.11053657300202657,3.808233796254356,0.04167703802005729
2022-01-27,96.64,88.39750000000001,85.739,79.11600000000001,69.28750000000001,64.29999999999998,79.29946169115522,94.75334640027424,0.0,0.0,0.0,0.0,0.0,0.0,0.0,0.0,0.0,0.0,0.0,0.0,2.8242637981838215,0.0369304542648774,-0.4297541612628777,-0.004515025868326639
2022-02-03,96.64,88.39750000000001,85.739,79.11600000000001,69.28750000000001,64.29999999999998,85.1577305483557,93.90170571658892,0.0,0.0,0.0,0.0,0.0,0.0,0.0,0.0,0.0,0.0,0.0,0.0,5.8582688572004855,0.07387526639230502,-0.8516406836853179,-0.008987974736930804
2022-02-10,96.64,88.39750000000001,85.739,79.11600000000001,69.28750000000001,64.29999999999998,87.65102276182847,93.77619814461094,0.0,0.0,0.0,0.0,0.0,0.0,0.0,0.0,0.0,0.0,0.0,0.0,2.4932922134727704,0.02927851878411647,-0.1255075719779768,-0.0013365845808678278
2022-02-15,98.7,87.35249999999999,86.078,81.436,64.1,58.923,85.97902462508516,91.37486676528276,2.0600000000000023,0.021316225165562974,-1.045000000000016,-0.011821601289629391,0.33899999999999864,0.003953859970375229,2.319999999999993,0.029324030537438706,-5.187500000000014,-0.07486920440194855,-5.376999999999981,-0.08362363919129057,-1.671998136743312,-0.0190756260915127,-2.401331379328184,-0.025607045570616216
2022-02-17,96.64,88.39750000000001,85.739,79.11600000000001,69.28750000000001,64.29999999999998,86.9441528769645,93.25493585064476,-2.0600000000000023,-0.02087132725430596,1.045000000000016,0.011963023382273175,-0.33899999999999864,-0.003938288529008571,-2.319999999999993,-0.028488629107519925,5.187500000000014,0.08092823712948549,5.376999999999981,0.09125468832204708,0.9651282518793352,0.01122515934657109,1.8800690853619955,0.020575341468802133
2022-02-24,96.64,88.39750000000001,85.739,79.11600000000001,69.28750000000001,64.29999999999998,86.14068587078215,92.87778871892984,0.0,0.0,0.0,0.0,0.0,0.0,0.0,0.0,0.0,0.0,0.0,0.0,-0.8034670061823448,-0.009241185054955192,-0.37714713171492065,-0.004044259194161626
2022-03-03,96.64,88.39750000000001,85.739,79.11600000000001,69.28750000000001,64.29999999999998,86.03565913642048,92.82255914310171,0.0,0.0,0.0,0.0,0.0,0.0,0.0,0.0,0.0,0.0,0.0,0.0,-0.10502673436167242,-0.0012192465534720531,-0.055229575828121824,-0.0005946478333507255
2022-03-10,96.64,88.39750000000001,85.739,79.11600000000001,69.28750000000001,64.29999999999998,85.61851817393352,93.62081227751284,0.0,0.0,0.0,0.0,0.0,0.0,0.0,0.0,0.0,0.0,0.0,0.0,-0.417140962486954,-0.004848465934636725,0.7982531344111266,0.008599775116957087
2022-03-15,94.56,90.04,86.102,80.72800000000001,69.11,64.602,85.97902462508516,91.37486676528276,-2.0799999999999983,-0.021523178807946963,1.6424999999999983,0.018580842218388405,0.36299999999999955,0.0042337792603133195,1.6119999999999948,0.020375145356185786,-0.1775000000000091,-0.002561789644596968,0.3020000000000209,0.0046967340590982065,0.36050645115163604,0.004210613064095092,-2.2459455122300795,-0.02398981014576762
2022-03-17,96.64,88.39750000000001,85.739,79.11600000000001,69.28750000000001,64.29999999999998,85.35323512938207,94.46411701052205,2.0799999999999983,0.021996615905245376,-1.6424999999999983,-0.01824189249222563,-0.36299999999999955,-0.004215929943555352,-1.6119999999999948,-0.0199682885739767,0.1775000000000091,0.0025683692663871494,-0.3020000000000209,-0.004674777870654512,-0.6257894957030885,-0.007278397242023504,3.0892502452392847,0.03380853351255464
2022-03-24,96.64,88.39750000000001,85.739,79.11600000000001,69.28750000000001,64.29999999999998,85.39844283192538,94.50560943916848,0.0,0.0,0.0,0.0,0.0,0.0,0.0,0.0,0.0,0.0,0.0,0.0,0.045207702543308415,0.000529654236008481,0.04149242864643554,0.00043924010470353103
2022-03-31,96.64,88.39750000000001,85.739,79.11600000000001,69.28750000000001,64.29999999999998,85.88186552956391,94.31010485814213,0.0,0.0,0.0,0.0,0.0,0.0,0.0,0.0,0.0,0.0,0.0,0.0,0.48342269763853096,0.005660790543803751,-0.1955045810263556,-0.002068708748470649
2022-04-07,96.64,88.39750000000001,85.739,79.11600000000001,69.28750000000001,64.29999999999998,85.98155350899815,94.59327741481876,0.0,0.0,0.0,0.0,0.0,0.0,0.0,0.0,0.0,0.0,0.0,0.0,0.09968797943423624,0.0011607570331586547,0.2831725566766323,0.0030025685699592852
2022-04-14,96.64,88.39750000000001,85.739,79.11600000000001,69.28750000000001,64.29999999999998,85.72413810328712,95.80767244646728,0.0,0.0,0.0,0.0,0.0,0.0,0.0,0.0,0.0,0.0,0.0,0.0,-0.25741540571102917,-0.0029938445539262615,1.2143950316485217,0.012838069097902638
2022-04-15,96.3,90.01,86.916,80.248,73.41499999999999,67.76599999999999,85.97902462508516,91.37486676528276,-0.3400000000000034,-0.0035182119205298124,1.6124999999999972,0.0182414661048107,1.1769999999999925,0.013727708510712588,1.1319999999999908,0.014308104555336376,4.1274999999999835,0.05957062962294768,3.466000000000008,0.05390357698289283,0.25488652179804205,0.0029733343191031825,-4.432805681184519,-0.046267752550416597
2022-04-21,96.64,88.39750000000001,85.739,79.11600000000001,69.28750000000001,64.29999999999998,85.30215791849751,96.47389286398914,0.3400000000000034,0.0035306334371756343,-1.6124999999999972,-0.017914676147094744,-1.1769999999999925,-0.013541810483685301,-1.1319999999999908,-0.014106270561260015,-4.1274999999999835,-0.05622148062385046,-3.466000000000008,-0.05114659268659816,-0.6768667065876457,-0.00787246319133239,5.099026098706375,0.055803376565290996
2022-04-28,96.64,88.39750000000001,85.739,79.11600000000001,69.28750000000001,64.29999999999998,85.17718109993339,96.07582780361123,0.0,0.0,0.0,0.0,0.0,0.0,0.0,0.0,0.0,0.0,0.0,0.0,-0.12497681856412157,-0.0014651073503150203,-0.39806506037790257,-0.004126142820204293
2022-05-05,96.64,88.39750000000001,85.739,79.11600000000001,69.28750000000001,64.29999999999998,85.04227607045159,95.22047184602908,0.0,0.0,0.0,0.0,0.0,0.0,0.0,0.0,0.0,0.0,0.0,0.0,-0.13490502948179994,-0.0015838165543835547,-0.8553559575821481,-0.0089029257112474
2022-05-12,96.64,88.39750000000001,85.739,79.11600000000001,69.28750000000001,64.29999999999998,84.9505493922249,94.34847520788362,0.0,0.0,0.0,0.0,0.0,0.0,0.0,0.0,0.0,0.0,0.0,0.0,-0.09172667822669212,-0.001078600931972984,-0.8719966381454611,-0.009157659285237263
2022-05-15,95.51,89.64,86.64000000000001,79.888,73.7,68.654,85.97902462508516,91.37486676528276,-1.1299999999999955,-0.011692880794701987,1.2424999999999926,0.014055827370683449,0.9010000000000105,0.010508636676425098,0.7719999999999914,0.009757823954699374,4.412499999999994,0.06368392567201875,4.354000000000013,0.06771384136858494,1.0284752328602593,0.01210675198946265,-2.973608442600863,-0.03151729199702413
2022-05-19,96.64,88.39750000000001,85.739,79.11600000000001,69.28750000000001,64.29999999999998,84.7127406420368,93.92683845177356,1.1299999999999955,0.011831221861585028,-1.2424999999999926,-0.013860999553770514,-0.9010000000000105,-0.010399353647276177,-0.7719999999999914,-0.009663528940516586,-4.412499999999994,-0.05987109905020349,-4.354000000000013,-0.06341946572668766,-1.2662839830483534,-0.014727824473120377,2.551971686490802,0.027928595431456316
2022-05-26,96.64,88.39750000000001,85.739,79.11600000000001,69.28750000000001,64.29999999999998,84.52797601244335,93.91194613539707,0.0,0.0,0.0,0.0,0.0,0.0,0.0,0.0,0.0,0.0,0.0,0.0,-0.18476462959345952,-0.00218107250684052,-0.014892316376489134,-0.00015855230115224828
2022-06-02,96.64,88.39750000000001,85.739,79.11600000000001,69.28750000000001,64.29999999999998,84.23715436244964,93.75287621519118,0.0,0.0,0.0,0.0,0.0,0.0,0.0,0.0,0.0,0.0,0.0,0.0,-0.29082164999370264,-0.003440537248293851,-0.15906992020589428,-0.0016938198679916638
2022-06-09,96.64,88.39750000000001,85.739,79.11600000000001,69.28750000000001,64.29999999999998,83.9697795250319,93.48881078141264,0.0,0.0,0.0,0.0,0.0,0.0,0.0,0.0,0.0,0.0,0.0,0.0,-0.2673748374177478,-0.003174072527038496,-0.26406543377854064,-0.002816611547707959
2022-06-15,95.6,89.0675,86.552,79.514,72.9,67.8,85.97902462508516,91.37486676528276,-1.0400000000000063,-0.010761589403973537,0.6699999999999875,0.007579399869905634,0.8130000000000024,0.009482265946652024,0.3979999999999819,0.005030587997370661,3.612499999999997,0.05213783149918805,3.500000000000014,0.054432348367029704,2.0092451000532634,0.02392819311207428,-2.113944016129878,-0.022611732874349144
2022-06-16,96.64,88.39750000000001,85.739,79.11600000000001,69.28750000000001,64.29999999999998,83.7939128203175,93.21372440909974,1.0400000000000063,0.01087866108786617,-0.6699999999999875,-0.007522384708226748,-0.8130000000000024,-0.009393197153156563,-0.3979999999999819,-0.0050054078527049795,-3.612499999999997,-0.04955418381344301,-3.500000000000014,-0.051622418879056275,-2.185111804767658,-0.02541447538275665,1.8388576438169792,0.020124326403019532
2022-06-23,96.64,88.39750000000001,85.739,79.11600000000001,69.28750000000001,64.29999999999998,83.51276961492904,93.14725534921388,0.0,0.0,0.0,0.0,0.0,0.0,0.0,0.0,0.0,0.0,0.0,0.0,-0.28114320538846016,-0.003355174569677044,-0.06646905988586127,-0.0007130823310325107
2022-06-30,96.64,88.39750000000001,85.739,79.11600000000001,69.28750000000001,64.29999999999998,83.41152059604234,93.27825778006454,0.0,0.0,0.0,0.0,0.0,0.0,0.0,0.0,0.0,0.0,0.0,0.0,-0.10124901888670479,-0.0012123776921009188,0.131002430850657,0.001406401405597224
2022-07-07,96.64,88.39750000000001,85.739,79.11600000000001,69.28750000000001,64.29999999999998,83.63309453592484,93.33723385057856,0.0,0.0,0.0,0.0,0.0,0.0,0.0,0.0,0.0,0.0,0.0,0.0,0.22157393988250362,0.0026563949236171336,0.05897607051402076,0.0006322595631349515
2022-07-14,96.64,88.39750000000001,85.739,79.11600000000001,69.28750000000001,64.29999999999998,83.37218240184029,93.22437069816552,0.0,0.0,0.0,0.0,0.0,0.0,0.0,0.0,0.0,0.0,0.0,0.0,-0.26091213408454905,-0.003119723544038777,-0.11286315241304123,-0.001209197527684669
2022-07-15,93.93,88.16,86.63,78.578,71.7,66.668,85.97902462508516,91.37486676528276,-2.7099999999999937,-0.028042218543046338,-0.23750000000001137,-0.002686727565824998,0.8909999999999911,0.010392003638950653,-0.5380000000000109,-0.0068001415642855445,2.4124999999999943,0.03481869023994211,2.3680000000000234,0.036827371695179245,2.6068422232448683,0.03126753010590888,-1.8495039328827545,-0.0198392750632872
2022-07-21,96.64,88.39750000000001,85.739,79.11600000000001,69.28750000000001,64.29999999999998,82.95373016621323,92.97413607393582,2.7099999999999937,0.028851272223996416,0.23750000000001137,0.0026939655172415478,-0.8909999999999911,-0.010285120627957833,0.5380000000000109,0.006846700094174096,-2.4124999999999943,-0.03364714086471399,-2.3680000000000234,-0.03551928961420803,-3.025294458871926,-0.03518642450369536,1.5992693086530636,0.01750228881603899
2022-07-28,96.64,88.39750000000001,85.739,79.11600000000001,69.28750000000001,64.29999999999998,82.6036826793931,92.71993640949688,0.0,0.0,0.0,0.0,0.0,0.0,0.0,0.0,0.0,0.0,0.0,0.0,-0.35004748682013087,-0.004219791998729239,-0.2541996644389428,-0.0027340900940105994
2022-08-04,96.64,88.39750000000001,85.739,79.11600000000001,69.28750000000001,64.29999999999998,82.12297619040186,92.47944267145051,0.0,0.0,0.0,0.0,0.0,0.0,0.0,0.0,0.0,0.0,0.0,0.0,-0.48070648899124535,-0.005819431693584343,-0.24049373804636787,-0.00259376513141929
2022-08-11,96.64,88.39750000000001,85.739,79.11600000000001,69.28750000000001,64.29999999999998,81.74717155261608,92.32037275124462,0.0,0.0,0.0,0.0,0.0,0.0,0.0,0.0,0.0,0.0,0.0,0.0,-0.37580463778577666,-0.004576120535554784,-0.15906992020589428,-0.001720057080912718
2022-08-15,93.6,86.69,85.068,77.38,70.13,65.344,85.97902462508516,91.37486676528276,-3.0400000000000063,-0.03145695364238421,-1.7075000000000102,-0.019316157131140654,-0.6710000000000065,-0.007826076814518523,-1.7360000000000184,-0.02194246422973889,0.8424999999999869,0.012159480425762093,1.0440000000000111,0.016236391912908488,4.231853072469079,0.05176757791240849,-0.9455059859618586,-0.010241574614408333
2022-08-18,96.64,88.39750000000001,85.739,79.11600000000001,69.28750000000001,64.29999999999998,81.45944076073823,92.18281395469364,3.0400000000000063,0.032478632478632585,1.7075000000000102,0.01969662014073137,0.6710000000000065,0.007887807401137925,1.7360000000000184,0.022434737658309833,-0.8424999999999869,-0.012013403678881929,-1.0440000000000111,-0.01597698334965736,-4.519583864346927,-0.05256612160994789,0.8079471894108821,0.008842116196856153
2022-08-25,96.64,88.39750000000001,85.739,79.11600000000001,69.28750000000001,64.29999999999998,81.18875651968128,91.93429647386164,0.0,0.0,0.0,0.0,0.0,0.0,0.0,0.0,0.0,0.0,0.0,0.0,-0.270684241056955,-0.0033229327200023917,-0.24851748083200675,-0.0026959198810545537
2022-09-01,96.64,88.39750000000001,85.739,79.11600000000001,69.28750000000001,64.29999999999998,80.86946151007464,91.51344023747782,0.0,0.0,0.0,0.0,0.0,0.0,0.0,0.0,0.0,0.0,0.0,0.0,-0.31929500960663404,-0.003932749105835076,-0.42085623638381264,-0.004577793625727744
2022-09-08,96.64,88.39750000000001,85.739,79.11600000000001,69.28750000000001,64.29999999999998,80.45129026154905,90.9297988069912,0.0,0.0,0.0,0.0,0.0,0.0,0.0,0.0,0.0,0.0,0.0,0.0,-0.41817124852559573,-0.005170941424823217,-0.5836414304866224,-0.006377658068280168
2022-09-15,93.7,85.88250000000001,82.348,75.676,67.525,63.808,79.90514499871058,90.3571158734609,-2.9399999999999977,-0.0304221854304636,-2.5150000000000006,-0.028451030854945047,-3.3910000000000053,-0.03955026300749953,-3.440000000000012,-0.04348045907275411,-1.7625000000000028,-0.025437488724517454,-0.4919999999999831,-0.007651632970450795,-0.5461452628384649,-0.006788520868502346,-0.5726829335303023,-0.006298077649395051
2022-09-22,96.64,88.39750000000001,85.739,79.11600000000001,69.28750000000001,64.29999999999998,79.20224015405587,89.90279095121628,2.9399999999999977,0.031376734258271144,2.5150000000000006,0.02928419643117053,3.3910000000000053,0.041178899305386985,3.440000000000012,0.045456948041651346,1.7625000000000028,0.02610144390966318,0.4919999999999831,0.00771063189568677,-0.7029048446547108,-0.008796740743866382,-0.4543249222446235,-0.005028103407825446
2022-09-29,96.64,88.39750000000001,85.739,79.11600000000001,69.28750000000001,64.29999999999998,78.71032540179594,89.60806670259139,0.0,0.0,0.0,0.0,0.0,0.0,0.0,0.0,0.0,0.0,0.0,0.0,-0.4919147522599303,-0.006210869178739253,-0.2947242486248882,-0.0032782547183081157
2022-10-06,96.64,88.39750000000001,85.739,79.11600000000001,69.28750000000001,64.29999999999998,78.88840878253285,89.33266812238799,0.0,0.0,0.0,0.0,0.0,0.0,0.0,0.0,0.0,0.0,0.0,0.0,0.17808338073690777,0.0022625161289555606,-0.2753985802034009,-0.003073368172504476
2022-10-13,96.64,88.39750000000001,85.739,79.11600000000001,69.28750000000001,64.29999999999998,79.2665549794973,88.64396873675068,0.0,0.0,0.0,0.0,0.0,0.0,0.0,0.0,0.0,0.0,0.0,0.0,0.37814619696445106,0.00479343166886359,-0.6886993856373067,-0.0077093788880655545
2022-10-15,90.99,84.33,79.704,72.88,64.37,61.232,85.97902462508516,91.37486676528276,-5.650000000000006,-0.05846440397350994,-4.06750000000001,-0.046013744732600004,-6.035000000000011,-0.07038803811567673,-6.236000000000018,-0.07882097173770186,-4.917500000000004,-0.07097239761861818,-3.0679999999999836,-0.047713841368584475,6.712469645587859,0.08468224268512836,2.7308980285320814,0.030807488286564988
2022-10-20,96.64,88.39750000000001,85.739,79.11600000000001,69.28750000000001,64.29999999999998,78.77414069461261,87.83940900295161,5.650000000000006,0.062094735685240154,4.06750000000001,0.048233131744337854,6.035000000000011,0.07571765532470143,6.236000000000018,0.08556531284302982,4.917500000000004,0.07639428305111085,3.0679999999999836,0.0501045205121502,-7.204883930472548,-0.08379815846818128,-3.5354577623311485,-0.03869179663389033
2022-10-27,96.64,88.39750000000001,85.739,79.11600000000001,69.28750000000001,64.29999999999998,78.31703712214261,87.56663296902836,0.0,0.0,0.0,0.0,0.0,0.0,0.0,0.0,0.0,0.0,0.0,0.0,-0.4571035724700039,-0.00580271099677343,-0.27277603392325034,-0.0031053946858190518
2022-11-03,96.64,88.39750000000001,85.739,79.11600000000001,69.28750000000001,64.29999999999998,78.07882250169685,88.51252921485336,0.0,0.0,0.0,0.0,0.0,0.0,0.0,0.0,0.0,0.0,0.0,0.0,-0.2382146204457598,-0.0030416704870261935,0.9458962458249971,0.010802016861371833
2022-11-10,96.64,88.39750000000001,85.739,79.11600000000001,69.28750000000001,64.29999999999998,77.98753291451686,92.68037966977148,0.0,0.0,0.0,0.0,0.0,0.0,0.0,0.0,0.0,0.0,0.0,0.0,-0.09128958717998614,-0.0011691977959580324,4.167850454918124,0.047087689075081984
2022-11-15,97.01,84.6475,78.0,72.8,62.385,58.688,85.97902462508516,91.37486676528276,0.37000000000000455,0.0038286423841060735,-3.750000000000014,-0.04242201419723424,-7.739000000000004,-0.09026230770127952,-6.316000000000017,-0.07983214520450999,-6.9025000000000105,-0.09962114378495412,-5.611999999999981,-0.08727838258164822,7.991491710568297,0.10247140038816038,-1.3055129044887224,-0.01408618425108299
2022-11-17,96.64,88.39750000000001,85.739,79.11600000000001,69.28750000000001,64.29999999999998,77.76327398677613,96.07873133699285,-0.37000000000000455,-0.003814039789712398,3.750000000000014,0.044301367435541694,7.739000000000004,0.09921794871794876,6.316000000000017,0.08675824175824198,6.9025000000000105,0.11064358419491893,5.611999999999981,0.09562431842966168,-8.215750638309032,-0.09555529007376073,4.703864571710085,0.051478757104981954
2022-11-24,96.64,88.39750000000001,85.739,79.11600000000001,69.28750000000001,64.29999999999998,77.70314274706728,94.80820132663376,0.0,0.0,0.0,0.0,0.0,0.0,0.0,0.0,0.0,0.0,0.0,0.0,-0.060131239708852036,-0.0007732601345858958,-1.2705300103590815,-0.013223842495408755
2022-12-01,96.64,88.39750000000001,85.739,79.11600000000001,69.28750000000001,64.29999999999998,78.97926127866614,93.23701511773046,0.0,0.0,0.0,0.0,0.0,0.0,0.0,0.0,0.0,0.0,0.0,0.0,1.2761185315988683,0.016422997661147187,-1.571186208903299,-0.016572260489261303
2022-12-08,96.64,88.39750000000001,85.739,79.11600000000001,69.28750000000001,64.29999999999998,81.96474923150028,91.92489901635784,0.0,0.0,0.0,0.0,0.0,0.0,0.0,0.0,0.0,0.0,0.0,0.0,2.9854879528341343,0.03780091006802788,-1.3121161013726237,-0.01407290977425446
2022-12-15,98.3,85.32,81.214,74.308,60.36,58.1,85.97902462508516,92.83567187450242,1.6599999999999966,0.01717715231788075,-3.077500000000015,-0.034814332984530294,-4.525000000000006,-0.05277644945707327,-4.808000000000007,-0.060771525355174716,-8.927500000000009,-0.12884719465993155,-6.1999999999999815,-0.09642301710730927,4.014275393584882,0.048975631978657175,0.9107728581445826,0.009907792860153197
2022-12-22,96.64,88.39750000000001,85.739,79.11600000000001,69.28750000000001,64.29999999999998,89.96395247696375,94.50785733598003,-1.6599999999999966,-0.01688708036622577,3.077500000000015,0.03607008907641829,4.525000000000006,0.05571699460684121,4.808000000000007,0.06470366582332998,8.927500000000009,0.14790424121935075,6.1999999999999815,0.10671256454388955,3.984927851878595,0.04634767455498623,1.6721854614776106,0.01801231603879727
2022-12-29,96.64,88.39750000000001,85.739,79.11600000000001,69.28750000000001,64.29999999999998,92.84553764384198,94.30336116770746,0.0,0.0,0.0,0.0,0.0,0.0,0.0,0.0,0.0,0.0,0.0,0.0,2.8815851668782244,0.03203044205528971,-0.2044961682725699,-0.002163800704375052
2023-01-05,96.64,88.39750000000001,85.739,79.11600000000001,69.28750000000001,64.29999999999998,93.51700315392412,94.38575283000844,0.0,0.0,0.0,0.0,0.0,0.0,0.0,0.0,0.0,0.0,0.0,0.0,0.6714655100821432,0.0072320708902338104,0.08239166230097794,0.0008736874410495421
2023-01-12,96.64,88.39750000000001,85.739,79.11600000000001,69.28750000000001,64.29999999999998,93.23529797433277,94.61753596791004,0.0,0.0,0.0,0.0,0.0,0.0,0.0,0.0,0.0,0.0,0.0,0.0,-0.28170517959135566,-0.00301234182117327,0.23178313790160132,0.0024557004733443133
2023-01-15,97.4,87.1225,83.71,77.81800000000001,61.4175,58.401,85.97902462508516,91.37486676528276,0.7600000000000051,0.007864238410596025,-1.2750000000000057,-0.014423484827059685,-2.0290000000000106,-0.02366484330351426,-1.2980000000000018,-0.01640628949896361,-7.870000000000012,-0.11358470142522115,-5.89899999999998,-0.0917418351477447,-7.256273349247607,-0.07782753428047418,-3.242669202627283,-0.034271334266483655
2023-01-19,96.64,88.39750000000001,85.739,79.11600000000001,69.28750000000001,64.29999999999998,95.1111990843567,94.06093174074007,-0.7600000000000051,-0.007802874743326527,1.2750000000000057,0.014634566271629179,2.0290000000000106,0.024238442241070413,1.2980000000000018,0.016679945513891514,7.870000000000012,0.1281393739569343,5.89899999999998,0.1010085443742399,9.132174459271539,0.10621398066671195,2.686064975457313,0.029396102785649747
2023-01-26,96.64,88.39750000000001,85.739,79.11600000000001,69.28750000000001,64.29999999999998,94.99246642360242,93.21956269665196,0.0,0.0,0.0,0.0,0.0,0.0,0.0,0.0,0.0,0.0,0.0,0.0,-0.1187326607542758,-0.0012483562598024633,-0.8413690440881112,-0.008944936314336904
2023-02-02,96.64,88.39750000000001,85.739,79.11600000000001,69.28750000000001,64.29999999999998,93.86676965364282,93.23180124595926,0.0,0.0,0.0,0.0,0.0,0.0,0.0,0.0,0.0,0.0,0.0,0.0,-1.1256967699596032,-0.011850379428403834,0.012238549307298285,0.00013128734949252596
2023-02-09,96.64,88.39750000000001,85.739,79.11600000000001,69.28750000000001,64.29999999999998,93.86458419840936,94.88072721959516,0.0,0.0,0.0,0.0,0.0,0.0,0.0,0.0,0.0,0.0,0.0,0.0,-0.0021854552334588107,-2.328252310723755e-05,1.6489259736358974,0.017686303939208337
2023-02-15,99.9,88.0275,86.17000000000002,81.926,64.3775,59.101,85.97902462508516,91.37486676528276,3.260000000000005,0.03373344370860942,-0.37000000000000455,-0.0041856387341271395,0.4310000000000116,0.005026883915137947,2.809999999999988,0.03551746802163902,-4.910000000000011,-0.07086415298574789,-5.198999999999984,-0.0808553654743388,-7.885559573324201,-0.08400995583867754,-3.5058604543123977,-0.036950185322655815
2023-02-16,96.64,88.39750000000001,85.739,79.11600000000001,69.28750000000001,64.29999999999998,93.31082106304292,97.96065805930328,-3.260000000000005,-0.03263263263263272,0.37000000000000455,0.004203231944562846,-0.4310000000000116,-0.005001740745039007,-2.809999999999988,-0.03429924566071807,4.910000000000011,0.07626888276183474,5.198999999999984,0.08796805468604574,7.331796437957763,0.08527424531655647,6.585791294020524,0.07207442841955247
2023-02-23,96.64,88.39750000000001,85.739,79.11600000000001,69.28750000000001,64.29999999999998,92.9289908129706,98.85051298878489,0.0,0.0,0.0,0.0,0.0,0.0,0.0,0.0,0.0,0.0,0.0,0.0,-0.3818302500723263,-0.004092025402009369,0.8898549294816007,0.009083799017998606
2023-03-02,96.64,88.39750000000001,85.739,79.11600000000001,69.28750000000001,64.29999999999998,92.7726995429901,96.19221890518683,0.0,0.0,0.0,0.0,0.0,0.0,0.0,0.0,0.0,0.0,0.0,0.0,-0.1562912699804997,-0.001681835438147039,-2.658294083598051,-0.026892061591017202
2023-03-09,96.64,88.39750000000001,85.739,79.11600000000001,69.28750000000001,64.29999999999998,93.42121777312104,94.26595866242648,0.0,0.0,0.0,0.0,0.0,0.0,0.0,0.0,0.0,0.0,0.0,0.0,0.6485182301309464,0.006990399474475106,-1.9262602427603497,-0.020025114969631774
2023-03-15,96.67,90.5925,86.456,82.588,72.83,64.63,85.97902462508516,91.37486676528276,0.030000000000001137,0.0003104304635761501,2.194999999999993,0.02483101897678086,0.7169999999999987,0.00836258878689966,3.47199999999998,0.04388492845947689,3.5424999999999898,0.0511275482590654,0.3300000000000125,0.005132192846034389,-7.442193148035884,-0.07966277174966496,-2.891091897143724,-0.03066952204344453
2023-03-16,96.64,88.39750000000001,85.739,79.11600000000001,69.28750000000001,64.29999999999998,94.4491310317784,93.6148178860154,-0.030000000000001137,-0.0003103341264094617,-2.194999999999993,-0.02422937881171172,-0.7169999999999987,-0.008293235865642679,-3.47199999999998,-0.042040005811982084,-3.5424999999999898,-0.04864067005354922,-0.3300000000000125,-0.005105987931301459,8.470106406693247,0.09851363682744108,2.2399511207326412,0.02451386469855521
2023-03-23,96.64,88.39750000000001,85.739,79.11600000000001,69.28750000000001,64.29999999999998,94.51175993461118,93.36742435358916,0.0,0.0,0.0,0.0,0.0,0.0,0.0,0.0,0.0,0.0,0.0,0.0,0.06262890283277045,0.0006630966547664929,-0.24739353242624418,-0.0026426749313069875
2023-03-30,96.64,88.39750000000001,85.739,79.11600000000001,69.28750000000001,64.29999999999998,94.36705157736792,93.71163355285712,0.0,0.0,0.0,0.0,0.0,0.0,0.0,0.0,0.0,0.0,0.0,0.0,-0.14470835724326037,-0.001531114829978586,0.344209199267965,0.003686609132157459
2023-04-06,96.64,88.39750000000001,85.739,79.11600000000001,69.28750000000001,64.29999999999998,94.42293678976608,93.96786256858428,0.0,0.0,0.0,0.0,0.0,0.0,0.0,0.0,0.0,0.0,0.0,0.0,0.05588521239816657,0.0005922110679950077,0.2562290157271576,0.0027342284624953805
2023-04-13,96.64,88.39750000000001,85.739,79.11600000000001,69.28750000000001,64.29999999999998,95.62999493598802,93.97638584399472,0.0,0.0,0.0,0.0,0.0,0.0,0.0,0.0,0.0,0.0,0.0,0.0,1.2070581462219394,0.012783526834263537,0.008523275410439624,9.070415328671366e-05
2023-04-15,96.3,90.3025,87.404,80.924,74.3575,67.85799999999999,85.97902462508516,91.37486676528276,-0.3400000000000034,-0.0035182119205298124,1.904999999999987,0.021550383212194824,1.664999999999992,0.019419400739453474,1.8079999999999927,0.022852520349865957,5.069999999999993,0.0731733718203138,3.558000000000007,0.05533437013996911,-9.650970310902864,-0.10091990820832886,-2.6015190787119593,-0.02768268917077321
2023-04-20,96.64,88.39750000000001,85.739,79.11600000000001,69.28750000000001,64.29999999999998,96.48875395957658,93.62371581089444,0.3400000000000034,0.0035306334371756343,-1.904999999999987,-0.021095761468397756,-1.664999999999992,-0.019049471420072184,-1.8079999999999927,-0.02234195047204779,-5.069999999999993,-0.06818411054701934,-3.558000000000007,-0.05243302189867083,10.509729334491425,0.12223596836925643,2.248849045611678,0.024611242951394496
2023-04-27,96.64,88.39750000000001,85.739,79.11600000000001,69.28750000000001,64.29999999999998,96.18872217681331,92.99814486071467,0.0,0.0,0.0,0.0,0.0,0.0,0.0,0.0,0.0,0.0,0.0,0.0,-0.3000317827632699,-0.0031095000241060378,-0.6255709501797639,-0.006681757338528604
2023-05-04,96.64,88.39750000000001,85.739,79.11600000000001,69.28750000000001,64.29999999999998,95.35506466762035,92.58756026392808,0.0,0.0,0.0,0.0,0.0,0.0,0.0,0.0,0.0,0.0,0.0,0.0,-0.8336575091929603,-0.008666894520758195,-0.41058459678659176,-0.0044149762062623
2023-05-11,96.64,88.39750000000001,85.739,79.11600000000001,69.28750000000001,64.29999999999998,94.459652437688,92.61569019486144,0.0,0.0,0.0,0.0,0.0,0.0,0.0,0.0,0.0,0.0,0.0,0.0,-0.8954122299323473,-0.009390295450519504,0.02812993093336047,0.00030381976642623876
2023-05-15,96.3,89.8475,87.154,80.078,75.5225,68.881,85.97902462508516,91.37486676528276,-0.3400000000000034,-0.0035182119205298124,1.4499999999999886,0.01640317882293041,1.414999999999992,0.016503574802598564,0.9619999999999891,0.01215936093836878,6.234999999999985,0.08998737145949831,4.581000000000017,0.07124416796267519,-8.480627812602847,-0.08978042575582468,-1.2408234295786826,-0.013397550965371208
2023-05-18,96.64,88.39750000000001,85.739,79.11600000000001,69.28750000000001,64.29999999999998,93.9191269168784,94.2075757869044,0.3400000000000034,0.0035306334371756343,-1.4499999999999886,-0.01613845682962789,-1.414999999999992,-0.01623562888679797,-0.9619999999999891,-0.012013287045130827,-6.234999999999985,-0.08255817802641574,-4.581000000000017,-0.06650600310680765,7.940102291793238,0.09234929480086995,2.832709021621639,0.031000964728059133
2023-05-25,96.64,88.39750000000001,85.739,79.11600000000001,69.28750000000001,64.29999999999998,93.92721310124216,95.02468627790124,0.0,0.0,0.0,0.0,0.0,0.0,0.0,0.0,0.0,0.0,0.0,0.0,0.008086184363762072,8.609731190234449e-05,0.8171104909968392,0.00867351148961859
2023-06-01,96.64,88.39750000000001,85.739,79.11600000000001,69.28750000000001,64.29999999999998,93.78556438132571,93.90220524921372,0.0,0.0,0.0,0.0,0.0,0.0,0.0,0.0,0.0,0.0,0.0,0.0,-0.14164871991644645,-0.0015080690168435273,-1.1224810286875169,-0.011812520226636702
2023-06-08,96.64,88.39750000000001,85.739,79.11600000000001,69.28750000000001,64.29999999999998,93.53323796422973,94.70667132064564,0.0,0.0,0.0,0.0,0.0,0.0,0.0,0.0,0.0,0.0,0.0,0.0,-0.25232641709598624,-0.0026904611467714057,0.8044660714319178,0.008567062608347609
2023-06-15,95.6,89.345,86.786,79.7,74.42750000000001,67.8,93.24619402971096,94.990936604939,-1.0400000000000063,-0.010761589403973537,0.9474999999999909,0.010718628920501017,1.046999999999997,0.012211479023548133,0.583999999999989,0.007381566307699927,5.140000000000001,0.07418365506043667,3.500000000000014,0.054432348367029704,-0.2870439345187634,-0.0030688976535649948,0.2842652842933546,0.00300153389755331
2023-06-22,96.64,88.39750000000001,85.739,79.11600000000001,69.28750000000001,64.29999999999998,93.12611887502756,95.10139575659522,1.0400000000000063,0.01087866108786617,-0.9474999999999909,-0.010604958307683598,-1.046999999999997,-0.012064157813472143,-0.583999999999989,-0.007327478042659874,-5.140000000000001,-0.06906049511269352,-3.500000000000014,-0.051622418879056275,-0.12007515468340557,-0.0012877217770963512,0.11045915165622944,0.0011628388518329924
2023-06-29,96.64,88.39750000000001,85.739,79.11600000000001,69.28750000000001,64.29999999999998,93.2627722686961,94.98107083559944,0.0,0.0,0.0,0.0,0.0,0.0,0.0,0.0,0.0,0.0,0.0,0.0,0.13665339366853857,0.001467401361930687,-0.12032492099578462,-0.0012652277081584007
2023-07-06,96.64,88.39750000000001,85.739,79.11600000000001,69.28750000000001,64.29999999999998,93.33820169503907,94.83136715210831,0.0,0.0,0.0,0.0,0.0,0.0,0.0,0.0,0.0,0.0,0.0,0.0,0.07542942634297845,0.0008087838749384346,-0.14970368349112562,-0.0015761423005037356
2023-07-13,96.64,88.39750000000001,85.739,79.11600000000001,69.28750000000001,64.29999999999998,93.2606804758298,94.55347090878097,0.0,0.0,0.0,0.0,0.0,0.0,0.0,0.0,0.0,0.0,0.0,0.0,-0.0775212192092738,-0.0008305411696547527,-0.27789624332734775,-0.002930425361068578
2023-07-15,95.0,88.73,86.756,79.138,72.5425,66.716,85.97902462508516,91.37486676528276,-1.6400000000000006,-0.01697019867549665,0.332499999999996,0.0037614185921546195,1.016999999999996,0.011861579911125686,0.02199999999999136,0.0002780727033722119,3.2549999999999955,0.04697817066570442,2.416000000000011,0.0375738724727841,-7.281655850744642,-0.07807851941024402,-3.1786041434982053,-0.03361700118406774
2023-07-20,96.64,88.39750000000001,85.739,79.11600000000001,69.28750000000001,64.29999999999998,93.00913457846003,94.27495024967266,1.6400000000000006,0.01726315789473687,-0.332499999999996,-0.0037473233404710093,-1.016999999999996,-0.011722532159158972,-0.02199999999999136,-0.00027799540043960125,-3.2549999999999955,-0.04487024847503185,-2.416000000000011,-0.03621320223034974,7.030109953374875,0.08176540713307623,2.9000834843898957,0.031738306024997165
2023-07-27,96.64,88.39750000000001,85.739,79.11600000000001,69.28750000000001,64.29999999999998,92.7579945513479,94.15912112229996,0.0,0.0,0.0,0.0,0.0,0.0,0.0,0.0,0.0,0.0,0.0,0.0,-0.2511400271121289,-0.00270016518539129,-0.11582912737269169,-0.0012286310103154507
2023-08-03,96.64,88.39750000000001,85.739,79.11600000000001,69.28750000000001,64.29999999999998,92.50888387552398,94.0558739729141,0.0,0.0,0.0,0.0,0.0,0.0,0.0,0.0,0.0,0.0,0.0,0.0,-0.24911067582392832,-0.0026855979048364675,-0.1032471493858651,-0.0010965177685947625
2023-08-10,96.64,88.39750000000001,85.739,79.11600000000001,69.28750000000001,64.29999999999998,92.33414111921536,93.76939201259822,0.0,0.0,0.0,0.0,0.0,0.0,0.0,0.0,0.0,0.0,0.0,0.0,-0.17474275630861769,-0.001888929462642186,-0.28648196031588213,-0.0030458699517096344
2023-08-15,94.16,87.8075,85.54,77.592,70.95750000000001,65.376,85.97902462508516,91.37486676528276,-2.480000000000004,-0.025662251655629187,-0.5900000000000034,-0.006674396900364865,-0.19899999999999807,-0.002320997445736439,-1.5240000000000151,-0.01926285454269694,1.6700000000000017,0.024102471585783825,1.0760000000000218,0.016734059097978538,-6.3551164941302005,-0.06882737432868868,-2.394525247315457,-0.025536320497777654
2023-08-17,96.64,88.39750000000001,85.739,79.11600000000001,69.28750000000001,64.29999999999998,92.210288249057,93.35453016771184,2.480000000000004,0.02633814783347499,0.5900000000000034,0.00671924380035871,0.19899999999999807,0.0023263970072480156,1.5240000000000151,0.01964120012372428,-1.6700000000000017,-0.023535214741218335,-1.0760000000000218,-0.016458639255996443,6.2312636239718415,0.07247423021072308,1.9796634024290825,0.02166529454444288
2023-08-24,96.64,88.39750000000001,85.739,79.11600000000001,69.28750000000001,64.29999999999998,91.98050324165452,92.81160064614544,0.0,0.0,0.0,0.0,0.0,0.0,0.0,0.0,0.0,0.0,0.0,0.0,-0.22978500740248364,-0.0024919671304122204,-0.542929521566407,-0.005815781200880443
2023-08-31,96.64,88.39750000000001,85.739,79.11600000000001,69.28750000000001,64.29999999999998,91.59211662588191,92.2942409508104,0.0,0.0,0.0,0.0,0.0,0.0,0.0,0.0,0.0,0.0,0.0,0.0,-0.38838661577260325,-0.004222488484893594,-0.5173596953350312,-0.005574299890673373
2023-09-07,96.64,88.39750000000001,85.739,79.11600000000001,69.28750000000001,64.29999999999998,91.0194336923516,91.71312840423678,0.0,0.0,0.0,0.0,0.0,0.0,0.0,0.0,0.0,0.0,0.0,0.0,-0.5726829335303165,-0.00625253520310598,-0.5811125465736211,-0.006296303437647088
2023-09-14,96.64,88.39750000000001,85.739,79.11600000000001,69.28750000000001,64.29999999999998,90.42848659722746,91.06005193890466,0.0,0.0,0.0,0.0,0.0,0.0,0.0,0.0,0.0,0.0,0.0,0.0,-0.590947095124136,-0.006492537595010228,-0.6530764653321199,-0.007120861284478308
2023-09-15,93.7,86.92500000000001,82.89,76.666,68.17500000000001,63.927,85.97902462508516,91.37486676528276,-2.9399999999999977,-0.0304221854304636,-1.4724999999999966,-0.016657710908113854,-2.8490000000000038,-0.03322875237639822,-2.450000000000017,-0.03096718742100224,-1.1124999999999972,-0.016056287209092468,-0.37299999999998334,-0.005800933125971741,-4.449461972142302,-0.0492042069880082,0.31481482637809677,0.003457222126221904
2023-09-21,96.64,88.39750000000001,85.739,79.11600000000001,69.28750000000001,64.29999999999998,89.95908203387206,90.51524916999531,2.9399999999999977,0.031376734258271144,1.4724999999999966,0.016939890710382377,2.8490000000000038,0.034370852937628316,2.450000000000017,0.031956799624344834,1.1124999999999972,0.016318298496516226,0.37299999999998334,0.005834780296275266,3.980057408786905,0.04629102767962423,-0.8596175952874461,-0.009407593419485605
2023-09-28,96.64,88.39750000000001,85.739,79.11600000000001,69.28750000000001,64.29999999999998,89.63126374885498,90.11343761493154,0.0,0.0,0.0,0.0,0.0,0.0,0.0,0.0,0.0,0.0,0.0,0.0,-0.3278182850170879,-0.003644082149411587,-0.4018115550637731,-0.004439158691472378
2023-10-05,96.64,88.39750000000001,85.739,79.11600000000001,69.28750000000001,64.29999999999998,89.39354866103403,90.12826748972992,0.0,0.0,0.0,0.0,0.0,0.0,0.0,0.0,0.0,0.0,0.0,0.0,-0.23771508782094486,-0.002652144774919374,0.01482987479838016,0.0001645689609772738
2023-10-12,96.64,88.39750000000001,85.739,79.11600000000001,69.28750000000001,64.29999999999998,88.79236114710174,89.63866307585965,0.0,0.0,0.0,0.0,0.0,0.0,0.0,0.0,0.0,0.0,0.0,0.0,-0.6011875139322882,-0.006725177856087727,-0.48960441387026776,-0.005432306949937349
2023-10-15,90.99,85.84,80.598,74.02,64.6825,61.3,85.97902462508516,91.37486676528276,-5.650000000000006,-0.05846440397350994,-2.5575000000000045,-0.02893181368251374,-5.141000000000005,-0.05996104456548368,-5.096000000000018,-0.06441174983568454,-4.605000000000004,-0.06646220458235619,-2.999999999999986,-0.04665629860031084,-2.8133365220165842,-0.03168444318487884,1.7362036894231068,0.019368915486320804
2023-10-19,96.64,88.39750000000001,85.739,79.11600000000001,69.28750000000001,64.29999999999998,87.90974944067956,88.3661037142124,5.650000000000006,0.062094735685240154,2.5575000000000045,0.029793802423112803,5.141000000000005,0.06378570187845867,5.096000000000018,0.068846257768171,4.605000000000004,0.07119390870791942,2.999999999999986,0.04893964110929838,1.9307248155944023,0.022455765508080594,-3.0087630510703605,-0.03292768742195873
2023-10-26,96.64,88.39750000000001,85.739,79.11600000000001,69.28750000000001,64.29999999999998,87.56379187722489,87.89257800670248,0.0,0.0,0.0,0.0,0.0,0.0,0.0,0.0,0.0,0.0,0.0,0.0,-0.3459575634546752,-0.003935371965633094,-0.4735257075099213,-0.005358680394479842
2023-11-02,96.64,88.39750000000001,85.739,79.11600000000001,69.28750000000001,64.29999999999998,88.20103940250904,87.20934225914878,0.0,0.0,0.0,0.0,0.0,0.0,0.0,0.0,0.0,0.0,0.0,0.0,0.6372475252841525,0.007277523181929535,-0.6832357475536952,-0.007773531770812192
2023-11-09,96.64,88.39750000000001,85.739,79.11600000000001,69.28750000000001,64.29999999999998,91.7064159345912,86.9751551204904,0.0,0.0,0.0,0.0,0.0,0.0,0.0,0.0,0.0,0.0,0.0,0.0,3.505376532082167,0.039743029740105795,-0.2341871386583847,-0.0026853446269836656
2023-11-15,97.01,85.0475,78.712,73.44,62.4975,58.709,85.97902462508516,91.37486676528276,0.37000000000000455,0.0038286423841060735,-3.3500000000000085,-0.03789699934952917,-7.027000000000001,-0.08195803543311675,-5.676000000000016,-0.07174275747004422,-6.790000000000006,-0.09799747429189976,-5.59099999999998,-0.08695178849144602,-5.7273913095060465,-0.06245355083542958,4.399711644792362,0.05058584418386203
2023-11-16,96.64,88.39750000000001,85.739,79.11600000000001,69.28750000000001,64.29999999999998,96.24454494763336,86.83984422075096,-0.37000000000000455,-0.003814039789712398,3.3500000000000085,0.03938975278520829,7.027000000000001,0.08927482467730452,5.676000000000016,0.07728758169934657,6.790000000000006,0.10864434577383109,5.59099999999998,0.09523241751690503,10.265520322548198,0.11939563593924674,-4.535022544531799,-0.049630962047594984
2023-11-23,96.64,88.39750000000001,85.739,79.11600000000001,69.28750000000001,64.29999999999998,95.01060570204002,86.59138918149706,0.0,0.0,0.0,0.0,0.0,0.0,0.0,0.0,0.0,0.0,0.0,0.0,-1.2339392455933336,-0.012820874640372848,-0.24845503925389778,-0.0028610719132834417
2023-11-30,96.64,88.39750000000001,85.739,79.11600000000001,69.28750000000001,64.29999999999998,93.4908713534899,85.9335359354404,0.0,0.0,0.0,0.0,0.0,0.0,0.0,0.0,0.0,0.0,0.0,0.0,-1.5197343485501307,-0.015995417956981783,-0.6578532460566606,-0.007597213213403786
2023-12-07,96.64,88.39750000000001,85.739,79.11600000000001,69.28750000000001,64.29999999999998,92.0237752552768,85.24040319775811,0.0,0.0,0.0,0.0,0.0,0.0,0.0,0.0,0.0,0.0,0.0,0.0,-1.4670960982130907,-0.015692399450059513,-0.6931327376822907,-0.008065916642869486
2023-12-14,96.64,88.39750000000001,85.739,79.11600000000001,69.28750000000001,64.29999999999998,92.4002355296326,85.38620428261808,0.0,0.0,0.0,0.0,0.0,0.0,0.0,0.0,0.0,0.0,0.0,0.0,0.376460274355793,0.0040909023055344385,0.14580108485996846,0.0017104692069758176
2023-12-15,98.3,85.64500000000001,81.50800000000001,76.45,60.4,58.133,85.97902462508516,91.37486676528276,1.6599999999999966,0.01717715231788075,-2.7524999999999977,-0.031137758420769823,-4.2309999999999945,-0.049347438155331824,-2.666000000000011,-0.03369735578138444,-8.88750000000001,-0.12826988995129007,-6.16699999999998,-0.09590979782270581,-6.421210904547436,-0.06949344736776308,5.9886624826646795,0.07013618339144023
2023-12-21,96.64,88.39750000000001,85.739,79.11600000000001,69.28750000000001,64.29999999999998,94.53105438224362,86.03434786328043,-1.6599999999999966,-0.01688708036622577,2.7524999999999977,0.03213847860353791,4.2309999999999945,0.05190901506600576,2.666000000000011,0.03487246566383262,8.88750000000001,0.1471440397350996,6.16699999999998,0.1060843238780036,8.552029757158465,0.09946646632070921,-5.34051890200233,-0.058446256515160444
2023-12-28,96.64,88.39750000000001,85.739,79.11600000000001,69.28750000000001,64.29999999999998,94.34060756904324,87.74655837631914,0.0,0.0,0.0,0.0,0.0,0.0,0.0,0.0,0.0,0.0,0.0,0.0,-0.19044681320038137,-0.0020146481433529484,1.7122105130387126,0.01990147604488879
2024-01-04,96.64,88.39750000000001,85.739,79.11600000000001,69.28750000000001,64.29999999999998,94.3086374810568,90.28337236972658,0.0,0.0,0.0,0.0,0.0,0.0,0.0,0.0,0.0,0.0,0.0,0.0,-0.03197008798643708,-0.0003388793946768054,2.536813993407435,0.028910695078521398
2024-01-11,96.64,88.39750000000001,85.739,79.11600000000001,69.28750000000001,64.29999999999998,94.64310579414136,91.79452100128816,0.0,0.0,0.0,0.0,0.0,0.0,0.0,0.0,0.0,0.0,0.0,0.0,0.3344683130845567,0.0035465289502432107,1.511148631561582,0.016737839891194595
2024-01-15,97.4,88.2,83.81,78.98,61.8,58.44,85.97902462508516,91.37486676528276,0.7600000000000051,0.007864238410596025,-0.19750000000000512,-0.0022342260810543912,-1.929000000000002,-0.022498512928772252,-0.1360000000000099,-0.0017189948935740773,-7.487500000000011,-0.10806422514883651,-5.859999999999985,-0.09113530326594066,-8.664081169056203,-0.09154476806690481,-0.41965423600539964,-0.004571669762289066
2024-01-18,96.64,88.39750000000001,85.739,79.11600000000001,69.28750000000001,64.29999999999998,94.21238378841797,92.6342977851348,-0.7600000000000051,-0.007802874743326527,0.19750000000000512,0.0022392290249433344,1.929000000000002,0.023016346498031304,0.1360000000000099,0.0017219549252975863,7.487500000000011,0.12115695792880277,5.859999999999985,0.10027378507871298,8.233359163332807,0.09576009031545407,1.2594310198520446,0.013783122913734847
2024-01-25,96.64,88.39750000000001,85.739,79.11600000000001,69.28750000000001,64.29999999999998,93.29805176032175,91.92046566431284,0.0,0.0,0.0,0.0,0.0,0.0,0.0,0.0,0.0,0.0,0.0,0.0,-0.9143320280962115,-0.009705008952428318,-0.7138321208219622,-0.0077059160363874835
2024-02-01,96.64,88.39750000000001,85.739,79.11600000000001,69.28750000000001,64.29999999999998,93.12305923770072,91.23629329308766,0.0,0.0,0.0,0.0,0.0,0.0,0.0,0.0,0.0,0.0,0.0,0.0,-0.17499252262103937,-0.0018756289045626096,-0.6841723712251877,-0.007443090788113893
2024-02-08,96.64,88.39750000000001,85.739,79.11600000000001,69.28750000000001,64.29999999999998,94.4760745727279,90.83566812800774,0.0,0.0,0.0,0.0,0.0,0.0,0.0,0.0,0.0,0.0,0.0,0.0,1.3530153350271803,0.014529326528819775,-0.40062516507991575,-0.0043910723531144225
2024-02-15,99.9,89.55000000000001,86.3,82.418,64.715,59.32599999999999,97.47358252934598,90.2968285298068,3.260000000000005,0.03373344370860942,1.1525000000000034,0.01303769902994989,0.5609999999999928,0.006543113402302181,3.3019999999999925,0.04173618484250974,-4.572500000000005,-0.065993144506585,-4.9739999999999895,-0.0773561430793156,2.9975079566180796,0.03172769370631068,-0.5388395982009371,-0.005932026584992922
2024-02-22,96.64,88.39750000000001,85.739,79.11600000000001,69.28750000000001,64.29999999999998,99.2033391258304,89.58817905996702,-3.260000000000005,-0.03263263263263272,-1.1525000000000034,-0.01286990508096042,-0.5609999999999928,-0.006500579374275728,-3.3019999999999925,-0.0400640636754106,4.572500000000005,0.07065595302480121,4.9739999999999895,0.08384182314668087,1.729756596484421,0.017745901521200924,-0.7086494698397843,-0.007847999551898521
2024-02-29,96.64,88.39750000000001,85.739,79.11600000000001,69.28750000000001,64.29999999999998,97.02350363441204,88.87431571835602,0.0,0.0,0.0,0.0,0.0,0.0,0.0,0.0,0.0,0.0,0.0,0.0,-2.179835491418359,-0.021973408462122812,-0.7138633416110025,-0.007968276050495104
2024-03-07,96.64,88.39750000000001,85.739,79.11600000000001,69.28750000000001,64.29999999999998,94.44176292556278,87.93438264323943,0.0,0.0,0.0,0.0,0.0,0.0,0.0,0.0,0.0,0.0,0.0,0.0,-2.581740708849253,-0.02660943598344312,-0.9399330751165849,-0.01057598100777779
2024-03-14,96.64,88.39750000000001,85.739,79.11600000000001,69.28750000000001,64.29999999999998,93.81447483198532,86.95270737316399,0.0,0.0,0.0,0.0,0.0,0.0,0.0,0.0,0.0,0.0,0.0,0.0,-0.6272880935774623,-0.006642062517107861,-0.9816752700754421,-0.011163725047780404
2024-03-15,96.67,90.43,86.564,83.114,73.96000000000001,64.678,85.97902462508516,91.37486676528276,0.030000000000001137,0.0003104304635761501,2.032499999999999,0.022992731694900792,0.8249999999999886,0.009622225591620959,3.9979999999999905,0.05053339400374113,4.672499999999999,0.0674364062781887,0.3780000000000143,0.005878693623639464,-7.835450206900163,-0.08352069572347831,4.422159392118772,0.05085706386508182
2024-03-21,96.64,88.39750000000001,85.739,79.11600000000001,69.28750000000001,64.29999999999998,93.26611289312436,86.16656790490397,-0.030000000000001137,-0.0003103341264094617,-2.032499999999999,-0.022475948247263067,-0.8249999999999886,-0.00953052077075911,-3.9979999999999905,-0.04810260605914751,-4.672499999999999,-0.06317604110329911,-0.3780000000000143,-0.005844336559572283,7.287088268039199,0.08475425605041265,-5.20829886037879,-0.056999249845775424
2024-03-28,96.64,88.39750000000001,85.739,79.11600000000001,69.28750000000001,64.29999999999998,93.6172218867722,85.59110632114827,0.0,0.0,0.0,0.0,0.0,0.0,0.0,0.0,0.0,0.0,0.0,0.0,0.3511089936478413,0.0037645934065053677,-0.5754615837556969,-0.0066784786460427625
2024-04-04,96.64,88.39750000000001,85.739,79.11600000000001,69.28750000000001,64.29999999999998,93.9229358531424,85.33906089115372,0.0,0.0,0.0,0.0,0.0,0.0,0.0,0.0,0.0,0.0,0.0,0.0,0.305713966370206,0.003265574006671157,-0.2520454299945527,-0.0029447619130993363
2024-04-11,96.64,88.39750000000001,85.739,79.11600000000001,69.28750000000001,64.29999999999998,94.03061635457324,85.88957706445908,0.0,0.0,0.0,0.0,0.0,0.0,0.0,0.0,0.0,0.0,0.0,0.0,0.10768050143083485,0.0011464771671874097,0.5505161733053541,0.006450928420779212
2024-04-15,96.3,90.1825,87.304,82.04,77.345,67.939,85.97902462508516,91.37486676528276,-0.3400000000000034,-0.0035182119205298124,1.7849999999999966,0.020192878757883337,1.5649999999999977,0.018253070364711466,2.9239999999999924,0.036958390211840664,8.05749999999999,0.1162908172469781,3.63900000000001,0.05659409020217754,-8.05159172948808,-0.08562734183435439,5.485289700823685,0.06386443953155152
2024-04-18,96.64,88.39750000000001,85.739,79.11600000000001,69.28750000000001,64.29999999999998,93.7865010049972,86.98820541031299,0.3400000000000034,0.0035306334371756343,-1.7849999999999966,-0.019793197128045836,-1.5649999999999977,-0.017925868230550646,-2.9239999999999924,-0.03564115065821538,-8.05749999999999,-0.10417609412373119,-3.63900000000001,-0.053562754824180714,7.807476379912046,0.09080675681024353,-4.386661354969775,-0.04800730781077822
2024-04-25,96.64,88.39750000000001,85.739,79.11600000000001,69.28750000000001,64.29999999999998,93.19817645615322,87.36354173626302,0.0,0.0,0.0,0.0,0.0,0.0,0.0,0.0,0.0,0.0,0.0,0.0,-0.5883245488439854,-0.006273019491500609,0.3753363259500304,0.0043147955999278675
2024-05-02,96.64,88.39750000000001,85.739,79.11600000000001,69.28750000000001,64.29999999999998,92.59458494146416,87.0946058593928,0.0,0.0,0.0,0.0,0.0,0.0,0.0,0.0,0.0,0.0,0.0,0.0,-0.6035915146890574,-0.006476430523005172,-0.26893587687021636,-0.0030783536418669266
2024-05-09,96.64,88.39750000000001,85.739,79.11600000000001,69.28750000000001,64.29999999999998,92.58756026392808,86.62535739998263,0.0,0.0,0.0,0.0,0.0,0.0,0.0,0.0,0.0,0.0,0.0,0.0,-0.007024677536080048,-7.586488497701716e-05,-0.46924845941016713,-0.00538780162996233
2024-05-15,96.3,89.795,86.874,80.56,76.485,69.06,85.97902462508516,91.37486676528276,-0.3400000000000034,-0.0035182119205298124,1.3974999999999937,0.015809270624169258,1.134999999999991,0.013237849753320985,1.4439999999999884,0.01825168107588837,7.197499999999991,0.10387876601118506,4.760000000000019,0.07402799377916058,-6.608535638842923,-0.0713760641278891,4.749509365300128,0.054828164729754825
2024-05-16,96.64,88.39750000000001,85.739,79.11600000000001,69.28750000000001,64.29999999999998,93.18381489319056,86.17737029791502,0.3400000000000034,0.0035306334371756343,-1.3974999999999937,-0.015563227351188758,-1.134999999999991,-0.013064898588760587,-1.4439999999999884,-0.017924528301886622,-7.197499999999991,-0.09410341897103991,-4.760000000000019,-0.06892557196640625,7.204790268105398,0.08379706910519347,-5.197496467367742,-0.05688102923004745
2024-05-23,96.64,88.39750000000001,85.739,79.11600000000001,69.28750000000001,64.29999999999998,95.84495006859208,85.73209940449466,0.0,0.0,0.0,0.0,0.0,0.0,0.0,0.0,0.0,0.0,0.0,0.0,2.661135175401526,0.028557911891156085,-0.4452708934203571,-0.005166912054534234
2024-05-30,96.64,88.39750000000001,85.739,79.11600000000001,69.28750000000001,64.29999999999998,93.55680965996189,85.3289141347127,0.0,0.0,0.0,0.0,0.0,0.0,0.0,0.0,0.0,0.0,0.0,0.0,-2.2881404086301984,-0.02387335385946443,-0.40318526978195735,-0.004702850770977651
2024-06-06,96.64,88.39750000000001,85.739,79.11600000000001,69.28750000000001,64.29999999999998,94.63086724483404,85.38760921812529,0.0,0.0,0.0,0.0,0.0,0.0,0.0,0.0,0.0,0.0,0.0,0.0,1.0740575848721505,0.011480271599425773,0.05869508341258722,0.0006878686317268734
2024-06-13,96.64,88.39750000000001,85.739,79.11600000000001,69.28750000000001,64.29999999999998,94.90248810956248,85.7664110516598,0.0,0.0,0.0,0.0,0.0,0.0,0.0,0.0,0.0,0.0,0.0,0.0,0.2716208647284475,0.002870319935097898,0.37880183353451,0.004436262321935391
2024-06-15,95.6,89.2475,86.618,79.77,75.07,67.828,85.97902462508516,91.37486676528276,-1.0400000000000063,-0.010761589403973537,0.8499999999999943,0.009615656551372975,0.8789999999999907,0.010252043993981719,0.6539999999999822,0.008266343091157147,5.782499999999985,0.08345661194299092,3.52800000000002,0.05486780715396611,-8.923463484477324,-0.0940277084640333,5.608455713622959,0.06539221642660098
2024-06-20,96.64,88.39750000000001,85.739,79.11600000000001,69.28750000000001,64.29999999999998,95.14566683546708,85.73256771633041,1.0400000000000063,0.01087866108786617,-0.8499999999999943,-0.009524076304658347,-0.8789999999999907,-0.010148006188090086,-0.6539999999999822,-0.008198570891312262,-5.782499999999985,-0.07702810710003971,-3.52800000000002,-0.052013917556171796,9.166642210381923,0.10661486624619698,-5.642299048952353,-0.0617489168377765
2024-06-27,96.64,88.39750000000001,85.739,79.11600000000001,69.28750000000001,64.29999999999998,95.00223853057484,85.52304500102093,0.0,0.0,0.0,0.0,0.0,0.0,0.0,0.0,0.0,0.0,0.0,0.0,-0.14342830489223957,-0.0015074601888098726,-0.20952271530947542,-0.0024439104168993975
2024-07-04,96.64,88.39750000000001,85.739,79.11600000000001,69.28750000000001,64.29999999999998,94.90292520060918,85.28601677055904,0.0,0.0,0.0,0.0,0.0,0.0,0.0,0.0,0.0,0.0,0.0,0.0,-0.09931332996566766,-0.0010453788405596631,-0.23702823046188826,-0.0027715129934751115
2024-07-11,96.64,88.39750000000001,85.739,79.11600000000001,69.28750000000001,64.29999999999998,94.6433243396647,85.25632580017322,0.0,0.0,0.0,0.0,0.0,0.0,0.0,0.0,0.0,0.0,0.0,0.0,-0.25960086094447377,-0.002735435819240739,-0.02969097038582902,-0.0003481340964217594
2024-07-15,95.0,88.595,86.67,80.09800000000003,73.325,66.764,85.97902462508516,91.37486676528276,-1.6400000000000006,-0.01697019867549665,0.1974999999999909,0.002234226081054169,0.9309999999999974,0.010858535788847545,0.9820000000000135,0.012412154305071255,4.037499999999994,0.058271694028504406,2.464000000000013,0.03832037325038895,-8.664299714579542,-0.09154686582525673,6.1185409651095455,0.07176641624752156
2024-07-18,96.64,88.39750000000001,85.739,79.11600000000001,69.28750000000001,64.29999999999998,94.34082611456655,85.18089637383024,1.6400000000000006,0.01726315789473687,-0.1974999999999909,-0.0022292454427449426,-0.9309999999999974,-0.010741894542517616,-0.9820000000000135,-0.012259981522634966,-4.037499999999994,-0.05506307534947141,-2.464000000000013,-0.036906117069079314,8.361801489481394,0.09725397009262848,-6.193970391452524,-0.06778636851381847
2024-07-25,96.64,88.39750000000001,85.739,79.11600000000001,69.28750000000001,64.29999999999998,94.1485060540232,84.79859781192222,0.0,0.0,0.0,0.0,0.0,0.0,0.0,0.0,0.0,0.0,0.0,0.0,-0.19232006054335216,-0.002038566636143324,-0.3822985619080157,-0.0044880786441861
2024-08-01,96.64,88.39750000000001,85.739,79.11600000000001,69.28750000000001,64.29999999999998,94.13885883020698,84.32416670152988,0.0,0.0,0.0,0.0,0.0,0.0,0.0,0.0,0.0,0.0,0.0,0.0,-0.00964722381621641,-0.00010246815611369975,-0.4744311103923451,-0.005594799001801931
2024-08-08,96.64,88.39750000000001,85.739,79.11600000000001,69.28750000000001,64.29999999999998,93.84975432361098,83.90334168593509,0.0,0.0,0.0,0.0,0.0,0.0,0.0,0.0,0.0,0.0,0.0,0.0,-0.2891045065960043,-0.0030710432459930548,-0.4208250155947866,-0.004990562398135778
2024-08-15,94.16,87.265,85.264,79.72000000000006,71.465,65.412,93.5239653898821,83.41423680468961,-2.480000000000004,-0.025662251655629187,-1.1325000000000074,-0.012811448287564753,-0.4750000000000085,-0.005540069280024373,0.6040000000000418,0.007634359674402624,2.177499999999995,0.031427025076673276,1.1120000000000232,0.017293934681182233,-0.3257889337288873,-0.0034713882425894127,-0.48910488124548124,-0.005829384997278031
2024-08-22,96.64,88.39750000000001,85.739,79.11600000000001,69.28750000000001,64.29999999999998,92.947629624033,82.77330522629765,2.480000000000004,0.02633814783347499,1.1325000000000074,0.012977711568211925,0.4750000000000085,0.005570932632764203,-0.6040000000000418,-0.007576517812343697,-2.177499999999995,-0.030469460575106577,-1.1120000000000232,-0.016999938849141194,-0.5763357658490946,-0.00616243936456784,-0.6409315783919567,-0.0076837192659650055
2024-08-29,96.64,88.39750000000001,85.739,79.11600000000001,69.28750000000001,64.29999999999998,92.4577442230613,82.13989785806655,0.0,0.0,0.0,0.0,0.0,0.0,0.0,0.0,0.0,0.0,0.0,0.0,-0.4898854009717013,-0.005270552922686189,-0.6334073682311043,-0.007652314553579842
2024-09-05,96.64,88.39750000000001,85.739,79.11600000000001,69.28750000000001,64.29999999999998,91.882532405618,81.37910967051452,0.0,0.0,0.0,0.0,0.0,0.0,0.0,0.0,0.0,0.0,0.0,0.0,-0.5752118174433036,-0.006221348165877383,-0.7607881875520235,-0.009262102916984705
2024-09-12,96.64,88.39750000000001,85.739,79.11600000000001,69.28750000000001,64.29999999999998,91.26957465421415,80.55079091624899,0.0,0.0,0.0,0.0,0.0,0.0,0.0,0.0,0.0,0.0,0.0,0.0,-0.6129577514038402,-0.006671102062119072,-0.8283187542655384,-0.01017851826616456
2024-09-15,93.7,86.0675,82.476,77.63600000000002,69.14500000000001,64.036,85.97902462508516,91.37486676528276,-2.9399999999999977,-0.0304221854304636,-2.3300000000000125,-0.026358211487881533,-3.2630000000000052,-0.0380573601278299,-1.4799999999999898,-0.018706709135952182,-0.1424999999999983,-0.0020566480245354235,-0.2639999999999816,-0.004105754276827134,-5.290550029128994,-0.057966195735795645,10.824075849033775,0.13437578608368828
2024-09-19,96.64,88.39750000000001,85.739,79.11600000000001,69.28750000000001,64.29999999999998,90.59907698859256,79.97929437270255,2.9399999999999977,0.031376734258271144,2.3300000000000125,0.027071775060272696,3.2630000000000052,0.03956302439497561,1.4799999999999898,0.019063321139677347,0.1424999999999983,0.0020608865427724776,0.2639999999999816,0.004122680991941685,4.620052363507398,0.05373464497478664,-11.395572392580206,-0.12471232841140378
2024-09-26,96.64,88.39750000000001,85.739,79.11600000000001,69.28750000000001,64.29999999999998,90.26954156017776,79.78154189486462,0.0,0.0,0.0,0.0,0.0,0.0,0.0,0.0,0.0,0.0,0.0,0.0,-0.32953542841480044,-0.003637293440156064,-0.1977524778379376,-0.00247254591815238
2024-10-03,96.64,88.39750000000001,85.739,79.11600000000001,69.28750000000001,64.29999999999998,89.91022149900999,79.4971829482041,0.0,0.0,0.0,0.0,0.0,0.0,0.0,0.0,0.0,0.0,0.0,0.0,-0.3593200611677645,-0.003980523828496785,-0.2843589466605181,-0.003564219741895247
2024-10-10,96.64,88.39750000000001,85.739,79.11600000000001,69.28750000000001,64.29999999999998,90.2558044129961,78.76102796321193,0.0,0.0,0.0,0.0,0.0,0.0,0.0,0.0,0.0,0.0,0.0,0.0,0.34558291398610663,0.0038436443401477227,-0.7361549849921687,-0.009260139261435318
2024-10-15,90.99,85.45,79.93599999999999,74.678,65.4,61.36,85.97902462508516,91.37486676528276,-5.650000000000006,-0.05846440397350994,-2.947500000000005,-0.03334370315902602,-5.8030000000000115,-0.06768215164627545,-4.438000000000017,-0.05609484807118681,-3.887500000000003,-0.05610680137109869,-2.9399999999999835,-0.04572317262830461,-4.2767797879109395,-0.0473850941302465,12.61383880207083,0.16015330333121813
2024-10-17,96.64,88.39750000000001,85.739,79.11600000000001,69.28750000000001,64.29999999999998,88.39164231965468,77.49090382311051,5.650000000000006,0.062094735685240154,2.947500000000005,0.03449385605617317,5.8030000000000115,0.07259557646116899,4.438000000000017,0.05942847960577424,3.887500000000003,0.059441896024464924,2.9399999999999835,0.04791395045632307,2.4126176945695192,0.028060538079954123,-13.883962942172246,-0.15194509643265885
2024-10-24,96.64,88.39750000000001,85.739,79.11600000000001,69.28750000000001,64.29999999999998,88.17418952392669,76.67885109993962,0.0,0.0,0.0,0.0,0.0,0.0,0.0,0.0,0.0,0.0,0.0,0.0,-0.21745279572799348,-0.002460105842830851,-0.8120527231708934,-0.01047932961299014
2024-10-31,96.64,88.39750000000001,85.739,79.11600000000001,69.28750000000001,64.29999999999998,87.28932992069296,76.66673743378853,0.0,0.0,0.0,0.0,0.0,0.0,0.0,0.0,0.0,0.0,0.0,0.0,-0.8848596032337213,-0.010035358510367853,-0.012113666151094549,-0.0001579792338738395
2024-11-07,96.64,88.39750000000001,85.739,79.11600000000001,69.28750000000001,64.29999999999998,87.02464007113345,76.383658539479,0.0,0.0,0.0,0.0,0.0,0.0,0.0,0.0,0.0,0.0,0.0,0.0,-0.2646898495595167,-0.0030323276602077787,-0.2830788943095257,-0.0036923299958342426
2024-11-14,96.64,88.39750000000001,85.739,79.11600000000001,69.28750000000001,64.29999999999998,86.86407155305317,76.31363030964154,0.0,0.0,0.0,0.0,0.0,0.0,0.0,0.0,0.0,0.0,0.0,0.0,-0.16056851808028227,-0.0018450925846867916,-0.07002822983746171,-0.000916795963645356
2024-11-15,97.01,84.87,78.364,73.78200000000001,62.545,58.739,85.97902462508516,91.37486676528276,0.37000000000000455,0.0038286423841060735,-3.5275000000000034,-0.0399049746881982,-7.375,-0.08601686513721873,-5.334000000000003,-0.06741999089943884,-6.742500000000007,-0.09731192495038798,-5.560999999999986,-0.08648522550544302,-0.8850469279680055,-0.010188872247687053,15.061236455641222,0.19735971666569196
2024-11-21,96.64,88.39750000000001,85.739,79.11600000000001,69.28750000000001,64.29999999999998,86.72470195073734,76.51294382693192,-0.37000000000000455,-0.003814039789712398,3.5275000000000034,0.04156356780959114,7.375,0.09411209228727468,5.334000000000003,0.07229405546068146,6.742500000000007,0.10780238228475514,5.560999999999986,0.09467304516590325,0.7456773256521814,0.008672781866318369,-14.861922938350844,-0.16264782061490812
2024-11-28,96.64,88.39750000000001,85.739,79.11600000000001,69.28750000000001,64.29999999999998,86.1943544071578,76.17732034465253,0.0,0.0,0.0,0.0,0.0,0.0,0.0,0.0,0.0,0.0,0.0,0.0,-0.5303475435795377,-0.006115299697205034,-0.335623482279388,-0.0043864928663384095
2024-12-05,96.64,88.39750000000001,85.739,79.11600000000001,69.28750000000001,64.29999999999998,85.35476494804549,75.45459029895156,0.0,0.0,0.0,0.0,0.0,0.0,0.0,0.0,0.0,0.0,0.0,0.0,-0.8395894591123181,-0.009740654882642752,-0.7227300457009704,-0.009487470055799974
2024-12-12,96.64,88.39750000000001,85.739,79.11600000000001,69.28750000000001,64.29999999999998,85.13653163259126,74.59039885806843,0.0,0.0,0.0,0.0,0.0,0.0,0.0,0.0,0.0,0.0,0.0,0.0,-0.21823331545422775,-0.002556779525865527,-0.8641914408831326,-0.011453132771103824
2024-12-15,98.3,85.47999999999999,81.33,75.0,60.505,58.148,85.97902462508516,91.37486676528276,1.6599999999999966,0.01717715231788075,-2.917500000000018,-0.03300432704544831,-4.409000000000006,-0.05142350622237257,-4.116000000000014,-0.05202487486728369,-8.782500000000006,-0.126754465091106,-6.15199999999998,-0.0956765163297042,0.8424929924939022,0.009895787112043752,16.784467907214335,0.2250218280659959
2024-12-19,96.64,88.39750000000001,85.739,79.11600000000001,69.28750000000001,64.29999999999998,85.93515941647097,73.9474067075992,-1.6599999999999966,-0.01688708036622577,2.917500000000018,0.0341307908282642,4.409000000000006,0.054211238165498665,4.116000000000014,0.05488000000000026,8.782500000000006,0.14515329311627156,6.15199999999998,0.10579899566623063,-0.04386520861419285,-0.0005101849992538154,-17.42746005768356,-0.19072487517218473
2024-12-26,96.64,88.39750000000001,85.739,79.11600000000001,69.28750000000001,64.29999999999998,86.73734637030228,73.73238913341704,0.0,0.0,0.0,0.0,0.0,0.0,0.0,0.0,0.0,0.0,0.0,0.0,0.8021869538313098,0.009334793340449066,-0.2150175741821556,-0.002907709462109609
2025-01-02,96.64,88.39750000000001,85.739,79.11600000000001,69.28750000000001,64.29999999999998,89.93775823495143,73.98430968025542,0.0,0.0,0.0,0.0,0.0,0.0,0.0,0.0,0.0,0.0,0.0,0.0,3.200411864649155,0.03689773780933803,0.2519205468383774,0.003416687697214593
2025-01-09,96.64,88.39750000000001,85.739,79.11600000000001,69.28750000000001,64.29999999999998,91.24793864740305,76.756434760727,0.0,0.0,0.0,0.0,0.0,0.0,0.0,0.0,0.0,0.0,0.0,0.0,1.310180412451615,0.014567634752791214,2.7721250804715822,0.03746909435868395
2025-01-15,97.4,87.8625,83.768,79.09400000000002,62.0925,58.476,85.97902462508516,91.37486676528276,0.7600000000000051,0.007864238410596025,-0.5350000000000108,-0.006052207358805517,-1.9710000000000036,-0.022988371686163855,-0.02199999999999136,-0.0002780727033721009,-7.195000000000007,-0.10384268446689526,-5.823999999999984,-0.09057542768273696,-5.268914022317887,-0.05774282795228758,14.618432004555757,0.19045220182680223
2025-01-16,96.64,88.39750000000001,85.739,79.11600000000001,69.28750000000001,64.29999999999998,92.80323347468024,80.6892551156824,-0.7600000000000051,-0.007802874743326527,0.5350000000000108,0.006089059610186576,1.9710000000000036,0.023529271320790857,0.02199999999999136,0.0002781500493083122,7.195000000000007,0.11587550831420868,5.823999999999984,0.09959641562350341,6.824208849595081,0.07937062416504848,-10.68561164960036,-0.11694256886906107
2025-01-23,96.64,88.39750000000001,85.739,79.11600000000001,69.28750000000001,64.29999999999998,92.17107493801112,81.65179204207065,0.0,0.0,0.0,0.0,0.0,0.0,0.0,0.0,0.0,0.0,0.0,0.0,-0.6321585366691238,-0.006811815849515623,0.9625369263882533,0.01192893558142627
2025-01-30,96.64,88.39750000000001,85.739,79.11600000000001,69.28750000000001,64.29999999999998,91.35824169511402,81.05072941129457,0.0,0.0,0.0,0.0,0.0,0.0,0.0,0.0,0.0,0.0,0.0,0.0,-0.8128332428970992,-0.008818745397553007,-0.6010626307760845,-0.007361291353732868
2025-02-06,96.64,88.39750000000001,85.739,79.11600000000001,69.28750000000001,64.29999999999998,90.94013288816652,80.62959218780928,0.0,0.0,0.0,0.0,0.0,0.0,0.0,0.0,0.0,0.0,0.0,0.0,-0.41810880694750097,-0.0045765855295556435,-0.4211372234852888,-0.0051959708017952355
2025-02-13,96.64,88.39750000000001,85.739,79.11600000000001,69.28750000000001,64.29999999999998,90.51674776786967,80.84651423012345,0.0,0.0,0.0,0.0,0.0,0.0,0.0,0.0,0.0,0.0,0.0,0.0,-0.4233851202968424,-0.004655646597938268,0.21692204231416667,0.0026903527157733365
2025-02-15,99.9,89.485,86.21799999999999,82.136,64.825,59.472,85.97902462508516,91.37486676528276,3.260000000000005,0.03373344370860942,1.0874999999999915,0.012302384117197862,0.478999999999985,0.005586722495013685,3.019999999999982,0.03817179837201046,-4.462500000000006,-0.06440555655782076,-4.827999999999982,-0.07508553654743366,-4.537723142784515,-0.05013131000266946,10.528352535159314,0.13022642516399863
2025-02-20,96.64,88.39750000000001,85.739,79.11600000000001,69.28750000000001,64.29999999999998,89.76738638910969,83.12731775332705,-3.260000000000005,-0.03263263263263272,-1.0874999999999915,-0.012152874783483147,-0.478999999999985,-0.0055556844278454864,-3.019999999999982,-0.03676828674393662,4.462500000000006,0.06883918241419207,4.827999999999982,0.081181059994619,3.788361764024529,0.044061464764735714,-8.247549011955712,-0.0902605859129888
2025-02-27,96.64,88.39750000000001,85.739,79.11600000000001,69.28750000000001,64.29999999999998,89.11125028645074,86.33487917866846,0.0,0.0,0.0,0.0,0.0,0.0,0.0,0.0,0.0,0.0,0.0,0.0,-0.6561361026589481,-0.007309292706984105,3.20756142534141,0.03858612922961813
2025-03-06,96.64,88.39750000000001,85.739,79.11600000000001,69.28750000000001,64.29999999999998,88.08973728954848,87.81739834667191,0.0,0.0,0.0,0.0,0.0,0.0,0.0,0.0,0.0,0.0,0.0,0.0,-1.0215129969022598,-0.011463344904471429,1.4825191680034493,0.01717172922586019
2025-03-13,96.64,88.39750000000001,85.739,79.11600000000001,69.28750000000001,64.29999999999998,87.0727825278474,88.85261726996679,0.0,0.0,0.0,0.0,0.0,0.0,0.0,0.0,0.0,0.0,0.0,0.0,-1.0169547617010863,-0.011544531667274538,1.0352189232948774,0.011788312370724086
2025-03-15,96.67,90.455,86.96,83.69,74.195,64.755,85.97902462508516,91.37486676528276,0.030000000000001137,0.0003104304635761501,2.0574999999999903,0.023275545122882324,1.2209999999999894,0.014240893875599125,4.573999999999984,0.05781384296476033,4.907499999999985,0.07082807144145753,0.4550000000000125,0.007076205287714021,-1.0937579027622348,-0.012561421273202478,2.5222494953159753,0.02838689025504393
2025-03-20,96.64,88.39750000000001,85.739,79.11600000000001,69.28750000000001,64.29999999999998,86.26850378114976,89.93625963707707,-0.030000000000001137,-0.0003103341264094617,-2.0574999999999903,-0.022746116853683995,-1.2209999999999894,-0.014040938362465338,-4.573999999999984,-0.054654080535308736,-4.907499999999985,-0.06614327110991292,-0.4550000000000125,-0.007026484441356118,0.2894791560646013,0.0033668578740790878,-1.438607128205689,-0.01574401341564835
2025-03-27,96.64,88.39750000000001,85.739,79.11600000000001,69.28750000000001,64.29999999999998,85.64702275433548,91.96954474469824,0.0,0.0,0.0,0.0,0.0,0.0,0.0,0.0,0.0,0.0,0.0,0.0,-0.6214810268142799,-0.007204031594089999,2.033285107621168,0.02260806837894025
2025-04-03,96.64,88.39750000000001,85.739,79.11600000000001,69.28750000000001,64.29999999999998,85.34852079023565,94.35893417221511,0.0,0.0,0.0,0.0,0.0,0.0,0.0,0.0,0.0,0.0,0.0,0.0,-0.29850196409982743,-0.0034852579167408138,2.3893894275168748,0.025980224585754774
2025-04-10,96.64,88.39750000000001,85.739,79.11600000000001,69.28750000000001,64.29999999999998,85.69347928844076,96.1337423672976,0.0,0.0,0.0,0.0,0.0,0.0,0.0,0.0,0.0,0.0,0.0,0.0,0.34495849820510216,0.0040417630558930995,1.7748081950824854,0.018809116599846964
2025-04-15,100.9,90.515,87.478,82.632,78.375,67.99,85.97902462508516,91.37486676528276,4.260000000000005,0.04408112582781465,2.1174999999999926,0.02395429735003818,1.73899999999999,0.020282485216762458,3.515999999999991,0.04444107386622154,9.087499999999991,0.13115641349449736,3.690000000000012,0.057387247278382736,0.28554533664440385,0.0033321711175160473,-4.7588756020148395,-0.04950265624563577
2025-04-17,96.64,88.39750000000001,85.739,79.11600000000001,69.28750000000001,64.29999999999998,86.88345966305276,97.25391305759548,-4.260000000000005,-0.042220019821605614,-2.1174999999999926,-0.0233939126111693,-1.73899999999999,-0.019879283934246206,-3.515999999999991,-0.04255010165553286,-9.087499999999991,-0.11594896331738425,-3.690000000000012,-0.054272687159876654,0.9044350379676018,0.010519252130521739,5.879046292312722,0.06433986171946371
2025-04-24,96.64,88.39750000000001,85.739,79.11600000000001,69.28750000000001,64.29999999999998,87.37809062395996,99.25179379043485,0.0,0.0,0.0,0.0,0.0,0.0,0.0,0.0,0.0,0.0,0.0,0.0,0.4946309609072017,0.005693039421144741,1.9978807328393628,0.020542934160974857
2025-05-01,96.64,88.39750000000001,85.739,79.11600000000001,69.28750000000001,64.29999999999998,87.16488385554267,99.8761159090526,0.0,0.0,0.0,0.0,0.0,0.0,0.0,0.0,0.0,0.0,0.0,0.0,-0.2132067684172938,-0.0024400483793454164,0.624322118617755,0.006290285492834391
2025-05-08,96.64,88.39750000000001,85.739,79.11600000000001,69.28750000000001,64.29999999999998,86.68807996518257,97.73171601320514,0.0,0.0,0.0,0.0,0.0,0.0,0.0,0.0,0.0,0.0,0.0,0.0,-0.4768038903601024,-0.0054701373909968876,-2.1443998958474566,-0.021470597613148623
2025-05-15,99.87,90.475,87.2,81.29,76.7,69.19,86.24309005886369,96.4542237668881,3.230000000000004,0.03342301324503305,2.0774999999999864,0.02350179586526746,1.4609999999999985,0.017040086774979812,2.1739999999999924,0.027478638960513502,7.412499999999994,0.10698177882013349,4.890000000000015,0.07604976671850716,-0.4449899063188809,-0.005133230618299622,-1.2774922463170384,-0.013071419375716542
2025-05-22,96.64,88.39750000000001,85.739,79.11600000000001,69.28750000000001,64.29999999999998,85.7929175015626,96.09256214654164,-3.230000000000004,-0.03234204465805546,-2.0774999999999864,-0.02296214423873988,-1.4609999999999985,-0.01675458715596323,-2.1739999999999924,-0.026743756919670236,-7.412499999999994,-0.09664276401564531,-4.890000000000015,-0.0706749530278944,-0.4501725573010873,-0.005219810155153604,-0.3616616203464673,-0.0037495674758685205
2025-05-29,96.64,88.39750000000001,85.739,79.11600000000001,69.28750000000001,64.29999999999998,85.38223924240883,95.9654935351112,0.0,0.0,0.0,0.0,0.0,0.0,0.0,0.0,0.0,0.0,0.0,0.0,-0.41067825915376943,-0.004786855035513682,-0.12706861143044534,-0.0013223563675683891
2025-06-05,96.64,88.39750000000001,85.739,79.11600000000001,69.28750000000001,64.29999999999998,85.29697526751534,95.89318618767317,0.0,0.0,0.0,0.0,0.0,0.0,0.0,0.0,0.0,0.0,0.0,0.0,-0.08526397489349336,-0.0009986148834937314,-0.07230734743802714,-0.0007534723656850151
2025-06-12,96.64,88.39750000000001,85.739,79.11600000000001,69.28750000000001,64.29999999999998,85.76100985515428,95.9829147354007,0.0,0.0,0.0,0.0,0.0,0.0,0.0,0.0,0.0,0.0,0.0,0.0,0.4640345876389489,0.005440223245708475,0.0897285477275318,0.0009357134880461082
2025-06-15,96.4,89.57,86.96,79.8,75.285,67.869,85.97902462508516,91.37486676528276,-0.23999999999999488,-0.002483443708609201,1.1724999999999852,0.013263949772335026,1.2209999999999894,0.014240893875599125,0.6839999999999833,0.008645533141210082,5.997499999999988,0.08655962475193912,3.569000000000017,0.05550544323483697,0.21801476993087476,0.0025421199015622786,-4.608047970117937,-0.048009043930590134
2025-06-19,96.64,88.39750000000001,85.739,79.11600000000001,69.28750000000001,64.29999999999998,85.75105042344757,96.15837556985744,0.23999999999999488,0.0024896265560165887,-1.1724999999999852,-0.013090320419783197,-1.2209999999999894,-0.014040938362465338,-0.6839999999999833,-0.008571428571428341,-5.997499999999988,-0.07966394368067997,-3.569000000000017,-0.0525866006571486,-0.2279742016375934,-0.0026515095121361076,4.78350880457468,0.052350377887414146
2025-06-26,96.64,88.39750000000001,85.739,79.11600000000001,69.28750000000001,64.29999999999998,85.56822148277519,96.30498839523273,0.0,0.0,0.0,0.0,0.0,0.0,0.0,0.0,0.0,0.0,0.0,0.0,-0.18282894067237976,-0.0021320898084578044,0.14661282537528564,0.0015247015614232584
2025-07-03,96.64,88.39750000000001,85.739,79.11600000000001,69.28750000000001,64.29999999999998,85.30478046477764,96.48719292012412,0.0,0.0,0.0,0.0,0.0,0.0,0.0,0.0,0.0,0.0,0.0,0.0,-0.2634410179975504,-0.0030787249452248755,0.1822045248913895,0.0018919531368783993
2025-07-10,96.64,88.39750000000001,85.739,79.11600000000001,69.28750000000001,64.29999999999998,85.24118371748433,96.68104279933088,0.0,0.0,0.0,0.0,0.0,0.0,0.0,0.0,0.0,0.0,0.0,0.0,-0.06359674729330322,-0.0007455238375481121,0.19384987920676622,0.0020090736743398896
2025-07-15,96.8,89.02250000000001,86.8,81.39,73.6325,66.91499999999999,85.97902462508516,91.37486676528276,0.1599999999999966,0.0016556291390728006,0.625,0.0070703356995389655,1.0609999999999928,0.012374765276012,2.2739999999999867,0.02874260579402388,4.344999999999985,0.06270972397618602,2.615000000000009,0.04066874027993794,0.7378409076008268,0.008655920476729362,-5.306176034048121,-0.05488331404390734
2025-07-17,96.64,88.39750000000001,85.739,79.11600000000001,69.28750000000001,64.29999999999998,85.22622895952975,96.77489249121292,-0.1599999999999966,-0.0016528925619834212,-0.625,-0.007020697014799682,-1.0609999999999928,-0.012223502304147371,-2.2739999999999867,-0.027939550313306194,-4.344999999999985,-0.059009269004855036,-2.615000000000009,-0.03907942912650386,-0.7527956655554107,-0.008755573453385956,5.400025725930163,0.05909749493590355
2025-07-24,96.64,88.39750000000001,85.739,79.11600000000001,69.28750000000001,64.29999999999998,84.86559762522191,96.69259449127912,0.0,0.0,0.0,0.0,0.0,0.0,0.0,0.0,0.0,0.0,0.0,0.0,-0.3606313343078398,-0.004231459478033273,-0.08229799993380027,-0.0008504065239987035
2025-07-31,96.64,88.39750000000001,85.739,79.11600000000001,69.28750000000001,64.29999999999998,84.39297732059443,96.58288463856005,0.0,0.0,0.0,0.0,0.0,0.0,0.0,0.0,0.0,0.0,0.0,0.0,-0.4726203046274833,-0.005569044675966861,-0.10970985271907807,-0.0011346251829965626
2025-08-07,96.64,88.39750000000001,85.739,79.11600000000001,69.28750000000001,64.29999999999998,83.95185879211763,96.54001849519544,0.0,0.0,0.0,0.0,0.0,0.0,0.0,0.0,0.0,0.0,0.0,0.0,-0.44111852847679245,-0.005226957769259188,-0.04286614336460559,-0.0004438275324352148
2025-08-14,96.64,88.39750000000001,85.739,79.11600000000001,69.28750000000001,64.29999999999998,83.51255106940569,96.50383360068736,0.0,0.0,0.0,0.0,0.0,0.0,0.0,0.0,0.0,0.0,0.0,0.0,-0.43930772271194485,-0.0052328528400992225,-0.036184894508082266,-0.00037481756345303374
2025-08-15,96.64,88.98499999999999,85.64,81.19,71.825,65.50999999999999,85.97902462508516,91.37486676528276,0.0,0.0,0.5874999999999773,0.006646115557566334,-0.09900000000000375,-0.0011546670709945417,2.073999999999984,0.026214672127003125,2.5374999999999943,0.036622767454447036,1.210000000000008,0.018818040435458983,2.466473555679471,0.029534166111506277,-5.128966835404597,-0.05314780402017172
2025-08-21,96.64,88.39750000000001,85.739,79.11600000000001,69.28750000000001,64.29999999999998,82.85585299254386,96.29721441875944,0.0,0.0,-0.5874999999999773,-0.006602236331965772,0.09900000000000375,0.0011560018682859052,-2.073999999999984,-0.025545017859342045,-2.5374999999999943,-0.03532892446919589,-1.210000000000008,-0.018470462524805442,-3.1231716325413004,-0.03632480882587363,4.9223476534766775,0.05386982030978893
2025-08-28,96.64,88.39750000000001,85.739,79.11600000000001,69.28750000000001,64.29999999999998,82.24095955221897,95.96692969140749,0.0,0.0,0.0,0.0,0.0,0.0,0.0,0.0,0.0,0.0,0.0,0.0,-0.6148934403248916,-0.007421243257011989,-0.3302847273519518,-0.003429847159603927
2025-09-04,96.64,88.39750000000001,85.739,79.11600000000001,69.28750000000001,64.29999999999998,81.49793599363596,95.51641370542686,0.0,0.0,0.0,0.0,0.0,0.0,0.0,0.0,0.0,0.0,0.0,0.0,-0.7430235585830047,-0.00903471412090251,-0.4505159859806298,-0.004694492023755603
2025-09-11,96.64,88.39750000000001,85.739,79.11600000000001,69.28750000000001,64.29999999999998,80.6684620701756,94.90311252534347,0.0,0.0,0.0,0.0,0.0,0.0,0.0,0.0,0.0,0.0,0.0,0.0,-0.8294739234603696,-0.010177851909343394,-0.6133011800833827,-0.0064208983177991286
2025-09-15,95.8,89.375,83.08,78.764,69.43,64.109,85.97902462508516,91.37486676528276,-0.8400000000000034,-0.008692052980132536,0.977499999999992,0.011058005034078944,-2.659000000000006,-0.031012724664388536,-0.3520000000000181,-0.00444916325395639,0.1424999999999983,0.0020566480245354235,-0.1909999999999883,-0.0029704510108863325,5.310562554909566,0.06583195487586924,-3.528245760060713,-0.0371773450435412
2025-09-18,96.64,88.39750000000001,85.739,79.11600000000001,69.28750000000001,64.29999999999998,80.01288794171954,94.26408541508351,0.8400000000000034,0.008768267223381976,-0.977499999999992,-0.01093706293706287,2.659000000000006,0.032005296100144465,0.3520000000000181,0.004469046772637375,-0.1424999999999983,-0.002052426904796123,0.1909999999999883,0.0029793008781915375,-5.966136683365619,-0.06939060671345354,2.8892186498007533,0.03161940205310909
2025-09-25,96.64,88.39750000000001,85.739,79.11600000000001,69.28750000000001,64.29999999999998,79.80267836905097,93.70467131689912,0.0,0.0,0.0,0.0,0.0,0.0,0.0,0.0,0.0,0.0,0.0,0.0,-0.21020957266857465,-0.0026271964189280572,-0.5594140981843907,-0.005934541195844245
2025-10-02,96.64,88.39750000000001,85.739,79.11600000000001,69.28750000000001,64.29999999999998,79.56377689124614,93.41463018663164,0.0,0.0,0.0,0.0,0.0,0.0,0.0,0.0,0.0,0.0,0.0,0.0,-0.23890147780483062,-0.002993652377179856,-0.29004113026748257,-0.003095268636998827
2025-10-09,96.64,88.39750000000001,85.739,79.11600000000001,69.28750000000001,64.29999999999998,78.91763144108293,93.40760550909556,0.0,0.0,0.0,0.0,0.0,0.0,0.0,0.0,0.0,0.0,0.0,0.0,-0.6461454501632033,-0.008121100774871493,-0.007024677536080048,-7.519890109342064e-05
2025-10-15,93.5,86.555,80.77,75.19,65.9325,61.44,85.97902462508516,91.37486676528276,-3.1400000000000006,-0.0324917218543046,-1.8425000000000011,-0.020843349642240994,-4.969000000000008,-0.05795495632092751,-3.926000000000016,-0.04962333788361417,-3.355000000000004,-0.04842143243730834,-2.859999999999985,-0.044479004665629596,7.0613931840022275,0.0894780172067633,-2.0327387438128,-0.02176202604417332
2025-10-16,96.64,88.39750000000001,85.739,79.11600000000001,69.28750000000001,64.29999999999998,77.70548430624598,93.1829407110972,3.1400000000000006,0.03358288770053486,1.8425000000000011,0.021287042920686172,4.969000000000008,0.06152036647270043,3.926000000000016,0.052214390211464456,3.355000000000004,0.050885375194327676,2.859999999999985,0.04654947916666652,-8.273540318839181,-0.09622742703719045,1.8080739458144421,0.01978743181600362
2025-10-23,96.64,88.39750000000001,85.739,79.11600000000001,69.28750000000001,64.29999999999998,76.66342803014929,92.66895286097946,0.0,0.0,0.0,0.0,0.0,0.0,0.0,0.0,0.0,0.0,0.0,0.0,-1.0420562760966874,-0.013410331142005738,-0.5139878501177435,-0.005515900723838563
2025-10-30,96.64,88.39750000000001,85.739,79.11600000000001,69.28750000000001,64.29999999999998,76.69137063634838,92.1451304623112,0.0,0.0,0.0,0.0,0.0,0.0,0.0,0.0,0.0,0.0,0.0,0.0,0.027942606199090392,0.0003644841734458115,-0.5238223986682584,-0.005652620241151207
2025-11-06,96.64,88.39750000000001,85.739,79.11600000000001,69.28750000000001,64.29999999999998,76.44519471469506,91.58103324576943,0.0,0.0,0.0,0.0,0.0,0.0,0.0,0.0,0.0,0.0,0.0,0.0,-0.24617592165331814,-0.0032099559521582277,-0.5640972165417679,-0.006121834259841807
2025-11-13,96.64,88.39750000000001,85.739,79.11600000000001,69.28750000000001,64.29999999999998,76.25493522622897,91.7958010536392,0.0,0.0,0.0,0.0,0.0,0.0,0.0,0.0,0.0,0.0,0.0,0.0,-0.19025948846609708,-0.002488835160616376,0.21476780786976235,0.0023451123039135435
2025-11-15,97.01,85.6,78.822,74.0,62.645,58.769,85.97902462508516,91.37486676528276,0.37000000000000455,0.0038286423841060735,-2.7975000000000136,-0.031646822591136825,-6.917000000000002,-0.08067507202090063,-5.116000000000014,-0.06466454320238657,-6.642500000000005,-0.09586866317878406,-5.530999999999985,-0.0860186625194399,9.724089398856194,0.12752078760551422,-0.42093428835643465,-0.004585550575570085
2025-11-20,96.64,88.39750000000001,85.739,79.11600000000001,69.28750000000001,64.29999999999998,76.52477650598159,92.79392967954358,-0.37000000000000455,-0.003814039789712398,2.7975000000000136,0.03268107476635529,6.917000000000002,0.08775468777752415,5.116000000000014,0.06913513513513525,6.642500000000005,0.10603400111740768,5.530999999999985,0.09411424390409895,-9.454248119103568,-0.1099599368605213,1.4190629142608202,0.01553012293748135
2025-11-27,96.64,88.39750000000001,85.739,79.11600000000001,69.28750000000001,64.29999999999998,76.27341793334612,93.63423721680404,0.0,0.0,0.0,0.0,0.0,0.0,0.0,0.0,0.0,0.0,0.0,0.0,-0.2513585726354677,-0.0032846691504655467,0.8403075372604576,0.009055630472406984
2025-12-04,96.64,88.39750000000001,85.739,79.11600000000001,69.28750000000001,64.29999999999998,75.56735978899742,94.4382974179783,0.0,0.0,0.0,0.0,0.0,0.0,0.0,0.0,0.0,0.0,0.0,0.0,-0.7060581443487024,-0.009256935948061429,0.8040602011742664,0.008587245702792679
2025-12-11,96.64,88.39750000000001,85.739,79.11600000000001,69.28750000000001,64.29999999999998,74.72811375856465,94.34213738770664,0.0,0.0,0.0,0.0,0.0,0.0,0.0,0.0,0.0,0.0,0.0,0.0,-0.8392460304327756,-0.011105932942161223,-0.09616003027166187,-0.0010182312991736664
2025-12-15,98.3,85.75500000000001,81.61,75.8,60.985,58.19,85.97902462508516,91.37486676528276,1.6599999999999966,0.01717715231788075,-2.6424999999999983,-0.029893379337650905,-4.129000000000005,-0.048157781173095104,-3.3160000000000167,-0.04191314019920134,-8.302500000000009,-0.11982680858740768,-6.109999999999985,-0.09502332814929992,11.250910866520513,0.15055793998588696,-2.9672706224238823,-0.03145223019730459
2025-12-18,96.64,88.39750000000001,85.739,79.11600000000001,69.28750000000001,64.29999999999998,73.97812796402367,94.37697978828558,-1.6599999999999966,-0.01688708036622577,2.6424999999999983,0.030814529765028187,4.129000000000005,0.05059428991545167,3.3160000000000167,0.04374670184696594,8.302500000000009,0.13614003443469724,6.109999999999985,0.10500085925416713,-12.00089666106149,-0.13957935337591765,3.0021130230028206,0.0328549099908888
2025-12-25,96.64,88.39750000000001,85.739,79.11600000000001,69.28750000000001,64.29999999999998,73.7631103898415,94.73383340711848,0.0,0.0,0.0,0.0,0.0,0.0,0.0,0.0,0.0,0.0,0.0,0.0,-0.21501757418216982,-0.0029065019634821887,0.35685361883290057,0.0037811510776613044
2026-01-01,96.64,88.39750000000001,85.739,79.11600000000001,69.28750000000001,64.29999999999998,73.85939530326938,95.02499848579174,0.0,0.0,0.0,0.0,0.0,0.0,0.0,0.0,0.0,0.0,0.0,0.0,0.09628491342787981,0.0013053261029667418,0.29116507867325936,0.003073506773678014
2026-01-08,96.64,88.39750000000001,85.739,79.11600000000001,69.28750000000001,64.29999999999998,75.99895597681419,94.68022731232092,0.0,0.0,0.0,0.0,0.0,0.0,0.0,0.0,0.0,0.0,0.0,0.0,2.139560673544807,0.028968023157510236,-0.34477117347081787,-0.0036282155113358527
2026-01-15,97.4,89.035,83.882,80.23,62.81,58.512,80.38828670924765,93.9214684760571,0.7600000000000051,0.007864238410596025,0.6374999999999886,0.00721174241352962,-1.8569999999999993,-0.02165875505895798,1.11399999999999,0.014080590525304526,-6.477500000000006,-0.09348728125563777,-5.7879999999999825,-0.09001555209953316,4.389330732433464,0.057755145133474795,-0.7587588362638229,-0.008013910166912774
2026-01-22,96.64,88.39750000000001,85.739,79.11600000000001,69.28750000000001,64.29999999999998,81.7322167946615,93.43867019419956,-0.7600000000000051,-0.007802874743326527,-0.6374999999999886,-0.00716010557645852,1.8569999999999993,0.022138241815884196,-1.11399999999999,-0.013885080393867488,6.477500000000006,0.10312848272568065,5.7879999999999825,0.09891987968279992,1.3439300854138452,0.016717983930602198,-0.4827982818575407,-0.0051404464782257575
2026-01-29,96.64,88.39750000000001,85.739,79.11600000000001,69.28750000000001,64.29999999999998,81.1438298042394,92.90938415744768,0.0,0.0,0.0,0.0,0.0,0.0,0.0,0.0,0.0,0.0,0.0,0.0,-0.5883869904220944,-0.0071989603793607415,-0.5292860367518841,-0.005664528782910017
2026-02-05,96.64,88.39750000000001,85.739,79.11600000000001,69.28750000000001,64.29999999999998,80.6458269981149,92.63991752716365,0.0,0.0,0.0,0.0,0.0,0.0,0.0,0.0,0.0,0.0,0.0,0.0,-0.49800280612450365,-0.0061372849583997136,-0.26946663028402895,-0.002900316612016063
2026-02-12,96.64,88.39750000000001,85.739,79.11600000000001,69.28750000000001,64.29999999999998,80.75257087587427,93.68056886775312,0.0,0.0,0.0,0.0,0.0,0.0,0.0,0.0,0.0,0.0,0.0,0.0,0.10674387775937078,0.0013236131580851573,1.040651340589477,0.01123329303789955
2026-02-15,99.9,89.735,86.39000000000001,82.468,65.15,59.666,85.97902462508516,91.37486676528276,3.260000000000005,0.03373344370860942,1.3374999999999915,0.015130518397013404,0.6510000000000105,0.007592810739570188,3.3519999999999897,0.042368168259264705,-4.137500000000003,-0.05971495580010833,-4.633999999999986,-0.07206842923794687,5.22645374921089,0.06472182485984912,-2.305702102470363,-0.02461238366010854
2026-02-19,96.64,88.39750000000001,85.739,79.11600000000001,69.28750000000001,64.29999999999998,82.49228690406538,95.05094296149166,-3.260000000000005,-0.03263263263263272,-1.3374999999999915,-0.014904998049813267,-0.6510000000000105,-0.007535594397499845,-3.3519999999999897,-0.04064606877819266,4.137500000000003,0.06350729086722962,4.633999999999986,0.07766567224214782,-3.4867377210197787,-0.04055335282324768,3.6760761962088964,0.04023071470683215
2026-02-26,96.64,88.39750000000001,85.739,79.11600000000001,69.28750000000001,64.29999999999998,86.11239983590355,95.39196764027658,0.0,0.0,0.0,0.0,0.0,0.0,0.0,0.0,0.0,0.0,0.0,0.0,3.6201129318381646,0.04388425957990694,0.34102467878491893,0.003587809527813679
2026-03-05,96.64,88.39750000000001,85.739,79.11600000000001,69.28750000000001,64.29999999999998,87.61986441435732,96.14772928079168,0.0,0.0,0.0,0.0,0.0,0.0,0.0,0.0,0.0,0.0,0.0,0.0,1.507464578453778,0.01750577827730293,0.7557616405151037,0.007922696839267163
2026-03-12,96.64,88.39750000000001,85.739,79.11600000000001,69.28750000000001,64.29999999999998,88.77094368581396,95.9654935351112,0.0,0.0,0.0,0.0,0.0,0.0,0.0,0.0,0.0,0.0,0.0,0.0,1.1510792714566378,0.013137195305543248,-0.18223574568048662,-0.001895372330097178
2026-03-15,96.67,91.03,87.628,84.094,74.41,64.8,85.97902462508516,91.37486676528276,0.030000000000001137,0.0003104304635761501,2.632499999999993,0.029780253966458226,1.8889999999999958,0.02203198077887536,4.97799999999998,0.06292026897214198,5.122499999999988,0.07393108425040573,0.5000000000000142,0.007776049766718751,-2.7919190607288016,-0.03145082100974628,-4.590626769828432,-0.04783622321651315
2026-03-19,96.64,88.39750000000001,85.739,79.11600000000001,69.28750000000001,64.29999999999998,89.68393321998106,95.2126978695558,-0.030000000000001137,-0.0003103341264094617,-2.632499999999993,-0.028919037679885684,-1.8889999999999958,-0.021557036563655374,-4.97799999999998,-0.05919566199728854,-5.122499999999988,-0.06884155355462962,-0.5000000000000142,-0.007716049382716306,3.7049085948958975,0.04309084234266791,3.837831104273036,0.04200094884002814
2026-03-26,96.64,88.39750000000001,85.739,79.11600000000001,69.28750000000001,64.29999999999998,91.62820785802283,95.0263097589318,0.0,0.0,0.0,0.0,0.0,0.0,0.0,0.0,0.0,0.0,0.0,0.0,1.944274638041776,0.021679185649371213,-0.1863881106239944,-0.001957597198635752
2026-04-02,96.64,88.39750000000001,85.739,79.11600000000001,69.28750000000001,64.29999999999998,94.01759728553972,95.3347399339493,0.0,0.0,0.0,0.0,0.0,0.0,0.0,0.0,0.0,0.0,0.0,0.0,2.389389427516889,0.02607700710701688,0.3084301750174916,0.0032457345318357422
2026-04-09,96.64,88.39750000000001,85.739,79.11600000000001,69.28750000000001,64.29999999999998,95.9972450775743,94.6687380619508,0.0,0.0,0.0,0.0,0.0,0.0,0.0,0.0,0.0,0.0,0.0,0.0,1.9796477920345836,0.021056141075614043,-0.666001871998489,-0.006985930548086827
2026-04-15,100.9,91.0,88.428,83.09,78.5925,68.067,85.97902462508516,91.37486676528276,4.260000000000005,0.04408112582781465,2.602499999999992,0.0294408778528803,2.688999999999993,0.03136262377681098,3.9739999999999895,0.050230041963698735,9.304999999999993,0.1342955078477357,3.76700000000001,0.058584758942457515,-10.018220452489146,-0.10435945786145773,-3.293871296668044,-0.03479365378793309
2026-04-16,96.64,88.39750000000001,85.739,79.11600000000001,69.28750000000001,64.29999999999998,97.06249839993455,94.58235013865152,-4.260000000000005,-0.042220019821605614,-2.602499999999992,-0.028598901098901064,-2.688999999999993,-0.03040892025150399,-3.9739999999999895,-0.047827656757732484,-9.304999999999993,-0.11839552120113228,-3.76700000000001,-0.05534253015411306,11.083473774849395,0.12890904291109728,3.2074833733687598,0.03510246840203779
2026-04-23,96.64,88.39750000000001,85.739,79.11600000000001,69.28750000000001,64.29999999999998,98.84105308970294,95.3128541608258,0.0,0.0,0.0,0.0,0.0,0.0,0.0,0.0,0.0,0.0,0.0,0.0,1.7785546897683844,0.018323809082680498,0.7305040221742729,0.007723470828367107
2026-04-30,96.64,88.39750000000001,85.739,79.11600000000001,69.28750000000001,64.29999999999998,100.2156732107522,95.9683346269147,0.0,0.0,0.0,0.0,0.0,0.0,0.0,0.0,0.0,0.0,0.0,0.0,1.3746201210492615,0.013907380365542288,0.6554804660889033,0.0068771465492249995
2026-05-07,96.64,88.39750000000001,85.739,79.11600000000001,69.28750000000001,64.29999999999998,97.99375209569548,98.52138343062772,0.0,0.0,0.0,0.0,0.0,0.0,0.0,0.0,0.0,0.0,0.0,0.0,-2.221921115056716,-0.022171393394564642,2.5530488037130254,0.026603033319669622
2026-05-14,96.64,88.39750000000001,85.739,79.11600000000001,69.28750000000001,64.29999999999998,96.53065225848069,100.84598972086742,0.0,0.0,0.0,0.0,0.0,0.0,0.0,0.0,0.0,0.0,0.0,0.0,-1.4630998372147985,-0.014930542059314322,2.3246062902397,0.0235949416187049
2026-05-15,101.7,91.2,88.082,82.012,76.87,69.32400000000001,85.97902462508516,91.37486676528276,5.060000000000002,0.052359271523178874,2.802499999999995,0.031703385276732776,2.3429999999999893,0.02732712068020371,2.8959999999999866,0.03660447949845769,7.582499999999996,0.10943532383185994,5.024000000000029,0.07813374805598805,-10.551627633395526,-0.1093085707650806,-9.471122955584661,-0.09391670389471984
2026-05-21,96.64,88.39750000000001,85.739,79.11600000000001,69.28750000000001,64.29999999999998,96.11120095760404,98.9898201495226,-5.060000000000002,-0.04975417895771883,-2.802499999999995,-0.030729166666666585,-2.3429999999999893,-0.026600213437478648,-2.8959999999999866,-0.0353119055747938,-7.582499999999996,-0.09864056198777149,-5.024000000000029,-0.07247129421268284,10.132176332518881,0.11784474616571461,7.61495338423984,0.08333750465322809
2026-05-28,96.64,88.39750000000001,85.739,79.11600000000001,69.28750000000001,64.29999999999998,95.9829771769788,97.54791922807225,0.0,0.0,0.0,0.0,0.0,0.0,0.0,0.0,0.0,0.0,0.0,0.0,-0.12822378062523399,-0.0013341190136807457,-1.4419009214503546,-0.014566153562784345
2026-06-04,96.64,88.39750000000001,85.739,79.11600000000001,69.28750000000001,64.29999999999998,95.8939667073994,97.102086360449,0.0,0.0,0.0,0.0,0.0,0.0,0.0,0.0,0.0,0.0,0.0,0.0,-0.0890104695794065,-0.0009273568313606928,-0.4458328676232526,-0.00457039854003316
2026-06-11,96.64,88.39750000000001,85.739,79.11600000000001,69.28750000000001,64.29999999999998,95.9519749334529,97.19874592334548,0.0,0.0,0.0,0.0,0.0,0.0,0.0,0.0,0.0,0.0,0.0,0.0,0.0580082260535022,0.0006049204975584477,0.09665956289649102,0.0009954426987046627
2026-06-15,97.3,89.855,88.078,80.09,75.47,67.899,85.97902462508516,91.37486676528276,0.6599999999999966,0.006829470198675525,1.457499999999996,0.01648802285132489,2.3389999999999986,0.027280467465214286,0.9739999999999895,0.012311036958390087,6.18249999999999,0.08922965902940638,3.599000000000018,0.0559720062208402,-9.972950308367743,-0.10393689463176181,-5.823879158062724,-0.059917225296874155
2026-06-18,96.64,88.39750000000001,85.739,79.11600000000001,69.28750000000001,64.29999999999998,96.14114169430228,96.94716880518664,-0.6599999999999966,-0.006783144912641315,-1.457499999999996,-0.016220577597239938,-2.3389999999999986,-0.02655600717545814,-0.9739999999999895,-0.012161318516668573,-6.18249999999999,-0.08191996819928438,-3.599000000000018,-0.05300519889836397,10.162117069217118,0.11819297920079253,5.5723020399038745,0.06098287458210594
2026-06-25,96.64,88.39750000000001,85.739,79.11600000000001,69.28750000000001,64.29999999999998,96.27910636111088,96.6613424814408,0.0,0.0,0.0,0.0,0.0,0.0,0.0,0.0,0.0,0.0,0.0,0.0,0.13796466680859965,0.0014350221390888596,-0.2858263237458374,-0.002948268910463958
2026-07-02,96.64,88.39750000000001,85.739,79.11600000000001,69.28750000000001,64.29999999999998,96.46096745732274,96.40233481548826,0.0,0.0,0.0,0.0,0.0,0.0,0.0,0.0,0.0,0.0,0.0,0.0,0.1818610962118612,0.001888894725816881,-0.259007665952538,-0.0026795372307421017
2026-07-09,96.64,88.39750000000001,85.739,79.11600000000001,69.28750000000001,64.29999999999998,96.65141427052312,96.19150082703872,0.0,0.0,0.0,0.0,0.0,0.0,0.0,0.0,0.0,0.0,0.0,0.0,0.19044681320038137,0.0019743406915821993,-0.2108339884495365,-0.002187021599145522
2026-07-15,96.8,89.2,86.87599999999999,81.75399999999999,73.66,66.988,85.97902462508516,91.37486676528276,0.1599999999999966,0.0016556291390728006,0.8024999999999949,0.009078311038207998,1.1369999999999862,0.013261176360815696,2.637999999999977,0.03334344506800102,4.372499999999988,0.06310662096337705,2.6880000000000166,0.041804043545878855,-10.67238964543796,-0.11042145348816523,-4.816634061755963,-0.05007338507397574
2026-07-16,96.64,88.39750000000001,85.739,79.11600000000001,69.28750000000001,64.29999999999998,96.78313477952192,91.37486676528276,-0.1599999999999966,-0.0016528925619834212,-0.8024999999999949,-0.00899663677130036,-1.1369999999999862,-0.013087619135319195,-2.637999999999977,-0.032267534310247536,-4.372499999999988,-0.059360575617702804,-2.6880000000000166,-0.040126589836986026,10.804110154436756,0.12565983623969323,0.0,0.0
2026-07-23,96.64,88.39750000000001,85.739,79.11600000000001,69.28750000000001,64.29999999999998,96.70904784710804,91.37486676528276,0.0,0.0,0.0,0.0,0.0,0.0,0.0,0.0,0.0,0.0,0.0,0.0,-0.0740869324138771,-0.000765494242180198,0.0,0.0
2026-07-30,96.64,88.39750000000001,85.739,79.11600000000001,69.28750000000001,64.29999999999998,96.59749596783509,91.37486676528276,0.0,0.0,0.0,0.0,0.0,0.0,0.0,0.0,0.0,0.0,0.0,0.0,-0.11155187927295174,-0.0011534792427003726,0.0,0.0
2026-08-06,96.64,88.39750000000001,85.739,79.11600000000001,69.28750000000001,64.29999999999998,96.53480462342422,91.37486676528276,0.0,0.0,0.0,0.0,0.0,0.0,0.0,0.0,0.0,0.0,0.0,0.0,-0.06269134441086521,-0.0006489955436499439,0.0,0.0
2026-08-13,96.64,88.39750000000001,85.739,79.11600000000001,69.28750000000001,64.29999999999998,96.52284706121836,91.37486676528276,0.0,0.0,0.0,0.0,0.0,0.0,0.0,0.0,0.0,0.0,0.0,0.0,-0.011957562205864747,-0.00012386788632878787,0.0,0.0
2026-08-15,96.64,88.98499999999999,85.64,81.19,71.825,65.50999999999999,85.97902462508516,91.37486676528276,0.0,0.0,0.5874999999999773,0.006646115557566334,-0.09900000000000375,-0.0011546670709945417,2.073999999999984,0.026214672127003125,2.5374999999999943,0.036622767454447036,1.210000000000008,0.018818040435458983,-10.543822436133198,-0.10923654613550626,0.0,0.0
2026-08-20,96.64,88.39750000000001,85.739,79.11600000000001,69.28750000000001,64.29999999999998,96.34076741948316,91.37486676528276,0.0,0.0,-0.5874999999999773,-0.006602236331965772,0.09900000000000375,0.0011560018682859052,-2.073999999999984,-0.025545017859342045,-2.5374999999999943,-0.03532892446919589,-1.210000000000008,-0.018470462524805442,10.361742794397998,0.12051477484864215,0.0,0.0
2026-08-27,96.64,88.39750000000001,85.739,79.11600000000001,69.28750000000001,64.29999999999998,96.01897474675258,91.37486676528276,0.0,0.0,0.0,0.0,0.0,0.0,0.0,0.0,0.0,0.0,0.0,0.0,-0.3217926727305809,-0.0033401506065385833,0.0,0.0
2026-09-03,96.64,88.39750000000001,85.739,79.11600000000001,69.28750000000001,64.29999999999998,95.59718188669729,91.37486676528276,0.0,0.0,0.0,0.0,0.0,0.0,0.0,0.0,0.0,0.0,0.0,0.0,-0.42179286005529093,-0.004392807371332186,0.0,0.0
2026-09-10,96.64,88.39750000000001,85.739,79.11600000000001,69.28750000000001,64.29999999999998,94.9998657506071,91.37486676528276,0.0,0.0,0.0,0.0,0.0,0.0,0.0,0.0,0.0,0.0,0.0,0.0,-0.5973161360901855,-0.0062482609246591325,0.0,0.0
2026-09-15,95.8,89.375,83.08,78.764,69.43,64.109,85.97902462508516,91.37486676528276,-0.8400000000000034,-0.008692052980132536,0.977499999999992,0.011058005034078944,-2.659000000000006,-0.031012724664388536,-0.3520000000000181,-0.00444916325395639,0.1424999999999983,0.0020566480245354235,-0.1909999999999883,-0.0029704510108863325,-9.02084112552194,-0.09495635656163326,0.0,0.0
2026-09-17,96.64,88.39750000000001,85.739,79.11600000000001,69.28750000000001,64.29999999999998,94.348069337626,91.37486676528276,0.8400000000000034,0.008768267223381976,-0.977499999999992,-0.01093706293706287,2.659000000000006,0.032005296100144465,0.3520000000000181,0.004469046772637375,-0.1424999999999983,-0.002052426904796123,0.1909999999999883,0.0029793008781915375,8.369044712540841,0.09733821416367983,0.0,0.0
2026-09-24,96.64,88.39750000000001,85.739,79.11600000000001,69.28750000000001,64.29999999999998,93.77913289878158,91.37486676528276,0.0,0.0,0.0,0.0,0.0,0.0,0.0,0.0,0.0,0.0,0.0,0.0,-0.5689364388444176,-0.006030186339144539,0.0,0.0
